GeoID,County,State,Year,D_Etab,D_Emp,D_Pay,G_Etab,G_Emp,G_Pay,Pop_2010,D_Cap,G_Cap,FD_num_2010,FD_pct_2010
1003,Baldwin County,Alabama,2010,37,271,5046,25,1190,25820,182265,4926,7290,35211,19.32
1015,Calhoun County,Alabama,2010,30,207,3464,24,734,12338,118572,3952,4940,30901,26.06
1017,Chambers County,Alabama,2010,9,66,983,8,200,3634,34215,3801,4276,6748,19.72
1019,Cherokee County,Alabama,2010,9,43,755,4,114,1612,25989,2887,6497,79,0.31
1025,Clarke County,Alabama,2010,15,158,2467,7,252,4142,25833,1722,3690,5061,19.59
1039,Covington County,Alabama,2010,13,83,1428,9,284,5022,37765,2905,4196,3334,8.83
1045,Dale County,Alabama,2010,10,55,963,7,152,2544,50251,5025,7178,13847,27.56
1047,Dallas County,Alabama,2010,12,107,1383,11,250,4935,43820,3651,3983,7786,17.77
1051,Elmore County,Alabama,2010,14,105,1509,8,363,6083,79303,5664,9912,15012,18.93
1053,Escambia County,Alabama,2010,14,154,2261,6,255,4310,38319,2737,6386,5189,13.54
1055,Etowah County,Alabama,2010,25,205,3489,19,522,9510,104430,4177,5496,24779,23.73
1057,Fayette County,Alabama,2010,6,39,654,7,100,1538,17241,2873,2463,438,2.54
1063,Greene County,Alabama,2010,4,38,479,3,55,874,9045,2261,3015,3287,36.34
1071,Jackson County,Alabama,2010,12,79,1229,13,249,3856,53227,4435,4094,4855,9.12
1073,Jefferson County,Alabama,2010,98,965,14728,105,4835,93295,658466,6719,6271,209261,31.78
1089,Madison County,Alabama,2010,54,427,7659,35,2126,44675,334811,6200,9566,110052,32.87
1091,Marengo County,Alabama,2010,7,43,906,4,109,2240,21027,3003,5256,5587,26.57
1093,Marion County,Alabama,2010,10,42,767,4,85,1280,30776,3077,7694,538,1.75
1093,Wakulla County,Florida,2010,10,42,767,4,85,1280,30776,3077,7694,538,1.75
1095,Marshall County,Alabama,2010,22,170,2593,20,580,8163,93019,4228,4650,12814,13.78
1097,Mobile County,Alabama,2010,97,849,13932,58,2410,44913,412992,4257,7120,112774,27.31
1099,Monroe County,Alabama,2010,10,59,1181,6,159,2200,23068,2306,3844,7149,30.99
1101,Montgomery County,Alabama,2010,36,369,5621,33,1441,28812,229363,6371,6950,64260,28.02
1103,Morgan County,Alabama,2010,27,202,3090,20,634,12716,119490,4425,5974,14010,11.72
1107,Pickens County,Alabama,2010,10,85,1259,4,142,1960,19746,1974,4936,851,4.31
1109,Pike County,Alabama,2010,5,41,709,8,255,4358,32899,6579,4112,3733,11.35
1111,Randolph County,Alabama,2010,6,43,644,4,113,1943,22913,3818,5728,1061,4.63
1113,Russell County,Alabama,2010,15,139,2121,8,369,6074,52947,3529,6618,8512,16.08
1117,Shelby County,Alabama,2010,24,204,3864,26,1403,29517,195085,8128,7503,52014,26.66
1121,Talladega County,Alabama,2010,24,181,2626,10,341,6425,82291,3428,8229,12352,15.01
1123,Tallapoosa County,Alabama,2010,12,104,1460,6,239,4707,41616,3468,6936,4598,11.05
1125,Tuscaloosa County,Alabama,2010,33,300,4733,27,1342,26500,194656,5898,7209,39478,20.28
1131,Wilcox County,Alabama,2010,6,31,529,10,80,1273,11670,1945,1167,5173,44.33
2050,Bethel Census Area,Alaska,2010,15,356,4333,24,413,6419,17013,1134,708,13273,78.01
2110,Juneau City and Borough,Alaska,2010,3,38,961,7,376,8867,31275,10425,4467,10138,32.42
2122,Kenai Peninsula Borough,Alaska,2010,5,51,1160,20,644,17851,55400,11080,2770,11290,20.38
4001,Apache County,Arizona,2010,12,75,1509,11,332,6217,71518,5959,6501,46747,65.36
4003,Cochise County,Arizona,2010,28,192,3202,15,996,19343,131346,4690,8756,51625,39.3
4005,Coconino County,Arizona,2010,14,111,2078,17,1332,24732,134421,9601,7907,40657,30.25
4009,Graham County,Arizona,2010,3,25,359,8,341,5892,37220,12406,4652,11663,31.33
4013,Maricopa County,Arizona,2010,219,2349,39616,494,37913,670315,3817117,17429,7726,492281,12.9
4017,Navajo County,Arizona,2010,20,149,2376,16,731,15449,107449,5372,6715,35575,33.11
4019,Pima County,Arizona,2010,80,694,12041,120,9243,172176,980263,12253,8168,232208,23.69
4021,Pinal County,Arizona,2010,25,216,3589,31,2309,36046,375770,15030,12121,65190,17.35
4023,Santa Cruz County,Arizona,2010,15,63,1124,8,269,6110,47420,3161,5927,13052,27.52
4027,Yuma County,Arizona,2010,21,185,2898,35,1329,23356,195751,9321,5592,43753,22.35
5003,Ashley County,Arkansas,2010,9,87,1115,6,109,1943,21853,2428,3642,4342,19.87
5005,Baxter County,Arkansas,2010,6,42,683,8,272,4220,41513,6918,5189,4980,12.0
5007,Benton County,Arkansas,2010,28,212,3521,28,942,19088,221339,7904,7904,43591,19.69
5009,Boone County,Arkansas,2010,9,95,1362,4,183,3229,36903,4100,9225,11075,30.01
5009,Miami County,Indiana,2010,9,95,1362,4,183,3229,36903,4100,9225,11075,30.01
5031,Craighead County,Arkansas,2010,21,147,2499,19,492,8794,96443,4592,5075,24130,25.02
5033,Crawford County,Arkansas,2010,12,107,1649,9,184,3168,61948,5162,6883,13071,21.1
5035,Crittenden County,Arkansas,2010,12,98,1373,10,362,5713,50902,4241,5090,6121,12.03
5051,Garland County,Arkansas,2010,18,147,2308,14,463,9832,96024,5334,6858,30262,31.52
5063,Independence County,Arkansas,2010,10,70,1036,6,119,2717,36647,3664,6107,6847,18.68
5065,Izard County,Arkansas,2010,7,49,584,4,106,1460,13696,1956,3424,810,5.92
5069,Jefferson County,Arkansas,2010,18,179,2914,15,477,8948,77435,4301,5162,13186,17.03
5091,Miller County,Arkansas,2010,10,62,1035,9,278,4530,43462,4346,4829,10974,25.25
5093,Mississippi County,Arkansas,2010,12,111,1708,15,351,6219,46480,3873,3098,6002,12.91
5119,Pulaski County,Arkansas,2010,51,497,7886,60,2614,57930,382748,7504,6379,116978,30.56
5123,St. Francis County,Arkansas,2010,7,57,731,7,109,1709,28258,4036,4036,8547,30.24
5139,Union County,Arkansas,2010,11,89,1190,9,223,4049,41639,3785,4626,9035,21.7
5143,Washington County,Arkansas,2010,28,176,3130,28,1513,26506,203065,7252,7252,40441,19.92
6001,Alameda County,California,2010,53,798,12612,371,11780,337487,1510271,28495,4070,160425,10.62
6007,Butte County,California,2010,14,205,3287,50,1708,48401,220000,15714,4400,48749,22.16
6013,Contra Costa County,California,2010,41,575,9952,204,8745,249529,1049025,25585,5142,206022,19.64
6015,Del Norte County,California,2010,3,11,233,9,258,5110,28610,9536,3178,7755,27.11
6017,El Dorado County,California,2010,7,105,2052,33,1707,48814,181058,25865,5486,50566,27.93
6019,Fresno County,California,2010,52,682,9773,216,5172,140848,930450,17893,4307,113632,12.21
6023,Humboldt County,California,2010,18,122,2152,42,1480,36153,134623,7479,3205,21978,16.33
6029,Kern County,California,2010,53,600,9292,193,5265,123214,839631,15842,4350,128065,15.25
6031,Kings County,California,2010,8,96,1197,33,688,16363,152982,19122,4635,32733,21.4
6037,Los Angeles County,California,2010,583,7272,142094,2024,70433,1821874,9818605,16841,4851,613459,6.25
6039,Madera County,California,2010,7,95,1124,34,1015,28445,150865,21552,4437,29906,19.82
6041,Marin County,California,2010,13,106,2323,60,3181,101018,252409,19416,4206,41396,16.4
6045,Mendocino County,California,2010,11,79,1365,49,1312,35964,87841,7985,1792,15812,18.0
6047,Merced County,California,2010,12,160,2397,55,1246,36166,255793,21316,4650,36594,14.31
6053,Monterey County,California,2010,24,231,3899,107,3026,87980,415057,17294,3879,49442,11.91
6057,Nevada County,California,2010,5,37,704,27,1137,32522,98764,19752,3657,23640,23.94
6059,Orange County,California,2010,134,1717,31782,535,23489,615868,3010232,22464,5626,220587,7.33
6061,Placer County,California,2010,14,218,4362,58,3206,96959,348432,24888,6007,53006,15.21
6065,Riverside County,California,2010,89,1317,21801,342,14331,373082,2189641,24602,6402,433981,19.82
6067,Sacramento County,California,2010,55,1043,16981,249,10011,290775,1418788,25796,5697,190246,13.41
6071,San Bernardino County,California,2010,104,1529,29863,335,12996,330746,2035210,19569,6075,454074,22.31
6073,San Diego County,California,2010,126,1950,34160,622,22924,584033,3095313,24565,4976,456714,14.76
6075,San Francisco County,California,2010,33,274,6216,327,6930,196435,805235,24401,2462,26692,3.31
6077,San Joaquin County,California,2010,21,500,7660,160,4225,126732,685306,32633,4283,77979,11.38
6081,San Mateo County,California,2010,22,452,10241,162,6595,190033,718451,32656,4434,82647,11.5
6083,Santa Barbara County,California,2010,19,253,3903,123,3691,96523,423895,22310,3446,58464,13.79
6085,Santa Clara County,California,2010,62,720,12895,343,14135,392430,1781642,28736,5194,170081,9.55
6087,Santa Cruz County,California,2010,10,127,2294,73,2880,75478,262382,26238,3594,42380,16.15
6089,Shasta County,California,2010,13,161,2578,36,1430,39276,177223,13632,4922,40860,23.06
6095,Solano County,California,2010,15,291,4417,73,2722,76007,413344,27556,5662,92520,22.38
6097,Sonoma County,California,2010,25,272,5011,129,5224,148446,483878,19355,3750,79444,16.42
6099,Stanislaus County,California,2010,25,434,6373,135,3793,102444,514453,20578,3810,68988,13.41
6107,Tulare County,California,2010,29,352,4918,110,2207,55193,442179,15247,4019,63227,14.3
6111,Ventura County,California,2010,59,748,13946,163,6170,164031,823318,13954,5051,127283,15.46
6113,Yolo County,California,2010,7,114,1962,44,1556,40703,200849,28692,4564,18875,9.4
8005,Arapahoe County,Colorado,2010,31,379,6538,75,4289,125878,572003,18451,7626,97261,17.0
8013,Boulder County,Colorado,2010,12,123,2219,52,2870,80729,294567,24547,5664,45863,15.57
8035,Douglas County,Colorado,2010,4,34,763,23,2089,57781,285465,71366,12411,52932,18.54
8037,Eagle County,Colorado,2010,6,30,569,14,529,18365,52197,8699,3728,7969,15.27
8043,Fremont County,Colorado,2010,7,43,665,6,170,5112,46824,6689,7804,14902,31.83
8069,Larimer County,Colorado,2010,8,79,1254,30,2084,56966,299630,37453,9987,67259,22.45
8087,Morgan County,Colorado,2010,5,27,477,5,151,3206,28159,5631,5631,3336,11.85
8099,Prowers County,Colorado,2010,4,79,3028,4,84,1849,12551,3137,3137,3793,30.22
8123,Weld County,Colorado,2010,17,116,2281,32,1163,30658,252825,14872,7900,38751,15.33
9001,Fairfield County,Connecticut,2010,41,223,4123,205,9384,261112,916829,22361,4472,262579,28.64
9003,Hartford County,Connecticut,2010,75,740,13969,211,9714,227932,894014,11920,4237,281196,31.45
9005,Litchfield County,Connecticut,2010,9,64,1376,43,2231,52015,189927,21103,4416,30056,15.83
9007,Middlesex County,Connecticut,2010,10,112,2412,38,1568,41622,165676,16567,4359,55378,33.43
9009,New Haven County,Connecticut,2010,67,581,11760,187,8180,190181,862477,12872,4612,252394,29.26
9011,New London County,Connecticut,2010,23,255,5339,46,2540,58935,274055,11915,5957,78554,28.66
9013,Tolland County,Connecticut,2010,5,31,716,24,1499,31720,152691,30538,6362,50030,32.77
10001,Kent County,Delaware,2010,21,217,3362,17,873,17765,162310,7729,9547,31140,19.19
10003,New Castle County,Delaware,2010,42,388,6200,84,4088,102356,538479,12820,6410,164990,30.64
10005,Sussex County,Delaware,2010,42,348,5512,49,1610,37448,197145,4693,4023,34073,17.28
11001,District of Columbia,District of Columbia,2010,24,140,2959,174,4432,123025,601723,25071,3458,16971,2.82
11001,District of Columbia,District of Columbia,2010,24,140,2959,174,4432,123025,601723,25071,3458,16971,2.82
12001,Alachua County,Florida,2010,24,200,3680,46,3065,56618,247336,10305,5376,49066,19.84
12003,Baker County,Florida,2010,4,32,513,7,164,2954,27115,6778,3873,9154,33.76
12011,Broward County,Florida,2010,136,962,16979,368,16609,361122,1748066,12853,4750,196467,11.24
12019,Clay County,Florida,2010,21,161,2470,27,1506,29223,190865,9088,7069,44093,23.1
12021,Collier County,Florida,2010,17,145,2686,59,3241,80238,321520,18912,5449,90021,28.0
12027,DeSoto County,Florida,2010,3,25,367,5,164,3187,34862,11620,6972,3913,11.22
12031,Duval County,Florida,2010,106,961,15816,200,7247,149231,864263,8153,4321,215253,24.91
12033,Escambia County,Florida,2010,44,333,5737,49,1612,33126,297619,6764,6073,118775,39.91
12055,Highlands County,Florida,2010,13,111,1617,19,729,14159,98786,7598,5199,36950,37.4
12057,Hillsborough County,Florida,2010,105,892,15263,283,10553,211055,1229226,11706,4343,309584,25.19
12063,Jackson County,Florida,2010,16,104,1691,7,219,3973,49746,3109,7106,3390,6.81
12071,Lee County,Florida,2010,50,406,7758,116,5872,131703,618754,12375,5334,173208,27.99
12075,Levy County,Florida,2010,10,60,1050,10,311,5127,40801,4080,4080,3954,9.69
12079,Madison County,Florida,2010,6,43,552,3,138,2761,19224,3204,6408,4279,22.26
12081,Manatee County,Florida,2010,35,259,4413,58,2924,60217,322833,9223,5566,74392,23.04
12086,Miami-Dade County,Florida,2010,289,1303,24345,605,20952,432236,2496435,8638,4126,162697,6.52
12095,Orange County,Florida,2010,102,815,14661,236,8992,189551,1145956,11234,4855,224405,19.58
12101,Pasco County,Florida,2010,49,394,6039,71,3873,75251,464697,9483,6545,103438,22.26
12103,Pinellas County,Florida,2010,93,734,12152,189,9508,191130,916542,9855,4849,160837,17.55
12107,Putnam County,Florida,2010,15,103,1828,12,493,9101,74364,4957,6197,18371,24.7
12115,Sarasota County,Florida,2010,26,225,3613,72,3936,84424,379448,14594,5270,105119,27.7
12119,Sumter County,Florida,2010,9,55,845,16,605,12149,93420,10380,5838,9896,10.59
12121,Suwannee County,Florida,2010,6,52,794,8,206,4119,41551,6925,5193,7180,17.28
13009,Baldwin County,Georgia,2010,10,78,1287,10,286,5159,45720,4572,4572,8230,18.0
13017,Ben Hill County,Georgia,2010,3,27,404,4,103,1563,17634,5878,4408,3939,22.34
13021,Bibb County,Georgia,2010,30,310,4823,42,1319,28246,155547,5184,3703,35466,22.8
13031,Bulloch County,Georgia,2010,11,93,1454,7,267,4280,70217,6383,10031,10800,15.38
13033,Burke County,Georgia,2010,4,29,409,3,112,1717,23316,5829,7772,2235,9.59
13039,Camden County,Georgia,2010,7,41,701,6,271,4959,50513,7216,8418,18301,36.23
13045,Carroll County,Georgia,2010,24,185,3023,24,922,17126,110527,4605,4605,27518,24.9
13051,Chatham County,Georgia,2010,29,288,4644,49,2002,40709,265128,9142,5410,52409,19.77
13059,Clarke County,Georgia,2010,13,109,1902,19,895,19198,116714,8978,6142,42684,36.57
13063,Clayton County,Georgia,2010,34,276,4335,47,1355,28496,259424,7630,5519,102802,39.63
13071,Colquitt County,Georgia,2010,12,99,1335,12,188,3664,45498,3791,3791,8478,18.63
13085,Dawson County,Georgia,2010,4,28,410,4,260,5391,22330,5582,5582,0,0.0
13089,DeKalb County,Georgia,2010,70,616,9872,145,5980,123892,691893,9884,4771,181655,26.25
13091,Dodge County,Georgia,2010,5,33,552,9,122,1951,21796,4359,2421,440,2.02
13095,Dougherty County,Georgia,2010,21,223,3324,24,844,14453,94565,4503,3940,39406,41.67
13099,Early County,Georgia,2010,6,34,591,5,106,1625,11008,1834,2201,1070,9.72
13103,Effingham County,Georgia,2010,8,58,943,5,215,3662,52250,6531,10450,6349,12.15
13107,Emanuel County,Georgia,2010,7,47,715,6,92,1338,22598,3228,3766,6645,29.41
13111,Fannin County,Georgia,2010,8,65,1017,10,272,4786,23682,2960,2368,28,0.12
13113,Fayette County,Georgia,2010,6,62,1042,14,1123,24847,106567,17761,7611,42925,40.28
13119,Franklin County,Georgia,2010,9,59,881,7,174,2876,22084,2453,3154,715,3.24
13127,Glynn County,Georgia,2010,15,132,1940,21,693,14478,79626,5308,3791,21864,27.46
13131,Grady County,Georgia,2010,7,42,718,3,116,2096,25011,3573,8337,2634,10.53
13135,Gwinnett County,Georgia,2010,58,438,7042,151,6135,141631,805321,13884,5333,260733,32.38
13137,Habersham County,Georgia,2010,13,95,1642,7,358,6208,43041,3310,6148,9084,21.11
13139,Hall County,Georgia,2010,19,147,2487,36,1352,29578,179684,9457,4991,51370,28.59
13143,Haralson County,Georgia,2010,6,27,398,6,91,1437,28780,4796,4796,1099,3.82
13147,Hart County,Georgia,2010,4,28,392,5,177,2910,25213,6303,5042,832,3.3
13147,Wasco County,Oregon,2010,4,28,392,5,177,2910,25213,6303,5042,832,3.3
13151,Henry County,Georgia,2010,23,192,2921,28,1439,30620,203922,8866,7282,70656,34.65
13153,Houston County,Georgia,2010,20,145,2401,23,1014,20397,139900,6995,6082,50674,36.22
13157,Jackson County,Georgia,2010,10,60,932,8,487,10409,60485,6048,7560,584,0.97
13163,Jefferson County,Georgia,2010,10,62,873,7,213,3426,16930,1693,2418,336,1.99
13175,Laurens County,Georgia,2010,15,116,1866,11,418,7215,48434,3228,4403,4791,9.89
13179,Liberty County,Georgia,2010,10,91,1496,8,211,3569,63453,6345,7931,24802,39.09
13185,Lowndes County,Georgia,2010,21,186,3095,13,623,12246,109233,5201,8402,22947,21.01
13199,Meriwether County,Georgia,2010,8,58,886,7,184,3019,21992,2749,3141,321,1.46
13215,Muscogee County,Georgia,2010,31,330,5954,39,1376,29886,189885,6125,4868,62464,32.9
13217,Newton County,Georgia,2010,14,118,1889,18,740,14918,99958,7139,5553,25557,25.57
13227,Pickens County,Georgia,2010,6,34,571,6,297,5748,29431,4905,4905,1813,6.16
13233,Polk County,Georgia,2010,8,67,1060,7,227,5075,41475,5184,5925,4735,11.42
13245,Richmond County,Georgia,2010,38,366,5167,35,1210,22144,200549,5277,5729,67308,33.56
13247,Rockdale County,Georgia,2010,10,83,1516,21,816,17452,85215,8521,4057,39854,46.77
13251,Screven County,Georgia,2010,4,39,470,3,119,1643,14593,3648,4864,3131,21.45
13253,Seminole County,Georgia,2010,3,27,424,4,85,1252,8729,2909,2182,641,7.34
13253,Benton County,Mississippi,2010,3,27,424,4,85,1252,8729,2909,2182,641,7.34
13255,Spalding County,Georgia,2010,10,132,1817,12,479,8677,64073,6407,5339,10916,17.04
13261,Sumter County,Georgia,2010,10,76,1024,8,214,3569,32819,3281,4102,7427,22.63
13273,Terrell County,Georgia,2010,3,26,377,4,86,1347,9315,3105,2328,116,1.25
13273,Crittenden County,Kentucky,2010,3,26,377,4,86,1347,9315,3105,2328,116,1.25
13275,Thomas County,Georgia,2010,13,130,1811,7,296,5725,44720,3440,6388,12043,26.93
13277,Tift County,Georgia,2010,12,91,1344,7,185,3453,40118,3343,5731,3927,9.79
13279,Toombs County,Georgia,2010,8,67,1009,6,180,2505,27223,3402,4537,4540,16.68
13293,Upson County,Georgia,2010,4,34,476,9,175,2552,27153,6788,3017,4930,18.15
13297,Walton County,Georgia,2010,10,73,1157,8,498,9687,83768,8376,10471,15470,18.47
13303,Washington County,Georgia,2010,3,25,345,3,104,1525,21187,7062,7062,5635,26.6
15001,Hawaii County,Hawaii,2010,10,97,1273,38,1897,46883,185079,18507,4870,68849,37.2
15009,Maui County,Hawaii,2010,8,42,908,40,1746,44144,154834,19354,3870,55755,36.01
16005,Bannock County,Idaho,2010,8,54,1034,9,378,8069,82839,10354,9204,25194,30.41
16017,Bonner County,Idaho,2010,5,39,663,13,281,6123,40877,8175,3144,7651,18.72
16027,Canyon County,Idaho,2010,16,204,3266,21,714,16409,188923,11807,8996,39744,21.04
16055,Kootenai County,Idaho,2010,7,70,1019,18,882,19929,138494,19784,7694,34524,24.93
16069,Nez Perce County,Idaho,2010,3,68,1223,10,373,9029,39265,13088,3926,6993,17.81
16083,Twin Falls County,Idaho,2010,9,153,2026,17,545,11543,77230,8581,4542,7226,9.36
17019,Champaign County,Illinois,2010,13,196,3290,32,1346,22546,201081,15467,6283,29430,14.64
17021,Christian County,Illinois,2010,5,42,742,9,226,3429,34800,6960,3866,3502,10.06
17029,Coles County,Illinois,2010,8,78,1106,5,272,3613,53873,6734,10774,7996,14.84
17031,Cook County,Illinois,2010,445,2913,52913,1463,39767,857910,5194675,11673,3550,415200,7.99
17043,DuPage County,Illinois,2010,43,354,6503,174,7778,165860,916924,21323,5269,250485,27.32
17049,Effingham County,Illinois,2010,7,36,649,8,336,5165,34242,4891,4280,5860,17.11
17053,Ford County,Illinois,2010,5,71,1252,3,148,2031,14081,2816,4693,2583,18.35
17073,Henry County,Illinois,2010,8,135,2232,14,242,3709,50486,6310,3606,9452,18.72
17077,Jackson County,Illinois,2010,6,58,846,11,455,9573,60218,10036,5474,14240,23.65
17089,Kane County,Illinois,2010,28,402,6475,79,3463,69011,515269,18402,6522,101403,19.68
17097,Lake County,Illinois,2010,43,297,5347,124,5204,109666,703462,16359,5673,254430,36.17
17099,LaSalle County,Illinois,2010,15,254,4300,25,1009,17283,113924,7594,4556,26677,23.42
17103,Lee County,Illinois,2010,5,35,485,6,139,2089,36031,7206,6005,3793,10.53
17107,Logan County,Illinois,2010,7,53,1009,4,142,2781,30305,4329,7576,9652,31.85
17109,McDonough County,Illinois,2010,5,112,1467,5,339,5859,32612,6522,6522,9394,28.81
17111,McHenry County,Illinois,2010,19,264,4364,50,1961,37395,308760,16250,6175,133011,43.08
17113,McLean County,Illinois,2010,14,179,3302,28,1055,20207,169572,12112,6056,46403,27.36
17115,Macon County,Illinois,2010,16,188,3359,14,490,10827,110768,6923,7912,33167,29.94
17119,Madison County,Illinois,2010,30,287,5281,50,2035,42417,269282,8976,5385,85509,31.75
17121,Marion County,Illinois,2010,7,70,1356,6,153,2408,39437,5633,6572,10003,25.36
17137,Morgan County,Illinois,2010,5,76,1026,5,168,2637,35547,7109,7109,8930,25.12
17143,Peoria County,Illinois,2010,21,225,4453,47,1214,28845,186494,8880,3967,55265,29.63
17145,Perry County,Illinois,2010,4,21,316,4,119,2497,22350,5587,5587,4609,20.62
17163,St. Clair County,Illinois,2010,30,252,4232,43,1553,34862,270056,9001,6280,112883,41.8
17173,Shelby County,Illinois,2010,4,11,248,4,104,1301,22363,5590,5590,3527,15.77
17183,Vermilion County,Illinois,2010,17,296,5097,14,546,8633,81625,4801,5830,14337,17.56
17189,Washington County,Illinois,2010,5,53,1119,8,88,1329,14716,2943,1839,1629,11.07
17197,Will County,Illinois,2010,35,281,4915,93,4260,83837,677560,19358,7285,242455,35.78
17201,Winnebago County,Illinois,2010,37,433,7629,54,2043,49656,295266,7980,5467,72887,24.69
18001,Adams County,Indiana,2010,6,34,566,6,169,2991,34387,5731,5731,2455,7.14
18017,Cass County,Indiana,2010,7,64,884,8,238,3929,38966,5566,4870,1592,4.09
18019,Clark County,Indiana,2010,19,151,2541,20,632,11985,110232,5801,5511,23781,21.57
18023,Clinton County,Indiana,2010,5,40,622,7,128,1844,33224,6644,4746,1331,4.01
18029,Dearborn County,Indiana,2010,6,50,739,6,238,5000,50047,8341,8341,13205,26.39
18033,DeKalb County,Indiana,2010,8,30,599,8,224,4751,42223,5277,5277,11734,27.79
18039,Elkhart County,Indiana,2010,23,189,2843,37,1359,26008,197559,8589,5339,38971,19.73
18045,Fountain County,Indiana,2010,6,49,812,4,225,2811,17240,2873,4310,643,3.73
18047,Franklin County,Indiana,2010,4,45,631,10,169,2141,23087,5771,2308,2095,9.07
18051,Gibson County,Indiana,2010,7,55,733,6,215,2914,33503,4786,5583,3461,10.33
18053,Grant County,Indiana,2010,11,91,1459,7,305,4735,70061,6369,10008,14392,20.54
18057,Hamilton County,Indiana,2010,12,91,1749,36,2024,39206,274569,22880,7626,95377,34.74
18063,Hendricks County,Indiana,2010,12,100,1695,11,593,12615,145448,12120,13222,53660,36.89
18065,Henry County,Indiana,2010,6,56,697,9,202,3938,49462,8243,5495,2249,4.55
18067,Howard County,Indiana,2010,15,116,1717,11,444,9069,82752,5516,7522,25625,30.97
18077,Jefferson County,Indiana,2010,6,59,910,7,160,3241,32428,5404,4632,4773,14.72
18081,Johnson County,Indiana,2010,14,91,1388,10,581,11073,139654,9975,13965,42603,30.51
18085,Kosciusko County,Indiana,2010,14,103,1617,12,404,7673,77358,5525,6446,17486,22.6
18087,LaGrange County,Indiana,2010,6,59,1204,7,155,2910,37128,6188,5304,522,1.41
18089,Lake County,Indiana,2010,58,500,7859,80,3706,74117,496005,8551,6200,138588,27.94
18091,LaPorte County,Indiana,2010,15,105,1550,18,657,11441,111467,7431,6192,20849,18.7
18095,Madison County,Indiana,2010,17,154,2521,24,875,15866,131636,7743,5484,32821,24.93
18097,Marion County,Indiana,2010,112,923,15627,146,5255,112461,903393,8066,6187,226700,25.09
18099,Marshall County,Indiana,2010,10,64,865,11,276,4999,47051,4705,4277,7428,15.79
18105,Monroe County,Indiana,2010,10,80,1338,21,1143,21041,137974,13797,6570,27358,19.83
18107,Montgomery County,Indiana,2010,6,68,922,7,255,5184,38124,6354,5446,4577,12.01
18109,Morgan County,Indiana,2010,8,64,997,10,453,8584,68894,8611,6889,12320,17.88
18123,Perry County,Indiana,2010,3,23,341,4,98,1178,19338,6446,4834,5305,27.43
18127,Porter County,Indiana,2010,10,81,1191,14,827,15346,164343,16434,11738,63748,38.79
18137,Ripley County,Indiana,2010,7,40,665,10,347,5595,28818,4116,2881,732,2.54
18151,Steuben County,Indiana,2010,8,86,837,6,98,1223,34185,4273,5697,7252,21.21
18163,Vanderburgh County,Indiana,2010,27,189,3408,34,1308,25458,179703,6655,5285,35571,19.79
18167,Vigo County,Indiana,2010,18,168,3087,17,750,14921,107848,5991,6344,29116,27.0
18169,Wabash County,Indiana,2010,5,41,559,5,186,3141,32888,6577,6577,2760,8.39
18175,Washington County,Indiana,2010,7,32,585,6,203,2348,28262,4037,4710,2753,9.74
19005,Allamakee County,Iowa,2010,3,40,719,5,215,3049,14330,4776,2866,2728,19.04
19013,Black Hawk County,Iowa,2010,13,175,2818,22,1382,24025,131090,10083,5958,31222,23.82
19037,Chickasaw County,Iowa,2010,3,41,789,3,105,1184,12439,4146,4146,1835,14.75
19045,Clinton County,Iowa,2010,10,168,2987,8,498,8492,49116,4911,6139,10207,20.78
19049,Dallas County,Iowa,2010,7,77,1280,8,860,16906,66135,9447,8266,3414,5.16
19061,Dubuque County,Iowa,2010,11,181,3103,14,1342,21337,93653,8513,6689,18161,19.39
19097,Jackson County,Iowa,2010,4,47,760,4,124,1823,19848,4962,4962,4068,20.5
19125,Marion County,Iowa,2010,6,62,888,6,357,5903,33309,5551,5551,4678,14.04
19127,Marshall County,Iowa,2010,6,75,1534,8,427,7637,40648,6774,5081,9547,23.49
19141,O'Brien County,Iowa,2010,4,47,872,7,222,3039,14398,3599,2056,3105,21.57
19153,Polk County,Iowa,2010,28,231,4166,64,5505,102413,430640,15380,6728,87818,20.39
19155,Pottawattamie County,Iowa,2010,9,89,1205,12,917,17214,93158,10350,7763,35079,37.66
19187,Webster County,Iowa,2010,4,54,664,5,384,7045,38013,9503,7602,8414,22.14
19189,Winnebago County,Iowa,2010,4,60,881,3,150,1835,10866,2716,3622,1920,17.67
19189,Lake County,Minnesota,2010,4,60,881,3,150,1835,10866,2716,3622,1920,17.67
19197,Wright County,Iowa,2010,4,37,537,5,177,2161,13229,3307,2645,887,6.71
20005,Atchison County,Kansas,2010,3,25,469,3,107,1169,16924,5641,5641,3503,20.7
20021,Cherokee County,Kansas,2010,6,39,607,4,85,1065,21603,3600,5400,3501,16.21
20057,Ford County,Kansas,2010,5,43,838,5,151,2227,33848,6769,6769,10833,32.01
20091,Johnson County,Kansas,2010,24,225,3232,63,5401,113607,544179,22674,8637,119671,21.99
20121,Miami County,Kansas,2010,6,70,1165,3,207,3567,32787,5464,10929,3482,10.62
20131,Nemaha County,Kansas,2010,5,51,868,7,221,2275,10178,2035,1454,1537,15.11
20155,Reno County,Kansas,2010,8,80,1980,13,472,8128,64511,8063,4962,17367,26.92
20159,Rice County,Kansas,2010,4,50,885,5,84,1178,10083,2520,2016,1886,18.71
20177,Shawnee County,Kansas,2010,15,126,2155,28,1452,24564,177934,11862,6354,47825,26.88
20209,Wyandotte County,Kansas,2010,19,143,2616,22,736,15991,157505,8289,7159,48750,30.95
21003,Allen County,Kentucky,2010,5,50,810,4,82,1272,19956,3991,4989,246,1.23
21009,Barren County,Kentucky,2010,16,128,1677,10,207,2719,42173,2635,4217,3266,7.74
21013,Bell County,Kentucky,2010,10,69,1282,10,334,5910,28691,2869,2869,5967,20.8
21017,Bourbon County,Kentucky,2010,3,22,319,4,116,1579,19985,6661,4996,1505,7.53
21019,Boyd County,Kentucky,2010,9,80,1354,9,386,7484,49542,5504,5504,13022,26.28
21021,Boyle County,Kentucky,2010,11,103,1674,7,198,4094,28432,2584,4061,6698,23.56
21037,Campbell County,Kentucky,2010,11,88,1592,17,955,20631,90336,8212,5313,27900,30.88
21045,Casey County,Kentucky,2010,3,37,697,8,84,1185,15955,5318,1994,968,6.07
21067,Fayette County,Kentucky,2010,26,188,3248,51,2317,52404,295803,11377,5800,45675,15.44
21085,Grayson County,Kentucky,2010,8,48,778,6,60,833,25746,3218,4291,5883,22.85
21095,Harlan County,Kentucky,2010,11,60,1089,9,309,5405,29278,2661,3253,5086,17.37
21111,Jefferson County,Kentucky,2010,80,719,13351,137,5903,132203,741096,9263,5409,131566,17.75
21117,Kenton County,Kentucky,2010,14,125,1899,25,1221,24490,159720,11408,6388,52175,32.67
21123,Larue County,Kentucky,2010,5,43,840,4,70,1014,14193,2838,3548,211,1.49
21125,Laurel County,Kentucky,2010,16,104,2022,13,339,7770,58849,3678,4526,6537,11.11
21127,Lawrence County,Kentucky,2010,5,30,435,3,125,1746,15860,3172,5286,1775,11.19
21133,Letcher County,Kentucky,2010,7,41,623,7,222,3410,24519,3502,3502,0,0.0
21155,Marion County,Kentucky,2010,4,24,397,3,146,2584,19820,4955,6606,468,2.36
21161,Mason County,Kentucky,2010,5,41,732,6,174,4128,17490,3498,2915,2176,12.44
21173,Montgomery County,Kentucky,2010,6,50,857,5,161,3834,26499,4416,5299,5751,21.7
21199,Pulaski County,Kentucky,2010,18,168,2983,20,370,7799,63063,3503,3153,8831,14.0
21205,Rowan County,Kentucky,2010,6,43,837,7,251,5315,23333,3888,3333,1624,6.96
21207,Russell County,Kentucky,2010,6,50,591,4,151,2909,17565,2927,4391,428,2.43
22001,Acadia Parish,Louisiana,2010,16,102,1619,23,489,7945,61773,3860,2685,1051,1.7
22003,Allen Parish,Louisiana,2010,12,87,1320,4,132,1616,25764,2147,6441,9454,36.7
22005,Ascension Parish,Louisiana,2010,15,134,2126,20,722,12892,107215,7147,5360,42579,39.71
22009,Avoyelles Parish,Louisiana,2010,21,120,1968,12,205,3309,42073,2003,3506,8825,20.98
22017,Caddo Parish,Louisiana,2010,39,316,5991,30,1620,32323,254969,6537,8498,84385,33.1
22019,Calcasieu Parish,Louisiana,2010,46,311,5356,31,1270,22417,192768,4190,6218,42273,21.93
22021,Caldwell Parish,Louisiana,2010,3,22,433,7,368,5667,10132,3377,1447,1135,11.2
22033,East Baton Rouge Parish,Louisiana,2010,60,485,8658,128,3885,65118,440171,7336,3438,124309,28.24
22039,Evangeline Parish,Louisiana,2010,9,52,878,16,184,2388,33984,3776,2124,5506,16.2
22041,Franklin Parish,Louisiana,2010,5,35,520,5,171,2803,20767,4153,4153,2200,10.59
22045,Iberia Parish,Louisiana,2010,17,128,2071,20,557,11564,73240,4308,3662,11815,16.13
22047,Iberville Parish,Louisiana,2010,7,49,948,12,209,3547,33387,4769,2782,5139,15.39
22051,Jefferson Parish,Louisiana,2010,52,537,9876,99,3826,76856,432552,8318,4369,52281,12.09
22053,Jefferson Davis Parish,Louisiana,2010,7,42,753,9,154,2796,31594,4513,3510,2291,7.25
22055,Lafayette Parish,Louisiana,2010,39,274,4857,57,2066,35484,221578,5681,3887,57407,25.91
22063,Livingston Parish,Louisiana,2010,18,135,2459,17,629,11095,128026,7112,7530,24585,19.2
22067,Morehouse Parish,Louisiana,2010,6,44,803,5,161,3605,27979,4663,5595,6896,24.65
22069,Natchitoches Parish,Louisiana,2010,6,45,758,8,220,4079,39566,6594,4945,10794,27.28
22071,Orleans Parish,Louisiana,2010,31,301,5444,139,2082,41819,343829,11091,2473,87617,25.48
22073,Ouachita Parish,Louisiana,2010,30,266,4095,23,951,17715,153720,5124,6683,63892,41.56
22085,Sabine Parish,Louisiana,2010,6,45,812,7,244,5155,24233,4038,3461,6385,26.35
22087,St. Bernard Parish,Louisiana,2010,12,123,2266,10,287,5148,35897,2991,3589,15392,42.88
22089,St. Charles Parish,Louisiana,2010,8,68,1003,8,304,5225,52780,6597,6597,29520,55.93
22093,St. James Parish,Louisiana,2010,5,41,624,6,217,3934,22102,4420,3683,4399,19.9
22095,St. John the Baptist Parish,Louisiana,2010,9,87,1409,11,257,4516,45924,5102,4174,20009,43.57
22097,St. Landry Parish,Louisiana,2010,26,165,2794,29,693,12485,83384,3207,2875,11479,13.77
22099,St. Martin Parish,Louisiana,2010,9,69,1029,16,374,7757,52160,5795,3260,3989,7.65
22101,St. Mary Parish,Louisiana,2010,12,78,1333,15,450,7988,54650,4554,3643,13658,24.99
22103,St. Tammany Parish,Louisiana,2010,40,316,5402,35,1896,37985,233740,5843,6678,59880,25.62
22105,Tangipahoa Parish,Louisiana,2010,31,293,4388,24,1061,16772,121097,3906,5045,33649,27.79
22109,Terrebonne Parish,Louisiana,2010,23,171,2799,17,923,17527,111860,4863,6580,33017,29.52
22111,Union Parish,Louisiana,2010,7,39,685,7,147,2518,22721,3245,3245,4114,18.11
22113,Vermilion Parish,Louisiana,2010,12,80,1304,16,388,6789,57999,4833,3624,3426,5.91
22117,Washington Parish,Louisiana,2010,14,142,2465,12,330,6033,47168,3369,3930,7914,16.78
22119,Webster Parish,Louisiana,2010,11,76,1256,7,278,3970,41207,3746,5886,8323,20.2
22121,West Baton Rouge Parish,Louisiana,2010,6,46,710,5,223,3706,23788,3964,4757,3923,16.49
23001,Androscoggin County,Maine,2010,14,218,3814,21,931,18675,107702,7693,5128,12165,11.29
23007,Franklin County,Maine,2010,8,34,398,12,393,7394,30768,3846,2564,468,1.52
23009,Hancock County,Maine,2010,16,176,3208,27,690,14962,54418,3401,2015,3364,6.18
23013,Knox County,Maine,2010,5,70,1343,14,518,10660,39736,7947,2838,4460,11.22
23015,Lincoln County,Maine,2010,5,41,891,13,467,9109,34457,6891,2650,1483,4.31
23017,Oxford County,Maine,2010,15,120,1762,13,315,7453,57833,3855,4448,4951,8.56
23019,Penobscot County,Maine,2010,27,316,5464,31,1604,32863,153923,5700,4965,24923,16.19
23023,Sagadahoc County,Maine,2010,3,31,746,8,363,6836,35293,11764,4411,3515,9.96
23025,Somerset County,Maine,2010,7,54,963,12,374,6663,52228,7461,4352,4098,7.85
23027,Waldo County,Maine,2010,7,82,1703,8,301,5942,38786,5540,4848,3519,9.07
23031,York County,Maine,2010,17,226,3563,43,1764,39453,197131,11595,4584,33631,17.06
24001,Allegany County,Maryland,2010,15,155,2520,17,661,9857,75087,5005,4416,29069,38.71
24003,Anne Arundel County,Maryland,2010,33,371,5651,86,4513,120832,537656,16292,6251,154301,28.7
24005,Baltimore County,Maryland,2010,72,762,12578,130,7616,195585,805029,11180,6192,163117,20.26
24009,Calvert County,Maryland,2010,3,12,224,14,918,22960,88737,29579,6338,29796,33.58
24011,Caroline County,Maryland,2010,5,58,739,8,159,2712,33066,6613,4133,2127,6.43
24013,Carroll County,Maryland,2010,8,84,1382,23,1752,38047,167134,20891,7266,42953,25.7
24015,Cecil County,Maryland,2010,10,94,1513,16,666,12632,101108,10110,6319,20177,19.96
24017,Charles County,Maryland,2010,11,105,2069,23,1078,27739,146551,13322,6371,46914,32.01
24021,Frederick County,Maryland,2010,16,117,2021,35,2013,46713,233385,14586,6668,48430,20.75
24023,Garrett County,Maryland,2010,5,40,596,7,130,2377,30097,6019,4299,1294,4.3
24025,Harford County,Maryland,2010,15,155,2716,34,2353,49346,244826,16321,7200,59244,24.2
24027,Howard County,Maryland,2010,8,49,1117,41,2663,67462,287085,35885,7002,61596,21.46
24031,Montgomery County,Maryland,2010,29,230,4174,207,9222,264091,971777,33509,4694,152763,15.72
24033,Prince George's County,Maryland,2010,63,736,11512,162,6305,170195,863420,13705,5329,230854,26.74
24035,Queen Anne's County,Maryland,2010,5,20,481,9,406,8351,47798,9559,5310,10967,22.94
24510,Baltimore city,Maryland,2010,67,558,9729,214,3433,91480,620961,9268,2901,20616,3.32
25001,Barnstable County,Massachusetts,2010,28,348,8910,62,3430,80117,215888,7710,3482,108706,50.35
25011,Franklin County,Massachusetts,2010,5,42,794,25,675,14310,71372,14274,2854,12348,17.3
25015,Hampshire County,Massachusetts,2010,10,77,1391,32,2272,49538,158080,15808,4940,52127,32.97
25025,Suffolk County,Massachusetts,2010,52,338,6110,215,7286,146291,722023,13885,3358,20450,2.83
26005,Allegan County,Michigan,2010,17,106,1595,20,746,11965,111408,6553,5570,6394,5.74
26007,Alpena County,Michigan,2010,4,45,619,8,241,4691,29598,7399,3699,2016,6.81
26015,Barry County,Michigan,2010,7,57,641,11,306,5336,59173,8453,5379,1673,2.83
26017,Bay County,Michigan,2010,17,187,2732,19,561,11879,107771,6339,5672,20215,18.76
26021,Berrien County,Michigan,2010,26,190,3254,39,1183,23715,156813,6031,4020,38516,24.56
26023,Branch County,Michigan,2010,10,65,1040,3,58,1276,45248,4524,15082,6527,14.43
26025,Calhoun County,Michigan,2010,22,148,2440,24,469,9765,136146,6188,5672,32177,23.63
26027,Cass County,Michigan,2010,9,68,1133,12,240,4094,52293,5810,4357,3127,5.98
26029,Charlevoix County,Michigan,2010,6,45,750,9,163,4046,25949,4324,2883,1523,5.87
26031,Cheboygan County,Michigan,2010,5,23,475,5,174,3600,26152,5230,5230,3175,12.14
26033,Chippewa County,Michigan,2010,5,52,706,13,317,5747,38520,7704,2963,10696,27.77
26035,Clare County,Michigan,2010,10,63,980,8,198,3442,30926,3092,3865,1906,6.16
26037,Clinton County,Michigan,2010,4,29,402,7,176,2890,75382,18845,10768,13342,17.7
26045,Eaton County,Michigan,2010,12,81,1433,14,373,7163,107759,8979,7697,21806,20.24
26047,Emmet County,Michigan,2010,5,24,483,17,319,6873,32694,6538,1923,5769,17.65
26049,Genesee County,Michigan,2010,61,416,6782,101,2731,53754,425790,6980,4215,127082,29.85
26051,Gladwin County,Michigan,2010,8,76,1148,3,81,1398,25692,3211,8564,2362,9.19
26055,Grand Traverse County,Michigan,2010,10,47,793,23,839,15668,86986,8698,3782,15290,17.58
26057,Gratiot County,Michigan,2010,7,49,601,11,184,3251,42476,6068,3861,2836,6.68
26063,Huron County,Michigan,2010,8,46,659,9,219,2961,33118,4139,3679,9801,29.59
26065,Ingham County,Michigan,2010,25,167,3494,45,1343,22745,280895,11235,6242,92267,32.85
26069,Iosco County,Michigan,2010,8,53,711,8,225,3710,25887,3235,3235,6667,25.76
26075,Jackson County,Michigan,2010,20,158,2588,21,680,14343,160248,8012,7630,42431,26.48
26077,Kalamazoo County,Michigan,2010,23,213,3506,43,1276,23500,250331,10883,5821,64961,25.95
26081,Kent County,Michigan,2010,65,512,8599,118,2908,70915,602622,9271,5106,134218,22.27
26091,Lenawee County,Michigan,2010,10,125,1799,20,605,10696,99892,9989,4994,22041,22.06
26093,Livingston County,Michigan,2010,8,65,962,21,882,23286,180967,22620,8617,54312,30.01
26099,Macomb County,Michigan,2010,82,599,9669,143,4939,108611,840978,10255,5880,195209,23.21
26101,Manistee County,Michigan,2010,6,31,462,10,205,4308,24733,4122,2473,3056,12.36
26103,Marquette County,Michigan,2010,8,86,1295,13,476,7677,67077,8384,5159,10896,16.24
26105,Mason County,Michigan,2010,6,40,498,6,94,1480,28705,4784,4784,1656,5.77
26111,Midland County,Michigan,2010,8,56,878,13,339,6593,83629,10453,6433,21895,26.18
26115,Monroe County,Michigan,2010,6,73,1044,22,724,13486,152021,25336,6910,31287,20.58
26117,Montcalm County,Michigan,2010,18,109,1570,15,415,6107,63342,3519,4222,3775,5.96
26121,Muskegon County,Michigan,2010,20,183,2940,24,605,10046,172188,8609,7174,60457,35.11
26123,Newaygo County,Michigan,2010,9,69,1160,8,246,4282,48460,5384,6057,1590,3.28
26125,Oakland County,Michigan,2010,110,753,12387,255,8418,190553,1202362,10930,4715,360771,30.01
26127,Oceana County,Michigan,2010,7,59,924,8,193,2826,26570,3795,3321,980,3.69
26129,Ogemaw County,Michigan,2010,6,31,567,6,132,2228,21699,3616,3616,9,0.04
26133,Osceola County,Michigan,2010,8,40,721,7,138,2370,23528,2941,3361,3707,15.76
26137,Otsego County,Michigan,2010,5,48,742,6,114,2261,24164,4832,4027,2960,12.25
26139,Ottawa County,Michigan,2010,19,136,1889,33,956,17941,263801,13884,7993,86740,32.88
26143,Roscommon County,Michigan,2010,5,28,394,6,124,2070,24449,4889,4074,4651,19.02
26145,Saginaw County,Michigan,2010,35,221,3436,42,1100,23217,200169,5719,4765,41373,20.67
26147,St. Clair County,Michigan,2010,23,158,2236,27,605,12654,163040,7088,6038,53236,32.65
26149,St. Joseph County,Michigan,2010,13,94,1588,16,266,4718,61295,4715,3830,6833,11.15
26151,Sanilac County,Michigan,2010,12,65,980,8,285,4810,43114,3592,5389,2681,6.22
26155,Shiawassee County,Michigan,2010,15,79,1233,12,399,7643,70648,4709,5887,11238,15.91
26159,Van Buren County,Michigan,2010,14,87,1376,17,444,7754,76258,5447,4485,4527,5.94
26161,Washtenaw County,Michigan,2010,19,170,2628,55,2479,57897,344791,18146,6268,88437,25.65
26163,Wayne County,Michigan,2010,240,1491,23750,451,8496,179826,1820584,7585,4036,274017,15.05
26165,Wexford County,Michigan,2010,7,40,644,8,139,2900,32735,4676,4091,3182,9.72
27003,Anoka County,Minnesota,2010,16,264,5551,37,1669,41977,330844,20677,8941,127023,38.39
27007,Beltrami County,Minnesota,2010,6,106,2138,7,359,5983,44442,7407,6348,8067,18.15
27041,Douglas County,Minnesota,2010,7,187,3375,6,285,4521,36009,5144,6001,13332,37.02
27045,Fillmore County,Minnesota,2010,5,27,528,6,173,2088,20866,4173,3477,538,2.58
27049,Goodhue County,Minnesota,2010,6,35,475,10,284,4432,46183,7697,4618,11090,24.01
27053,Hennepin County,Minnesota,2010,70,664,12016,211,8646,215171,1152425,16463,5461,341806,29.66
27057,Hubbard County,Minnesota,2010,4,58,1161,4,211,3492,20428,5107,5107,4389,21.49
27085,McLeod County,Minnesota,2010,10,56,944,5,407,6916,36651,3665,7330,7365,20.09
27091,Martin County,Minnesota,2010,4,58,877,5,235,3550,20840,5210,4168,8987,43.12
27111,Otter Tail County,Minnesota,2010,12,260,4747,11,494,7207,57303,4775,5209,9953,17.37
27115,Pine County,Minnesota,2010,6,54,883,5,175,2589,29750,4958,5950,4768,16.03
27119,Polk County,Minnesota,2010,6,45,687,7,313,5039,31600,5266,4514,8692,27.51
27123,Ramsey County,Minnesota,2010,31,199,2930,98,3795,95136,508640,16407,5190,124480,24.47
27135,Roseau County,Minnesota,2010,6,78,1003,6,193,2653,15629,2604,2604,4624,29.58
27137,St. Louis County,Minnesota,2010,18,270,5257,36,1663,33829,200226,11123,5561,54577,27.26
27153,Todd County,Minnesota,2010,4,38,406,8,179,2968,24895,6223,3111,8516,34.21
27163,Washington County,Minnesota,2010,11,226,4827,21,1506,39876,238136,21648,11339,94326,39.61
27171,Wright County,Minnesota,2010,5,41,551,11,871,16832,124700,24940,11336,17188,13.78
28011,Bolivar County,Mississippi,2010,12,65,1055,10,216,3752,34145,2845,3414,14127,41.37
28023,Clarke County,Mississippi,2010,7,64,1082,4,104,1739,16732,2390,4183,2306,13.78
28025,Clay County,Mississippi,2010,4,67,915,6,121,1991,20634,5158,3439,3298,15.98
28031,Covington County,Mississippi,2010,8,75,1277,5,111,1603,19568,2446,3913,0,0.0
28033,DeSoto County,Mississippi,2010,23,246,3530,14,826,20067,161252,7010,11518,44656,27.69
28035,Forrest County,Mississippi,2010,24,299,4656,13,343,5424,74934,3122,5764,9746,13.01
28045,Hancock County,Mississippi,2010,7,50,829,4,135,2326,43929,6275,10982,19686,44.81
28047,Harrison County,Mississippi,2010,41,470,7355,17,738,14599,187105,4563,11006,77396,41.36
28049,Hinds County,Mississippi,2010,50,526,7546,34,1427,26118,245285,4905,7214,67858,27.66
28051,Holmes County,Mississippi,2010,7,62,883,4,68,1138,19198,2742,4799,5050,26.3
28051,Winston County,Mississippi,2010,7,62,883,4,68,1138,19198,2742,4799,5050,26.3
28059,Jackson County,Mississippi,2010,37,283,5036,21,740,13695,139668,3774,6650,35135,25.16
28061,Jasper County,Mississippi,2010,7,55,676,3,70,1020,17062,2437,5687,2222,13.03
28067,Jones County,Mississippi,2010,22,225,3422,14,395,7096,67761,3080,4840,8911,13.15
28073,Lamar County,Mississippi,2010,12,95,1424,11,315,4985,55658,4638,5059,7994,14.36
28075,Lauderdale County,Mississippi,2010,19,231,3913,14,440,7904,80261,4224,5732,14017,17.46
28083,Leflore County,Mississippi,2010,11,113,1811,8,239,3340,32317,2937,4039,10041,31.07
28085,Lincoln County,Mississippi,2010,8,88,1285,3,287,5507,34869,4358,11623,7915,22.7
28087,Lowndes County,Mississippi,2010,17,167,2576,11,354,6276,59779,3516,5434,13206,22.09
28091,Marion County,Mississippi,2010,9,99,1401,5,136,2355,27088,3009,5417,4518,16.68
28095,Monroe County,Mississippi,2010,13,136,1935,9,174,2312,36989,2845,4109,2730,7.38
28101,Newton County,Mississippi,2010,7,66,1129,6,134,2210,21720,3102,3620,2475,11.39
28101,Jefferson County,Oregon,2010,7,66,1129,6,134,2210,21720,3102,3620,2475,11.39
28101,Lincoln County,West Virginia,2010,7,66,1129,6,134,2210,21720,3102,3620,2475,11.39
28109,Pearl River County,Mississippi,2010,15,176,3017,9,319,5981,55834,3722,6203,7872,14.1
28113,Pike County,Mississippi,2010,12,101,1507,9,233,4665,40404,3367,4489,3476,8.6
28117,Prentiss County,Mississippi,2010,9,61,931,7,166,2452,25276,2808,3610,1243,4.92
28123,Scott County,Mississippi,2010,11,115,1674,7,201,2824,28264,2569,4037,4356,15.41
28127,Simpson County,Mississippi,2010,6,69,1084,4,94,2052,27503,4583,6875,2085,7.58
28133,Sunflower County,Mississippi,2010,8,53,852,8,141,2310,29450,3681,3681,6609,22.44
28141,Tishomingo County,Mississippi,2010,10,53,833,9,149,2179,19593,1959,2177,0,0.0
28147,Walthall County,Mississippi,2010,3,26,367,3,83,1312,15443,5147,5147,4312,27.92
28149,Warren County,Mississippi,2010,10,105,1486,5,278,5191,48773,4877,9754,14086,28.88
28153,Wayne County,Mississippi,2010,9,71,1221,4,203,2971,20747,2305,5186,1024,4.93
28163,Yazoo County,Mississippi,2010,8,110,1568,5,137,2071,28065,3508,5613,9552,34.03
29019,Boone County,Missouri,2010,13,92,1481,27,2055,31384,162642,12510,6023,52313,32.16
29021,Buchanan County,Missouri,2010,11,80,1316,12,749,13007,89201,8109,7433,18717,20.98
29031,Cape Girardeau County,Missouri,2010,8,79,1217,8,390,7223,75674,9459,9459,20053,26.5
29037,Cass County,Missouri,2010,13,172,3039,12,705,13541,99478,7652,8289,32185,32.35
29047,Clay County,Missouri,2010,16,137,2064,32,1966,40200,221939,13871,6935,64191,28.92
29051,Cole County,Missouri,2010,9,62,935,12,919,14298,75990,8443,6332,17865,23.51
29077,Greene County,Missouri,2010,32,255,4068,39,1653,29618,275174,8599,7055,56141,20.4
29091,Howell County,Missouri,2010,11,97,1299,10,237,3728,40400,3672,4040,7477,18.51
29095,Jackson County,Missouri,2010,73,856,17914,96,5365,107522,674158,9235,7022,160188,23.76
29097,Jasper County,Missouri,2010,22,172,2688,12,333,6160,117404,5336,9783,27783,23.66
29099,Jefferson County,Missouri,2010,16,121,2002,23,1049,23481,218733,13670,9510,61105,27.94
29105,Laclede County,Missouri,2010,4,26,427,5,130,2333,35571,8892,7114,7098,19.96
29109,Lawrence County,Missouri,2010,6,41,629,8,223,3522,38634,6439,4829,4155,10.75
29127,Marion County,Missouri,2010,9,81,1345,6,230,3894,28781,3197,4796,4516,15.69
29143,New Madrid County,Missouri,2010,6,51,726,6,97,1305,18956,3159,3159,580,3.06
29157,Perry County,Missouri,2010,3,42,853,3,59,764,18971,6323,6323,2962,15.61
29159,Pettis County,Missouri,2010,7,68,989,9,225,4220,42201,6028,4689,7060,16.73
29165,Platte County,Missouri,2010,6,21,402,11,827,16005,89322,14887,8120,31211,34.94
29169,Pulaski County,Missouri,2010,8,55,820,5,196,2918,52274,6534,10454,8739,16.72
29183,St. Charles County,Missouri,2010,20,212,3808,42,2474,59577,360485,18024,8582,140645,39.02
29186,Ste. Genevieve County,Missouri,2010,3,41,573,3,121,1911,18145,6048,6048,5171,28.5
29189,St. Louis County,Missouri,2010,79,722,11829,182,9738,235025,998954,12644,5488,264850,26.51
29213,Taney County,Missouri,2010,13,79,1961,14,506,8947,51675,3975,3691,10701,20.71
30029,Flathead County,Montana,2010,6,78,1248,13,820,19608,90928,15154,6994,10737,11.81
30031,Gallatin County,Montana,2010,4,41,665,18,1000,21527,89513,22378,4972,13597,15.19
30063,Missoula County,Montana,2010,6,48,735,20,1067,21961,109299,18216,5464,30018,27.46
31001,Adams County,Nebraska,2010,5,50,644,7,304,4827,31364,6272,4480,7653,24.4
31013,Box Butte County,Nebraska,2010,4,47,687,4,122,1818,11308,2827,2827,3742,33.09
31017,Brown County,Nebraska,2010,4,51,800,3,69,693,3145,786,1048,317,10.08
31025,Cass County,Nebraska,2010,3,60,1057,5,94,1343,25241,8413,5048,7053,27.94
31039,Cuming County,Nebraska,2010,4,61,932,4,80,1382,9139,2284,2284,3005,32.89
31047,Dawson County,Nebraska,2010,7,67,931,5,128,1726,24326,3475,4865,8838,36.33
31053,Dodge County,Nebraska,2010,5,52,638,7,370,6199,36691,7338,5241,9812,26.74
31055,Douglas County,Nebraska,2010,34,264,4303,91,6045,109090,517110,15209,5682,74231,14.35
31059,Fillmore County,Nebraska,2010,3,32,190,4,61,554,5890,1963,1472,1410,23.93
31089,Holt County,Nebraska,2010,5,91,1362,9,210,2507,10435,2087,1159,2666,25.55
31109,Lancaster County,Nebraska,2010,14,129,1813,45,3211,49996,285407,20386,6342,38274,13.41
31111,Lincoln County,Nebraska,2010,7,97,1564,6,176,2461,36288,5184,6048,8235,22.69
31123,Morrill County,Nebraska,2010,4,11,143,3,70,1203,5042,1260,1680,2539,50.36
31141,Platte County,Nebraska,2010,5,69,932,7,453,6998,32237,6447,4605,5519,17.12
31153,Sarpy County,Nebraska,2010,10,77,1154,13,973,16037,158840,15884,12218,47845,30.12
31155,Saunders County,Nebraska,2010,5,71,820,6,111,1545,20780,4156,3463,2961,14.25
31161,Sheridan County,Nebraska,2010,4,31,381,6,90,1330,5469,1367,911,1772,32.41
31179,Wayne County,Nebraska,2010,3,63,1002,4,86,1013,9595,3198,2398,712,7.42
31185,York County,Nebraska,2010,4,46,768,3,116,1923,13665,3416,4555,3570,26.12
32003,Clark County,Nevada,2010,92,1122,20645,257,13952,338356,1951269,21209,7592,165475,8.48
32031,Washoe County,Nevada,2010,20,206,3708,66,3260,89437,421407,21070,6384,86358,20.49
33003,Carroll County,New Hampshire,2010,11,69,1361,16,608,14454,47818,4347,2988,276,0.58
33005,Cheshire County,New Hampshire,2010,5,55,1031,21,1267,25159,77117,15423,3672,11095,14.39
33007,Coos County,New Hampshire,2010,7,54,926,10,299,5004,33055,4722,3305,4906,14.84
33009,Grafton County,New Hampshire,2010,13,113,1917,34,1581,31499,89118,6855,2621,11509,12.91
33013,Merrimack County,New Hampshire,2010,10,86,1479,26,1734,30452,146445,14644,5632,31080,21.22
33017,Strafford County,New Hampshire,2010,7,62,871,19,1590,32307,123143,17591,6481,28973,23.53
34001,Atlantic County,New Jersey,2010,35,259,4373,87,2335,58038,274549,7844,3155,99613,36.28
34003,Bergen County,New Jersey,2010,58,284,5640,260,10847,279780,905116,15605,3481,107451,11.87
34005,Burlington County,New Jersey,2010,28,188,3155,74,4323,101791,448734,16026,6063,169305,37.73
34007,Camden County,New Jersey,2010,47,313,5685,152,4192,96444,513657,10928,3379,141226,27.49
34011,Cumberland County,New Jersey,2010,16,112,1996,43,945,23783,156898,9806,3648,47103,30.02
34013,Essex County,New Jersey,2010,71,448,9195,346,5860,150593,783969,11041,2265,68650,8.76
34015,Gloucester County,New Jersey,2010,24,198,3153,49,2304,51059,288288,12012,5883,126343,43.83
34017,Hudson County,New Jersey,2010,74,413,6090,242,3893,92450,634266,8571,2620,2135,0.34
34019,Hunterdon County,New Jersey,2010,4,23,290,23,1259,29844,128349,32087,5580,28225,21.99
34021,Mercer County,New Jersey,2010,36,252,3957,106,3733,89003,366513,10180,3457,102659,28.01
34023,Middlesex County,New Jersey,2010,59,416,7220,218,6271,149303,809858,13726,3714,233927,28.88
34025,Monmouth County,New Jersey,2010,39,241,4236,165,7148,172655,630380,16163,3820,217042,34.43
34027,Morris County,New Jersey,2010,21,135,2564,101,5434,141844,492276,23441,4874,188884,38.37
34029,Ocean County,New Jersey,2010,38,278,5516,101,5599,128130,576567,15172,5708,281417,48.81
34031,Passaic County,New Jersey,2010,45,367,7208,231,4580,105506,501226,11138,2169,67444,13.46
34033,Salem County,New Jersey,2010,7,46,836,15,567,11180,66083,9440,4405,8633,13.06
34035,Somerset County,New Jersey,2010,16,63,1043,59,3897,94336,323444,20215,5482,133311,41.22
34037,Sussex County,New Jersey,2010,8,73,877,27,1718,38406,149265,18658,5528,53488,35.83
34039,Union County,New Jersey,2010,42,381,7000,164,4671,110772,536499,12773,3271,65726,12.25
34041,Warren County,New Jersey,2010,6,59,901,30,1500,33894,108692,18115,3623,32708,30.09
35001,Bernalillo County,New Mexico,2010,55,542,9569,76,4854,99745,662564,12046,8717,136118,20.54
35005,Chaves County,New Mexico,2010,10,80,1287,7,417,7358,65645,6564,9377,17658,26.9
35009,Curry County,New Mexico,2010,9,74,1243,3,244,3440,48376,5375,16125,16741,34.61
35013,Doña Ana County,New Mexico,2010,25,168,2615,22,818,14999,209233,8369,9510,88230,42.17
35025,Lea County,New Mexico,2010,10,99,1560,8,439,8535,64727,6472,8090,9740,15.05
35031,McKinley County,New Mexico,2010,13,147,2858,14,508,11308,71492,5499,5106,39226,54.87
35035,Otero County,New Mexico,2010,8,58,990,7,166,3617,63797,7974,9113,29715,46.58
35045,San Juan County,New Mexico,2010,16,134,2514,10,652,15532,130044,8127,13004,40318,31.0
35049,Santa Fe County,New Mexico,2010,8,95,2121,22,1591,37623,144170,18021,6553,46072,31.96
35057,Torrance County,New Mexico,2010,4,30,498,5,57,1011,16383,4095,3276,3891,23.75
35061,Valencia County,New Mexico,2010,9,70,1173,10,310,6247,76569,8507,7656,34908,45.59
36005,Bronx County,New York,2010,192,1045,17665,1051,6014,115171,1385108,7214,1317,12462,0.9
36009,Cattaraugus County,New York,2010,14,109,1629,21,685,10505,80317,5736,3824,3977,4.95
36011,Cayuga County,New York,2010,6,54,930,13,696,12216,80026,13337,6155,6013,7.51
36013,Chautauqua County,New York,2010,23,175,2882,34,1293,21358,134905,5865,3967,15534,11.51
36015,Chemung County,New York,2010,16,125,2010,14,749,13827,88830,5551,6345,21029,23.67
36017,Chenango County,New York,2010,12,77,1190,11,560,8894,50477,4206,4588,806,1.6
36021,Columbia County,New York,2010,11,96,1755,22,614,13184,63096,5736,2868,9467,15.0
36023,Cortland County,New York,2010,8,69,1004,10,475,8262,49336,6167,4933,4838,9.81
36025,Delaware County,New York,2010,10,53,838,13,410,8285,47980,4798,3690,1362,2.84
36027,Dutchess County,New York,2010,23,232,3417,102,3031,71177,297488,12934,2916,106487,35.8
36029,Erie County,New York,2010,119,1033,16181,245,11062,187292,919040,7723,3751,238054,25.9
36031,Essex County,New York,2010,8,47,679,19,317,6518,39370,4921,2072,3882,9.86
36033,Franklin County,New York,2010,8,58,945,14,309,6173,51599,6449,3685,8975,17.39
36037,Genesee County,New York,2010,6,41,632,9,348,6193,60079,10013,6675,3071,5.11
36039,Greene County,New York,2010,7,51,794,12,402,7699,49221,7031,4101,6299,12.8
36043,Herkimer County,New York,2010,8,67,1021,12,277,5313,64519,8064,5376,8190,12.69
36045,Jefferson County,New York,2010,23,168,2771,27,938,17944,116229,5053,4304,16866,14.51
36047,Kings County,New York,2010,380,1867,32326,1990,12185,245191,2504700,6591,1258,393,0.02
36051,Livingston County,New York,2010,11,77,1119,14,703,11930,65393,5944,4670,11134,17.03
36053,Madison County,New York,2010,12,84,1436,14,550,9744,73442,6120,5245,10694,14.56
36055,Monroe County,New York,2010,64,599,9517,184,11889,200540,744344,11630,4045,251900,33.84
36059,Nassau County,New York,2010,95,577,9356,559,12560,314262,1339532,14100,2396,74914,5.59
36061,New York County,New York,2010,147,1163,25118,1323,16716,417671,1585873,10788,1198,2,0.0
36063,Niagara County,New York,2010,30,273,4802,31,1815,30593,216469,7215,6982,48276,22.3
36065,Oneida County,New York,2010,32,280,4283,53,1731,32742,234878,7339,4431,46066,19.61
36067,Onondaga County,New York,2010,49,388,6276,117,6960,115127,467026,9531,3991,122215,26.17
36069,Ontario County,New York,2010,12,121,1791,20,1419,24561,107931,8994,5396,14931,13.83
36075,Oswego County,New York,2010,16,121,1864,23,895,15049,122109,7631,5309,9743,7.98
36079,Putnam County,New York,2010,3,21,406,32,912,19940,99710,33236,3115,39109,39.22
36081,Queens County,New York,2010,278,1400,28664,1342,12280,291438,2230722,8024,1662,7451,0.33
36085,Richmond County,New York,2010,35,216,3850,207,3726,84972,468730,13392,2264,22938,4.89
36087,Rockland County,New York,2010,22,128,2576,96,2205,59459,311687,14167,3246,92703,29.74
36089,St. Lawrence County,New York,2010,19,128,2070,34,790,16869,111944,5891,3292,15983,14.28
36093,Schenectady County,New York,2010,17,166,2876,36,1596,31029,154727,9101,4297,55632,35.95
36101,Steuben County,New York,2010,13,85,1381,23,1203,21024,98990,7614,4303,11349,11.47
36103,Suffolk County,New York,2010,86,599,10426,519,14639,363972,1493350,17364,2877,453548,30.37
36105,Sullivan County,New York,2010,14,77,1407,30,668,13559,77547,5539,2584,10838,13.98
36109,Tompkins County,New York,2010,5,47,747,18,1521,27706,101564,20312,5642,17871,17.6
36111,Ulster County,New York,2010,15,135,2291,47,1905,39516,182493,12166,3882,46797,25.64
36117,Wayne County,New York,2010,18,113,1899,12,756,13253,93772,5209,7814,13798,14.71
36119,Westchester County,New York,2010,52,294,5116,443,9964,243088,949113,18252,2142,142030,14.96
36121,Wyoming County,New York,2010,7,71,1551,9,361,6183,42155,6022,4683,7891,18.72
37001,Alamance County,North Carolina,2010,27,191,3209,22,891,14146,151131,5597,6869,40792,26.99
37003,Alexander County,North Carolina,2010,5,31,492,4,134,1926,37198,7439,9299,2416,6.49
37007,Anson County,North Carolina,2010,4,32,435,5,118,1797,26948,6737,5389,1551,5.76
37011,Avery County,North Carolina,2010,5,34,499,5,207,3511,17797,3559,3559,0,0.0
37013,Beaufort County,North Carolina,2010,9,69,1030,10,393,6372,47759,5306,4775,6999,14.66
37017,Bladen County,North Carolina,2010,10,67,981,7,180,2785,35190,3519,5027,2260,6.42
37019,Brunswick County,North Carolina,2010,21,138,2302,19,864,14048,107431,5115,5654,16845,15.68
37021,Buncombe County,North Carolina,2010,26,231,3771,46,3130,54464,238318,9166,5180,59094,24.8
37023,Burke County,North Carolina,2010,20,165,2384,17,634,10187,90912,4545,5347,25189,27.71
37025,Cabarrus County,North Carolina,2010,22,174,2652,27,1055,17410,178011,8091,6593,39787,22.35
37027,Caldwell County,North Carolina,2010,16,145,2337,14,513,7792,83029,5189,5930,29330,35.32
37031,Carteret County,North Carolina,2010,12,113,1657,15,591,9896,66469,5539,4431,16357,24.61
37035,Catawba County,North Carolina,2010,29,253,3756,25,970,15803,154358,5322,6174,40326,26.12
37037,Chatham County,North Carolina,2010,14,92,1366,13,451,7615,63505,4536,4885,5014,7.9
37039,Cherokee County,North Carolina,2010,9,59,774,5,214,3516,27444,3049,5488,118,0.43
37047,Columbus County,North Carolina,2010,18,129,2015,13,384,5924,58098,3227,4469,1621,2.79
37049,Craven County,North Carolina,2010,20,142,2065,16,577,9347,103505,5175,6469,23601,22.8
37051,Cumberland County,North Carolina,2010,48,527,7571,48,1546,26212,319431,6654,6654,96550,30.23
37053,Currituck County,North Carolina,2010,4,27,394,9,212,5721,23547,5886,2616,3085,13.1
37055,Dare County,North Carolina,2010,15,79,1595,17,574,14442,33920,2261,1995,12762,37.62
37061,Duplin County,North Carolina,2010,19,143,1831,13,391,6557,58505,3079,4500,986,1.69
37063,Durham County,North Carolina,2010,27,354,5151,52,1891,38610,267587,9910,5145,72166,26.97
37065,Edgecombe County,North Carolina,2010,13,92,1428,10,265,4155,56552,4350,5655,9134,16.15
37067,Forsyth County,North Carolina,2010,49,525,7479,67,2526,43270,350670,7156,5233,136579,38.95
37069,Franklin County,North Carolina,2010,9,59,943,8,307,5264,60619,6735,7577,2868,4.73
37071,Gaston County,North Carolina,2010,37,328,4572,32,1358,21593,206086,5569,6440,58343,28.31
37081,Guilford County,North Carolina,2010,58,571,7963,104,3338,58559,488406,8420,4696,102650,21.02
37083,Halifax County,North Carolina,2010,18,163,2212,20,346,5517,54691,3038,2734,9543,17.45
37089,Henderson County,North Carolina,2010,10,110,1748,25,1180,19963,106740,10674,4269,22357,20.95
37091,Hertford County,North Carolina,2010,10,89,1322,7,242,3353,24669,2466,3524,2821,11.43
37093,Hoke County,North Carolina,2010,6,42,631,7,151,2566,46952,7825,6707,10606,22.59
37097,Iredell County,North Carolina,2010,24,238,3536,27,1157,19180,159437,6643,5905,25056,15.72
37101,Johnston County,North Carolina,2010,25,200,3055,34,1021,16869,168878,6755,4967,8429,4.99
37105,Lee County,North Carolina,2010,14,110,1670,15,446,7126,57866,4133,3857,12463,21.54
37107,Lenoir County,North Carolina,2010,19,138,2223,16,510,8897,59495,3131,3718,7316,12.3
37109,Lincoln County,North Carolina,2010,13,115,1667,13,523,8882,78265,6020,6020,12888,16.47
37111,McDowell County,North Carolina,2010,9,79,973,9,352,5448,44996,4999,4999,3488,7.75
37119,Mecklenburg County,North Carolina,2010,80,743,12719,195,8316,154034,919628,11495,4716,206382,22.44
37125,Moore County,North Carolina,2010,16,138,1809,16,714,12052,88247,5515,5515,22380,25.36
37127,Nash County,North Carolina,2010,24,234,3402,20,688,11222,95840,3993,4792,12635,13.18
37129,New Hanover County,North Carolina,2010,27,309,5270,42,1854,31852,202667,7506,4825,64805,31.98
37135,Orange County,North Carolina,2010,9,88,1104,20,1318,25662,133801,14866,6690,31158,23.29
37145,Person County,North Carolina,2010,7,73,991,6,195,3107,39464,5637,6577,2975,7.54
37147,Pitt County,North Carolina,2010,33,279,4086,24,1100,18589,168148,5095,7006,14543,8.65
37151,Randolph County,North Carolina,2010,20,149,2455,23,616,8951,141752,7087,6163,24426,17.23
37153,Richmond County,North Carolina,2010,11,100,1382,11,274,3796,46639,4239,4239,5625,12.06
37155,Robeson County,North Carolina,2010,30,297,3920,28,812,11765,134168,4472,4791,12957,9.66
37157,Rockingham County,North Carolina,2010,21,166,2319,20,413,6091,93643,4459,4682,20761,22.17
37159,Rowan County,North Carolina,2010,26,223,3439,21,751,12914,138428,5324,6591,32737,23.65
37163,Sampson County,North Carolina,2010,16,160,3023,13,424,6779,63431,3964,4879,2915,4.6
37165,Scotland County,North Carolina,2010,12,94,1424,7,178,2921,36157,3013,5165,5943,16.44
37169,Stokes County,North Carolina,2010,7,53,728,8,281,4269,47401,6771,5925,8159,17.21
37171,Surry County,North Carolina,2010,20,209,3152,18,501,7824,73673,3683,4092,6662,9.04
37173,Swain County,North Carolina,2010,7,33,548,4,118,2264,13981,1997,3495,605,4.33
37179,Union County,North Carolina,2010,21,177,2847,28,1249,20811,201292,9585,7189,32195,15.99
37181,Vance County,North Carolina,2010,11,155,2079,9,281,4653,45422,4129,5046,4541,10.0
37183,Wake County,North Carolina,2010,66,633,10358,168,8069,146990,900993,13651,5363,173265,19.23
37189,Watauga County,North Carolina,2010,11,190,3200,10,513,8110,51079,4643,5107,3949,7.73
37191,Wayne County,North Carolina,2010,26,224,3530,22,593,10202,122623,4716,5573,25040,20.42
37193,Wilkes County,North Carolina,2010,10,114,1590,14,358,4957,69340,6934,4952,8384,12.09
37195,Wilson County,North Carolina,2010,18,165,2338,19,552,8152,81234,4513,4275,5097,6.27
37197,Yadkin County,North Carolina,2010,8,49,725,11,198,3166,38406,4800,3491,639,1.66
38015,Burleigh County,North Dakota,2010,5,55,886,7,677,10842,81308,16261,11615,19849,24.41
38017,Cass County,North Dakota,2010,10,276,5547,19,1405,22416,149778,14977,7883,22405,14.96
38059,Morton County,North Dakota,2010,3,16,136,6,189,2669,27471,9157,4578,8444,30.74
38079,Rolette County,North Dakota,2010,4,41,565,6,171,2440,13937,3484,2322,990,7.1
38099,Walsh County,North Dakota,2010,4,47,536,7,151,2047,11119,2779,1588,2050,18.44
39001,Adams County,Ohio,2010,10,61,949,4,106,1463,28550,2855,7137,936,3.28
39003,Allen County,Ohio,2010,23,205,3394,17,569,10140,106331,4623,6254,21970,20.66
39005,Ashland County,Ohio,2010,8,40,731,10,397,6248,53139,6642,5313,1949,3.67
39007,Ashtabula County,Ohio,2010,22,155,2368,19,493,9040,101497,4613,5341,16941,16.69
39009,Athens County,Ohio,2010,12,92,1632,14,423,8859,64757,5396,4625,15662,24.19
39015,Brown County,Ohio,2010,13,98,1542,6,333,6638,44846,3449,7474,4474,9.98
39017,Butler County,Ohio,2010,37,258,4350,54,2510,55531,368130,9949,6817,112346,30.52
39019,Carroll County,Ohio,2010,6,77,1202,4,104,1483,28836,4806,7209,1676,5.81
39021,Champaign County,Ohio,2010,6,48,656,9,216,3887,40097,6682,4455,408,1.02
39023,Clark County,Ohio,2010,18,128,2158,24,808,17167,138333,7685,5763,26637,19.26
39027,Clinton County,Ohio,2010,10,67,1153,12,435,9245,42040,4204,3503,4052,9.64
39029,Columbiana County,Ohio,2010,18,124,2096,18,561,8893,107841,5991,5991,20732,19.22
39033,Crawford County,Ohio,2010,8,47,829,8,190,3725,43784,5473,5473,2491,5.69
39035,Cuyahoga County,Ohio,2010,139,1126,17790,315,8894,186848,1280122,9209,4063,246210,19.23
39037,Darke County,Ohio,2010,8,56,805,8,340,6247,52959,6619,6619,2136,4.03
39047,Fayette County,Ohio,2010,5,28,419,9,200,4355,29030,5806,3225,1227,4.23
39049,Franklin County,Ohio,2010,112,1438,24430,238,9001,203246,1163414,10387,4888,275641,23.69
39051,Fulton County,Ohio,2010,8,53,895,5,265,4771,42698,5337,8539,5769,13.51
39057,Greene County,Ohio,2010,19,146,2138,21,1061,23799,161573,8503,7693,53645,33.2
39059,Guernsey County,Ohio,2010,12,74,1191,10,229,3810,40087,3340,4008,5798,14.46
39061,Hamilton County,Ohio,2010,84,753,11777,171,7356,162175,802374,9552,4692,218887,27.28
39071,Highland County,Ohio,2010,8,52,868,7,210,4562,43589,5448,6227,1880,4.31
39075,Holmes County,Ohio,2010,6,31,372,9,245,3189,42366,7061,4707,876,2.07
39081,Jefferson County,Ohio,2010,13,117,1914,20,579,10142,69709,5362,3485,14156,20.31
39083,Knox County,Ohio,2010,12,92,1417,12,369,6493,60921,5076,5076,9597,15.75
39085,Lake County,Ohio,2010,24,209,3361,34,1781,36743,230041,9585,6765,89226,38.79
39089,Licking County,Ohio,2010,17,148,2730,22,1200,24426,166492,9793,7567,26577,15.96
39091,Logan County,Ohio,2010,9,89,1376,14,267,4769,45858,5095,3275,3483,7.59
39093,Lorain County,Ohio,2010,37,326,4809,54,1995,37880,301356,8144,5580,77344,25.67
39099,Mahoning County,Ohio,2010,37,283,4587,56,1893,31511,238823,6454,4264,69801,29.23
39103,Medina County,Ohio,2010,13,107,1679,21,1811,29723,172332,13256,8206,44493,25.82
39107,Mercer County,Ohio,2010,5,44,665,7,242,3534,40814,8162,5830,3252,7.97
39109,Miami County,Ohio,2010,14,112,1647,9,480,10303,102506,7321,11389,15636,15.25
39113,Montgomery County,Ohio,2010,74,631,10328,77,3629,80957,535153,7231,6950,158183,29.56
39119,Muskingum County,Ohio,2010,13,98,1671,15,520,9400,86074,6621,5738,15122,17.57
39133,Portage County,Ohio,2010,19,118,1957,19,844,17297,161419,8495,8495,33164,20.55
39137,Putnam County,Ohio,2010,6,34,519,6,170,1673,34499,5749,5749,5023,14.56
39139,Richland County,Ohio,2010,18,163,2705,24,795,16509,124475,6915,5186,26630,21.39
39141,Ross County,Ohio,2010,13,111,1644,11,434,8702,78064,6004,7096,8566,10.97
39143,Sandusky County,Ohio,2010,10,92,1309,11,413,7321,60944,6094,5540,6159,10.11
39145,Scioto County,Ohio,2010,16,118,2096,13,474,9632,79499,4968,6115,13468,16.94
39149,Shelby County,Ohio,2010,6,54,814,9,369,6950,49423,8237,5491,7569,15.32
39151,Stark County,Ohio,2010,51,404,6587,64,2964,61712,375586,7364,5868,103577,27.58
39153,Summit County,Ohio,2010,58,526,8545,88,4917,100404,541781,9341,6156,189680,35.01
39155,Trumbull County,Ohio,2010,41,349,5598,47,1552,26795,210312,5129,4474,46163,21.95
39157,Tuscarawas County,Ohio,2010,19,146,2511,16,738,12650,92582,4872,5786,17559,18.97
39159,Union County,Ohio,2010,6,45,693,6,181,4015,52300,8716,8716,7338,14.03
39165,Warren County,Ohio,2010,15,97,2149,27,1856,38141,212693,14179,7877,69595,32.72
39167,Washington County,Ohio,2010,13,84,1646,13,512,9906,61778,4752,4752,5187,8.4
39173,Wood County,Ohio,2010,20,320,4705,22,741,14797,125488,6274,5704,36555,29.13
40013,Bryan County,Oklahoma,2010,10,68,1154,5,130,1819,42416,4241,8483,8287,19.54
40019,Carter County,Oklahoma,2010,17,121,2215,9,173,3353,47557,2797,5284,4569,9.61
40027,Cleveland County,Oklahoma,2010,26,189,3342,45,1326,30172,255755,9836,5683,61262,23.95
40037,Creek County,Oklahoma,2010,11,107,1761,7,299,4782,69967,6360,9995,13189,18.85
40079,Le Flore County,Oklahoma,2010,17,134,2103,6,228,3231,50384,2963,8397,6919,13.73
40089,McCurtain County,Oklahoma,2010,6,33,606,7,173,3880,33151,5525,4735,5474,16.51
40091,McIntosh County,Oklahoma,2010,4,25,417,5,163,3515,20252,5063,4050,2583,12.76
40101,Muskogee County,Oklahoma,2010,17,131,2071,11,319,5849,70990,4175,6453,8901,12.54
40109,Oklahoma County,Oklahoma,2010,102,795,12914,176,4312,99818,718633,7045,4083,183238,25.5
40113,Osage County,Oklahoma,2010,7,49,732,3,101,1500,47472,6781,15824,13639,28.73
40121,Pittsburg County,Oklahoma,2010,10,111,1524,6,122,1908,45837,4583,7639,19048,41.56
40123,Pontotoc County,Oklahoma,2010,8,70,858,5,86,1462,37492,4686,7498,8275,22.07
40137,Stephens County,Oklahoma,2010,10,72,1184,8,168,2784,45048,4504,5631,7586,16.84
40139,Texas County,Oklahoma,2010,5,32,512,4,78,1224,20640,4128,5160,17165,83.16
40143,Tulsa County,Oklahoma,2010,79,732,11996,78,4443,82979,603403,7638,7735,154010,25.52
41001,Baker County,Oregon,2010,3,38,618,8,197,4145,16134,5378,2016,5866,36.36
41003,Benton County,Oregon,2010,5,27,502,15,772,17659,85579,17115,5705,17285,20.2
41019,Douglas County,Oregon,2010,6,73,1109,22,764,17797,107667,17944,4893,29194,27.12
41029,Jackson County,Oregon,2010,11,200,3519,36,1663,42684,203206,18473,5644,33532,16.5
41035,Klamath County,Oregon,2010,4,82,1562,14,400,10553,66380,16595,4741,22196,33.44
41039,Lane County,Oregon,2010,19,232,3928,59,2756,67492,351715,18511,5961,53955,15.34
41041,Lincoln County,Oregon,2010,5,21,547,19,514,11479,46034,9206,2422,7013,15.23
41043,Linn County,Oregon,2010,8,93,2063,23,682,14450,116672,14584,5072,28180,24.15
41051,Multnomah County,Oregon,2010,27,362,6090,133,5530,136604,735334,27234,5528,92502,12.58
42001,Adams County,Pennsylvania,2010,9,53,874,15,720,10902,101407,11267,6760,11466,11.31
42003,Allegheny County,Pennsylvania,2010,134,1138,17514,204,13267,260528,1223348,9129,5996,351583,28.74
42005,Armstrong County,Pennsylvania,2010,12,102,1644,16,491,7347,68941,5745,4308,3674,5.33
42007,Beaver County,Pennsylvania,2010,23,208,3123,27,1369,20085,170539,7414,6316,67605,39.64
42009,Bedford County,Pennsylvania,2010,10,85,1040,12,367,6216,49762,4976,4146,6537,13.14
42011,Berks County,Pennsylvania,2010,30,220,4111,76,3687,59782,411442,13714,5413,63317,15.39
42013,Blair County,Pennsylvania,2010,25,264,4045,18,1162,22196,127089,5083,7060,23261,18.3
42015,Bradford County,Pennsylvania,2010,13,97,1422,16,553,8824,62622,4817,3913,7590,12.12
42017,Bucks County,Pennsylvania,2010,47,976,15036,101,7668,151859,625249,13303,6190,212534,33.99
42019,Butler County,Pennsylvania,2010,19,193,3441,30,1467,25726,183862,9676,6128,41421,22.53
42025,Carbon County,Pennsylvania,2010,10,57,965,11,439,8104,65249,6524,5931,7549,11.57
42029,Chester County,Pennsylvania,2010,29,251,4102,68,5121,109164,498886,17202,7336,195262,39.14
42031,Clarion County,Pennsylvania,2010,8,111,1775,14,289,4490,39988,4998,2856,2758,6.9
42033,Clearfield County,Pennsylvania,2010,20,153,2422,16,524,9779,81642,4082,5102,11640,14.26
42037,Columbia County,Pennsylvania,2010,12,98,1513,10,785,11227,67295,5607,6729,7456,11.08
42041,Cumberland County,Pennsylvania,2010,19,166,2457,37,3495,59734,235406,12389,6362,46342,19.69
42043,Dauphin County,Pennsylvania,2010,27,226,4019,53,3020,49220,268100,9929,5058,107615,40.14
42045,Delaware County,Pennsylvania,2010,51,341,5418,112,5187,121046,558979,10960,4990,114579,20.5
42047,Elk County,Pennsylvania,2010,5,31,421,8,201,2925,31946,6389,3993,3039,9.51
42049,Erie County,Pennsylvania,2010,38,292,4840,38,2496,43229,280566,7383,7383,73860,26.33
42051,Fayette County,Pennsylvania,2010,22,181,3201,29,1126,18659,136606,6209,4710,22600,16.54
42059,Greene County,Pennsylvania,2010,8,65,1000,9,466,9527,38686,4835,4298,6042,15.62
42061,Huntingdon County,Pennsylvania,2010,11,68,1002,6,323,5545,45913,4173,7652,1332,2.9
42063,Indiana County,Pennsylvania,2010,12,113,1737,10,555,7490,88880,7406,8888,9691,10.9
42065,Jefferson County,Pennsylvania,2010,12,56,814,11,359,5731,45200,3766,4109,2389,5.28
42069,Lackawanna County,Pennsylvania,2010,32,223,3729,43,3064,48853,214437,6701,4986,24220,11.29
42071,Lancaster County,Pennsylvania,2010,47,673,13776,110,7678,117026,519445,11052,4722,133673,25.73
42073,Lawrence County,Pennsylvania,2010,17,181,2671,9,557,10173,91108,5359,10123,26492,29.08
42075,Lebanon County,Pennsylvania,2010,11,99,1690,32,1419,21845,133568,12142,4174,24983,18.7
42077,Lehigh County,Pennsylvania,2010,26,268,4185,78,3945,68379,349497,13442,4480,91342,26.14
42079,Luzerne County,Pennsylvania,2010,46,384,6596,59,3502,55338,320918,6976,5439,56425,17.58
42085,Mercer County,Pennsylvania,2010,22,196,2980,19,739,13541,116638,5301,6138,16447,14.1
42089,Monroe County,Pennsylvania,2010,17,152,2431,25,1747,32091,169842,9990,6793,50922,29.98
42091,Montgomery County,Pennsylvania,2010,46,355,5531,139,9859,208178,799874,17388,5754,231495,28.94
42097,Northumberland County,Pennsylvania,2010,13,93,1375,18,794,10597,94528,7271,5251,11348,12.0
42101,Philadelphia County,Pennsylvania,2010,198,1231,22004,527,9727,225175,1526006,7707,2895,13014,0.85
42107,Schuylkill County,Pennsylvania,2010,20,124,2411,34,1387,20450,148289,7414,4361,9833,6.63
42109,Snyder County,Pennsylvania,2010,8,89,1159,14,505,7576,39702,4962,2835,1980,4.99
42113,Sullivan County,Pennsylvania,2010,4,23,261,4,122,1834,6428,1607,1607,2211,34.4
42117,Tioga County,Pennsylvania,2010,9,97,1465,8,275,4255,41981,4664,5247,1379,3.28
42121,Venango County,Pennsylvania,2010,9,80,1322,15,373,5805,54984,6109,3665,4631,8.42
42125,Washington County,Pennsylvania,2010,20,154,2453,34,1461,24329,207820,10391,6112,56007,26.95
42127,Wayne County,Pennsylvania,2010,9,58,773,15,622,10093,52822,5869,3521,2138,4.05
42129,Westmoreland County,Pennsylvania,2010,52,415,6516,53,2580,48143,365169,7022,6889,121341,33.23
42133,York County,Pennsylvania,2010,43,385,5754,64,4356,70781,434972,10115,6796,113962,26.2
44003,Kent County,Rhode Island,2010,18,244,4704,23,1484,35873,166158,9231,7224,53506,32.2
44007,Providence County,Rhode Island,2010,53,571,11477,121,5231,113686,626667,11823,5179,124418,19.85
44009,Washington County,Rhode Island,2010,17,166,3971,32,1588,36527,126979,7469,3968,42981,33.85
45003,Aiken County,South Carolina,2010,32,276,4269,30,1187,22868,160099,5003,5336,35221,22.0
45007,Anderson County,South Carolina,2010,38,294,4967,26,1546,25754,187126,4924,7197,56938,30.43
45009,Bamberg County,South Carolina,2010,9,67,931,4,91,1905,15987,1776,3996,2415,15.11
45013,Beaufort County,South Carolina,2010,20,186,2827,32,1633,35692,162233,8111,5069,49037,30.23
45015,Berkeley County,South Carolina,2010,23,201,3361,18,892,15166,177843,7732,9880,40370,22.7
45019,Charleston County,South Carolina,2010,55,424,7077,90,3757,74729,350209,6367,3891,64105,18.3
45025,Chesterfield County,South Carolina,2010,12,86,1265,13,339,5061,46734,3894,3594,6370,13.63
45027,Clarendon County,South Carolina,2010,11,66,1036,5,305,3506,34971,3179,6994,1667,4.77
45029,Colleton County,South Carolina,2010,8,69,1037,13,355,5285,38892,4861,2991,9243,23.76
45031,Darlington County,South Carolina,2010,17,160,2316,13,569,8338,68681,4040,5283,9759,14.21
45033,Dillon County,South Carolina,2010,9,70,1015,7,171,2955,32062,3562,4580,3257,10.16
45035,Dorchester County,South Carolina,2010,16,151,2369,16,1012,18432,136555,8534,8534,26712,19.56
45041,Florence County,South Carolina,2010,35,315,4876,41,1039,18807,136885,3911,3338,30786,22.49
45045,Greenville County,South Carolina,2010,77,583,9474,86,4266,91170,451225,5860,5246,144872,32.11
45051,Horry County,South Carolina,2010,75,568,9212,56,2259,45059,269291,3590,4808,46637,17.32
45057,Lancaster County,South Carolina,2010,9,68,1184,22,473,8538,76652,8516,3484,10055,13.12
45063,Lexington County,South Carolina,2010,52,370,6000,41,1914,33269,262391,5045,6399,60873,23.2
45075,Orangeburg County,South Carolina,2010,31,289,4160,26,803,11961,92501,2983,3557,12326,13.33
45079,Richland County,South Carolina,2010,48,444,7416,57,2778,49199,384504,8010,6745,103362,26.88
45085,Sumter County,South Carolina,2010,24,205,3002,21,899,10364,107456,4477,5116,23788,22.14
45087,Union County,South Carolina,2010,11,63,892,7,179,2675,28961,2632,4137,2488,8.59
45089,Williamsburg County,South Carolina,2010,12,78,2148,9,260,4095,34423,2868,3824,2577,7.49
45091,York County,South Carolina,2010,36,298,4628,39,1562,26477,226073,6279,5796,51932,22.97
46019,Butte County,South Dakota,2010,3,41,842,4,97,1775,10110,3370,2527,2435,24.08
46099,Minnehaha County,South Dakota,2010,14,144,2841,24,2308,36594,169468,12104,7061,33775,19.93
46103,Pennington County,South Dakota,2010,8,54,1295,21,744,13195,100948,12618,4807,30385,30.1
46109,Roberts County,South Dakota,2010,4,56,890,5,95,1137,10149,2537,2029,4390,43.26
47001,Anderson County,Tennessee,2010,11,108,1747,13,643,11588,75129,6829,5779,14017,18.66
47009,Blount County,Tennessee,2010,15,99,1668,16,778,14144,123010,8200,7688,40483,32.91
47011,Bradley County,Tennessee,2010,12,111,1617,19,473,7929,98963,8246,5208,27711,28.0
47013,Campbell County,Tennessee,2010,8,50,834,10,221,3917,40716,5089,4071,6372,15.65
47023,Chester County,Tennessee,2010,5,42,629,5,116,1425,17131,3426,3426,2284,13.33
47025,Claiborne County,Tennessee,2010,4,29,409,7,244,3409,32213,8053,4601,6096,18.92
47031,Coffee County,Tennessee,2010,13,76,1324,11,258,4856,52796,4061,4799,8085,15.31
47035,Cumberland County,Tennessee,2010,9,90,1463,9,450,8346,56053,6228,6228,8083,14.42
47037,Davidson County,Tennessee,2010,73,930,16817,134,4873,117483,626681,8584,4676,153981,24.57
47041,DeKalb County,Tennessee,2010,5,46,579,4,61,1012,18723,3744,4680,433,2.31
47045,Dyer County,Tennessee,2010,12,78,1208,9,179,3174,38335,3194,4259,11278,29.42
47049,Fentress County,Tennessee,2010,5,65,764,6,100,1255,17959,3591,2993,49,0.27
47051,Franklin County,Tennessee,2010,7,54,753,10,175,3317,41052,5864,4105,7667,18.68
47065,Hamilton County,Tennessee,2010,53,393,6654,62,2526,46196,336463,6348,5426,127478,37.89
47071,Hardin County,Tennessee,2010,7,53,744,8,180,3270,26026,3718,3253,3073,11.81
47081,Hickman County,Tennessee,2010,5,36,712,4,80,1015,24690,4938,6172,2279,9.23
47093,Knox County,Tennessee,2010,42,438,7077,71,4140,78903,432226,10291,6087,166361,38.49
47115,Marion County,Tennessee,2010,7,49,802,4,127,2175,28237,4033,7059,2115,7.49
47119,Maury County,Tennessee,2010,16,137,1934,15,626,13841,80956,5059,5397,13115,16.2
47123,Monroe County,Tennessee,2010,12,81,1188,7,309,5921,44519,3709,6359,2263,5.08
47133,Overton County,Tennessee,2010,6,60,899,7,117,1933,22083,3680,3154,350,1.59
47139,Polk County,Tennessee,2010,8,51,783,3,86,1536,16825,2103,5608,42,0.25
47145,Roane County,Tennessee,2010,10,59,1082,7,376,7169,54181,5418,7740,13850,25.56
47149,Rutherford County,Tennessee,2010,31,283,4452,36,1811,41989,262604,8471,7294,61980,23.6
47151,Scott County,Tennessee,2010,5,25,466,4,67,981,22228,4445,5557,1314,5.91
47155,Sevier County,Tennessee,2010,18,143,2496,22,1091,21428,89889,4993,4085,11506,12.8
47157,Shelby County,Tennessee,2010,125,1288,19440,189,6356,144805,927644,7421,4908,254098,27.39
47161,Stewart County,Tennessee,2010,5,28,367,4,71,1214,13324,2664,3331,1929,14.48
47163,Sullivan County,Tennessee,2010,22,181,2988,23,1222,19912,156823,7128,6818,58586,37.36
47177,Warren County,Tennessee,2010,13,132,2047,9,239,4153,39839,3064,4426,2343,5.88
48001,Anderson County,Texas,2010,13,69,1224,4,210,3823,58458,4496,14614,24126,41.27
48037,Bowie County,Texas,2010,23,143,2332,13,499,9108,92565,4024,7120,27240,29.43
48039,Brazoria County,Texas,2010,32,260,4225,29,2095,38992,313166,9786,10798,82488,26.34
48041,Brazos County,Texas,2010,16,134,2310,21,1671,29752,194851,12178,9278,66010,33.88
48049,Brown County,Texas,2010,9,79,1506,6,170,2902,38106,4234,6351,15830,41.54
48061,Cameron County,Texas,2010,65,427,6838,47,2589,54062,406220,6249,8642,112245,27.63
48071,Chambers County,Texas,2010,5,42,1059,7,175,2923,35096,7019,5013,6360,18.12
48085,Collin County,Texas,2010,44,354,6257,80,6691,136291,782341,17780,9779,116558,14.9
48113,Dallas County,Texas,2010,260,2113,38248,370,18387,379465,2368139,9108,6400,473273,19.99
48121,Denton County,Texas,2010,44,420,6646,51,3450,67004,662614,15059,12992,143217,21.61
48135,Ector County,Texas,2010,20,130,2501,16,1002,17712,137130,6856,8570,30948,22.57
48141,El Paso County,Texas,2010,120,982,15221,110,4426,78235,800647,6672,7278,179137,22.37
48157,Fort Bend County,Texas,2010,32,234,4714,71,4371,86543,585375,18292,8244,177770,30.37
48167,Galveston County,Texas,2010,30,225,3901,42,2156,44690,291309,9710,6935,101777,34.94
48183,Gregg County,Texas,2010,33,249,4006,16,981,19631,121730,3688,7608,29652,24.36
48199,Hardin County,Texas,2010,9,46,879,7,277,5337,54635,6070,7805,15213,27.84
48201,Harris County,Texas,2010,348,2771,49102,718,32255,665281,4092459,11759,5699,886069,21.65
48203,Harrison County,Texas,2010,17,95,1593,11,333,6809,65631,3860,5966,11560,17.61
48213,Henderson County,Texas,2010,18,111,1865,13,372,7863,78532,4362,6040,19106,24.33
48215,Hidalgo County,Texas,2010,118,763,12803,65,5140,101690,774769,6565,11919,330466,42.65
48221,Hood County,Texas,2010,7,52,829,13,417,7573,51182,7311,3937,17970,35.11
48223,Hopkins County,Texas,2010,4,30,431,3,132,2045,35161,8790,11720,5636,16.03
48225,Houston County,Texas,2010,5,29,457,5,135,2558,23732,4746,4746,9135,38.49
48245,Jefferson County,Texas,2010,39,266,4603,44,1869,35339,252273,6468,5733,72991,28.93
48249,Jim Wells County,Texas,2010,8,53,848,12,319,6192,40838,5104,3403,7568,18.53
48251,Johnson County,Texas,2010,21,157,2671,16,640,15641,150934,7187,9433,34247,22.69
48257,Kaufman County,Texas,2010,15,111,1923,10,428,10035,103350,6890,10335,8744,8.46
48277,Lamar County,Texas,2010,12,109,1877,6,214,3896,49793,4149,8298,15754,31.64
48279,Lamb County,Texas,2010,5,41,604,6,134,2260,13977,2795,2329,505,3.61
48291,Liberty County,Texas,2010,11,69,1226,14,463,7946,75643,6876,5403,15789,20.87
48323,Maverick County,Texas,2010,17,111,1829,9,470,9782,54258,3191,6028,17177,31.66
48329,Midland County,Texas,2010,13,105,1716,13,1064,19092,136872,10528,10528,40560,29.63
48339,Montgomery County,Texas,2010,39,332,5749,43,3397,70589,455746,11685,10598,100452,22.04
48341,Moore County,Texas,2010,4,35,581,4,126,2046,21904,5476,5476,6929,31.64
48349,Navarro County,Texas,2010,11,128,1862,8,320,7263,47735,4339,5966,12922,27.07
48361,Orange County,Texas,2010,14,88,1535,14,552,9851,81837,5845,5845,19949,24.38
48363,Palo Pinto County,Texas,2010,5,26,387,8,118,1950,28111,5622,3513,10532,37.46
48365,Panola County,Texas,2010,4,18,307,4,186,3126,23796,5949,5949,4697,19.74
48365,Wyoming County,West Virginia,2010,4,18,307,4,186,3126,23796,5949,5949,4697,19.74
48367,Parker County,Texas,2010,9,70,1248,8,461,8795,116927,12991,14615,21113,18.06
48375,Potter County,Texas,2010,21,155,2784,13,1161,19883,121073,5765,9313,37056,30.61
48399,Runnels County,Texas,2010,4,25,408,3,94,1429,10501,2625,3500,3026,28.82
48401,Rusk County,Texas,2010,9,51,1020,5,199,3926,53330,5925,10666,14339,26.89
48419,Shelby County,Texas,2010,7,43,681,6,188,3266,25448,3635,4241,3832,15.06
48439,Tarrant County,Texas,2010,164,1364,22269,221,12987,248482,1809034,11030,8185,503753,27.85
48441,Taylor County,Texas,2010,17,125,2034,12,1113,19269,131506,7735,10958,37889,28.81
48449,Titus County,Texas,2010,6,47,834,6,195,3440,32334,5389,5389,4538,14.03
48451,Tom Green County,Texas,2010,16,108,1802,13,731,14100,110224,6889,8478,33804,30.67
48453,Travis County,Texas,2010,58,565,9911,129,10800,251060,1024266,17659,7940,296491,28.95
48471,Walker County,Texas,2010,6,45,513,6,316,5779,67861,11310,11310,20157,29.7
48477,Washington County,Texas,2010,4,29,400,5,312,5918,33718,8429,6743,4547,13.49
48479,Webb County,Texas,2010,29,229,3325,43,2140,45318,250304,8631,5821,44797,17.9
48485,Wichita County,Texas,2010,19,194,2753,14,1039,17207,131500,6921,9392,43104,32.78
48497,Wise County,Texas,2010,13,74,1085,8,184,3727,59127,4548,7390,3662,6.19
49003,Box Elder County,Utah,2010,6,70,734,5,395,6827,49975,8329,9995,8873,17.75
49011,Davis County,Utah,2010,16,144,2348,22,1740,33070,306479,19154,13930,85082,27.76
49013,Duchesne County,Utah,2010,4,27,571,5,266,4529,18607,4651,3721,5147,27.66
49027,Millard County,Utah,2010,4,30,467,5,197,2002,12503,3125,2500,5078,40.61
49035,Salt Lake County,Utah,2010,56,626,11977,135,8193,169715,1029655,18386,7627,118179,11.48
49049,Utah County,Utah,2010,21,202,3178,48,2925,56638,516564,24598,10761,118502,22.94
49053,Washington County,Utah,2010,11,149,2228,16,842,18606,138115,12555,8632,38175,27.64
49057,Weber County,Utah,2010,19,200,4837,35,1696,37692,231236,12170,6606,57291,24.78
50015,Lamoille County,Vermont,2010,5,46,746,10,404,7414,24475,4895,2447,543,2.22
50019,Orleans County,Vermont,2010,7,58,919,17,436,7182,27231,3890,1601,4360,16.01
50023,Washington County,Vermont,2010,9,94,1394,26,1083,18538,59534,6614,2289,5880,9.88
50025,Windham County,Vermont,2010,7,51,885,19,684,13585,44513,6359,2342,4259,9.57
50027,Windsor County,Vermont,2010,8,120,2402,29,550,9545,56670,7083,1954,7079,12.49
51001,Accomack County,Virginia,2010,10,87,1315,10,251,4345,33164,3316,3316,1528,4.61
51003,Albemarle County,Virginia,2010,7,81,1223,21,941,22434,98970,14138,4712,15462,15.62
51011,Appomattox County,Virginia,2010,5,23,360,3,147,2054,14973,2994,4991,445,2.97
51013,Arlington County,Virginia,2010,9,41,953,42,1542,43863,207627,23069,4943,5136,2.47
51015,Augusta County,Virginia,2010,12,79,1342,11,271,4242,73750,6145,6704,9496,12.88
51019,Bedford County,Virginia,2010,5,23,444,10,308,6954,68676,13735,6867,7638,11.12
51027,Buchanan County,Virginia,2010,6,67,1128,6,241,3212,24098,4016,4016,1357,5.63
51041,Chesterfield County,Virginia,2010,30,274,4623,41,2429,46846,316236,10541,7713,116514,36.84
51047,Culpeper County,Virginia,2010,4,31,592,11,382,6679,46689,11672,4244,2194,4.7
51051,Dickenson County,Virginia,2010,5,25,395,4,146,2341,15903,3180,3975,30,0.19
51053,Dinwiddie County,Virginia,2010,4,34,535,6,154,2617,28001,7000,4666,5848,20.89
51059,Fairfax County,Virginia,2010,43,224,5007,184,8663,239959,1081726,25156,5878,205515,19.0
51061,Fauquier County,Virginia,2010,5,24,465,12,555,13403,65203,13040,5433,8123,12.46
51079,Greene County,Virginia,2010,4,23,341,3,98,1713,18403,4600,6134,0,0.0
51083,Halifax County,Virginia,2010,9,65,823,9,163,2737,36241,4026,4026,9534,26.31
51085,Hanover County,Virginia,2010,9,86,1173,14,932,17264,99863,11095,7133,19821,19.85
51087,Henrico County,Virginia,2010,28,308,4957,67,3319,69451,306935,10961,4581,69020,22.49
51089,Henry County,Virginia,2010,12,146,2051,14,300,4882,54151,4512,3867,10402,19.21
51107,Loudoun County,Virginia,2010,16,110,2137,49,3551,85294,312311,19519,6373,39430,12.63
51121,Montgomery County,Virginia,2010,7,76,1169,17,616,11978,94392,13484,5552,7891,8.36
51135,Nottoway County,Virginia,2010,4,30,476,5,57,957,15853,3963,3170,7976,50.31
51143,Pittsylvania County,Virginia,2010,13,96,1273,8,237,3387,63506,4885,7938,9790,15.42
51147,Prince Edward County,Virginia,2010,4,65,796,6,110,1832,23368,5842,3894,3510,15.02
51153,Prince William County,Virginia,2010,22,153,3086,62,3387,81552,402002,18272,6483,82733,20.58
51155,Pulaski County,Virginia,2010,8,71,1233,7,314,5751,34872,4359,4981,5227,14.99
51165,Rockingham County,Virginia,2010,11,72,1000,11,290,4468,76314,6937,6937,14849,19.46
51167,Russell County,Virginia,2010,5,33,488,5,151,2319,28897,5779,5779,2118,7.33
51169,Scott County,Virginia,2010,8,55,853,5,296,4616,23177,2897,4635,2780,12.0
51191,Washington County,Virginia,2010,11,112,1676,13,532,8640,54876,4988,4221,6863,12.51
51193,Westmoreland County,Virginia,2010,5,27,430,5,132,2066,17454,3490,3490,3074,17.61
51195,Wise County,Virginia,2010,13,83,1392,10,551,8278,41452,3188,4145,3924,9.47
51197,Wythe County,Virginia,2010,6,30,629,5,166,2446,29235,4872,5847,1167,3.99
51510,Alexandria city,Virginia,2010,8,35,748,29,1459,40888,139966,17495,4826,0,0.0
51520,Bristol city,Virginia,2010,5,37,487,6,385,6985,17835,3567,2972,5023,28.16
51540,Charlottesville city,Virginia,2010,4,63,1004,19,760,16939,43475,10868,2288,1153,2.65
51590,Danville city,Virginia,2010,12,119,1967,17,391,6588,43055,3587,2532,6395,14.85
51640,Galax city,Virginia,2010,3,52,869,4,165,2774,7042,2347,1760,190,2.69
51640,Lexington city,Virginia,2010,3,52,869,4,165,2774,7042,2347,1760,190,2.69
51660,Harrisonburg city,Virginia,2010,11,104,1893,17,633,11302,48914,4446,2877,4208,8.6
51670,Hopewell city,Virginia,2010,5,28,552,8,133,2500,22591,4518,2823,6541,28.95
51680,Lynchburg city,Virginia,2010,11,103,1622,15,679,12905,75568,6869,5037,19951,26.4
51740,Portsmouth city,Virginia,2010,18,154,2459,13,559,10005,95535,5307,7348,14240,14.91
51760,Richmond city,Virginia,2010,25,198,3359,63,1568,31329,204214,8168,3241,41569,20.36
51770,Roanoke city,Virginia,2010,16,136,2389,26,837,15812,97032,6064,3732,23017,23.72
51800,Suffolk city,Virginia,2010,7,57,903,17,679,10919,84585,12083,4975,16356,19.34
51810,Virginia Beach city,Virginia,2010,40,415,6280,73,3629,67248,437994,10949,5999,78720,17.97
51820,Dakota County,Nebraska,2010,6,73,1057,8,373,7525,21006,3501,2625,3256,15.5
51820,Waynesboro city,Virginia,2010,6,73,1057,8,373,7525,21006,3501,2625,3256,15.5
53005,Benton County,Washington,2010,9,175,2842,19,991,26170,175177,19464,9219,37788,21.57
53007,Chelan County,Washington,2010,5,83,1506,19,648,14628,72453,14490,3813,15758,21.75
53011,Clark County,Washington,2010,12,167,2898,57,2580,63703,425363,35446,7462,88356,20.77
53015,Cowlitz County,Washington,2010,11,185,4133,15,649,15779,102410,9310,6827,27626,26.98
53025,Grant County,Washington,2010,4,57,990,22,566,12768,89120,22280,4050,20205,22.67
53027,Grays Harbor County,Washington,2010,10,72,1537,34,639,16362,72797,7279,2141,14221,19.53
53033,King County,Washington,2010,63,609,10885,498,17666,479038,1931249,30654,3878,333424,17.26
53041,Lewis County,Washington,2010,6,92,2190,29,677,15242,75455,12575,2601,12728,16.87
53053,Pierce County,Washington,2010,34,734,9815,142,4554,127343,795225,23388,5600,266740,33.54
53061,Snohomish County,Washington,2010,24,254,4182,152,5455,148707,713335,29722,4692,173059,24.26
53063,Spokane County,Washington,2010,23,339,5854,83,3738,94860,471221,20487,5677,80077,16.99
53065,Stevens County,Washington,2010,4,19,296,9,259,5953,43531,10882,4836,12902,29.64
53073,Whatcom County,Washington,2010,9,91,1487,34,1701,39316,201140,22348,5915,50884,25.3
53077,Yakima County,Washington,2010,13,129,2160,62,1812,40423,243231,18710,3923,30242,12.43
54005,Boone County,West Virginia,2010,7,83,1285,6,173,3495,24629,3518,4104,751,3.05
54011,Cabell County,West Virginia,2010,22,189,3184,18,674,13561,96319,4378,5351,12569,13.05
54019,Fayette County,West Virginia,2010,12,83,1379,13,291,5592,46039,3836,3541,6288,13.66
54025,Greenbrier County,West Virginia,2010,12,135,2181,6,232,5011,35480,2956,5913,3720,10.48
54027,Hampshire County,West Virginia,2010,7,43,606,4,87,1296,23964,3423,5991,6117,25.53
54033,Harrison County,West Virginia,2010,16,142,2110,13,405,8199,69099,4318,5315,11092,16.05
54035,Jackson County,West Virginia,2010,7,54,877,3,124,2677,29211,4173,9737,3449,11.81
54039,Kanawha County,West Virginia,2010,40,318,5402,39,1572,32029,193063,4826,4950,48214,24.97
54045,Logan County,West Virginia,2010,9,65,1056,14,305,5743,36743,4082,2624,1933,5.26
54049,Marion County,West Virginia,2010,12,90,1487,8,310,5441,56418,4701,7052,7896,14.0
54051,Marshall County,West Virginia,2010,5,55,789,6,219,4509,33107,6621,5517,8418,25.43
54055,Mercer County,West Virginia,2010,15,147,2040,15,372,8119,62264,4150,4150,13304,21.37
54059,Mingo County,West Virginia,2010,6,42,730,5,57,855,26839,4473,5367,271,1.01
54061,Monongalia County,West Virginia,2010,11,88,1523,13,651,14551,96189,8744,7399,24543,25.52
54077,Preston County,West Virginia,2010,9,79,1588,5,121,1681,33520,3724,6704,7447,22.22
54081,Raleigh County,West Virginia,2010,20,185,3014,15,508,10351,78859,3942,5257,25057,31.78
54097,Upshur County,West Virginia,2010,5,33,546,5,159,3175,24254,4850,4850,961,3.96
54099,Wayne County,West Virginia,2010,5,34,531,6,98,1415,42481,8496,7080,5924,13.95
54103,Wetzel County,West Virginia,2010,7,41,648,6,141,2380,16583,2369,2763,7203,43.44
55005,Barron County,Wisconsin,2010,10,212,4070,8,298,4947,45870,4587,5733,3811,8.31
55025,Dane County,Wisconsin,2010,24,403,6995,77,4623,84997,488073,20336,6338,110749,22.69
55035,Eau Claire County,Wisconsin,2010,8,77,960,15,965,13653,98736,12342,6582,26549,26.89
55039,Fond du Lac County,Wisconsin,2010,12,195,4056,14,823,14560,101633,8469,7259,14228,14.0
55043,Grant County,Wisconsin,2010,10,197,3141,12,302,4581,51208,5120,4267,6565,12.82
55045,Jasper County,Iowa,2010,7,104,1892,7,267,4766,36842,5263,5263,5301,14.39
55045,Green County,Wisconsin,2010,7,104,1892,7,267,4766,36842,5263,5263,5301,14.39
55055,Jefferson County,Wisconsin,2010,7,28,671,15,685,9930,83686,11955,5579,7620,9.11
55059,Kenosha County,Wisconsin,2010,10,93,1435,26,1197,27491,166426,16642,6401,46129,27.72
55069,Lincoln County,Wisconsin,2010,6,37,561,5,414,5761,28743,4790,5748,4904,17.06
55073,Marathon County,Wisconsin,2010,16,276,5440,28,1085,17541,134063,8378,4787,27814,20.75
55075,Marinette County,Wisconsin,2010,6,30,450,11,559,7526,41749,6958,3795,7521,18.01
55079,Milwaukee County,Wisconsin,2010,62,774,12947,203,6912,144515,947735,15286,4668,124078,13.09
55085,Oneida County,Wisconsin,2010,5,27,447,6,404,5964,35998,7199,5999,4305,11.96
55093,Pierce County,Wisconsin,2010,3,42,789,7,306,4886,41019,13673,5859,5318,12.96
55095,Polk County,Wisconsin,2010,8,44,652,12,377,5962,44205,5525,3683,983,2.22
55099,Price County,Wisconsin,2010,7,75,1074,4,177,2997,14159,2022,3539,1638,11.57
55101,Racine County,Wisconsin,2010,13,218,3434,36,895,16755,195408,15031,5428,57826,29.59
55105,Rock County,Wisconsin,2010,17,301,5174,24,982,21369,160331,9431,6680,49550,30.9
55111,Sauk County,Wisconsin,2010,10,226,4312,13,529,8156,61976,6197,4767,3246,5.24
55115,Shawano County,Wisconsin,2010,6,31,419,6,171,2921,41949,6991,6991,6489,15.47
55135,Waupaca County,Wisconsin,2010,10,214,4635,9,514,8042,52410,5241,5823,8031,15.32
55137,Waushara County,Wisconsin,2010,5,49,958,8,180,2906,24496,4899,3062,309,1.26
56007,Carbon County,Wyoming,2010,5,46,954,5,123,4082,15885,3177,3177,8596,54.11
56013,Fremont County,Wyoming,2010,6,60,1361,10,494,7705,40123,6687,4012,6165,15.37
56021,Laramie County,Wyoming,2010,5,55,825,10,470,11108,91738,18347,9173,22102,24.09
56025,Natrona County,Wyoming,2010,9,84,1496,11,409,9847,75450,8383,6859,32267,42.77
