GeoID,County,State,Year,D_Etab,D_Emp,D_Pay,G_Etab,G_Emp,G_Pay,Pop_2010,D_Cap,G_Cap,FD_num_2010,FD_pct_2010
1003,Baldwin County,Alabama,2010,37,271,5046,25,1190,25820,182265,4926,7290,29657,16.27
1015,Calhoun County,Alabama,2010,30,207,3464,24,734,12338,118572,3952,4940,24964,21.05
1017,Chambers County,Alabama,2010,9,66,983,8,200,3634,34215,3801,4276,5077,14.84
1019,Cherokee County,Alabama,2010,9,43,755,4,114,1612,25989,2887,6497,4491,17.28
1025,Clarke County,Alabama,2010,15,158,2467,7,252,4142,25833,1722,3690,8041,31.13
1039,Covington County,Alabama,2010,13,83,1428,9,284,5022,37765,2905,4196,5767,15.27
1045,Dale County,Alabama,2010,10,55,963,7,152,2544,50251,5025,7178,9639,19.18
1047,Dallas County,Alabama,2010,12,107,1383,11,250,4935,43820,3651,3983,9261,21.13
1051,Elmore County,Alabama,2010,14,105,1509,8,363,6083,79303,5664,9912,22027,27.78
1053,Escambia County,Alabama,2010,14,154,2261,6,255,4310,38319,2737,6386,13353,34.85
1055,Etowah County,Alabama,2010,25,205,3489,19,522,9510,104430,4177,5496,19914,19.07
1057,Fayette County,Alabama,2010,6,39,654,7,100,1538,17241,2873,2463,-2785,-16.15
1063,Greene County,Alabama,2010,4,38,479,3,55,874,9045,2261,3015,-3108,-34.36
1071,Jackson County,Alabama,2010,12,79,1229,13,249,3856,53227,4435,4094,8226,15.45
1073,Jefferson County,Alabama,2010,98,965,14728,105,4835,93295,658466,6719,6271,117263,17.81
1089,Madison County,Alabama,2010,54,427,7659,35,2126,44675,334811,6200,9566,53840,16.08
1091,Marengo County,Alabama,2010,7,43,906,4,109,2240,21027,3003,5256,-214,-1.02
1093,Marion County,Alabama,2010,10,42,767,4,85,1280,30776,3077,7694,6131,19.92
1093,Wakulla County,Florida,2010,10,42,767,4,85,1280,30776,3077,7694,6131,19.92
1095,Marshall County,Alabama,2010,22,170,2593,20,580,8163,93019,4228,4650,21745,23.38
1097,Mobile County,Alabama,2010,97,849,13932,58,2410,44913,412992,4257,7120,95834,23.2
1099,Monroe County,Alabama,2010,10,59,1181,6,159,2200,23068,2306,3844,364,1.58
1101,Montgomery County,Alabama,2010,36,369,5621,33,1441,28812,229363,6371,6950,44072,19.21
1103,Morgan County,Alabama,2010,27,202,3090,20,634,12716,119490,4425,5974,25110,21.01
1107,Pickens County,Alabama,2010,10,85,1259,4,142,1960,19746,1974,4936,4693,23.77
1109,Pike County,Alabama,2010,5,41,709,8,255,4358,32899,6579,4112,6423,19.52
1111,Randolph County,Alabama,2010,6,43,644,4,113,1943,22913,3818,5728,3864,16.86
1113,Russell County,Alabama,2010,15,139,2121,8,369,6074,52947,3529,6618,15523,29.32
1117,Shelby County,Alabama,2010,24,204,3864,26,1403,29517,195085,8128,7503,27414,14.05
1121,Talladega County,Alabama,2010,24,181,2626,10,341,6425,82291,3428,8229,24761,30.09
1123,Tallapoosa County,Alabama,2010,12,104,1460,6,239,4707,41616,3468,6936,11921,28.65
1125,Tuscaloosa County,Alabama,2010,33,300,4733,27,1342,26500,194656,5898,7209,38866,19.97
1131,Wilcox County,Alabama,2010,6,31,529,10,80,1273,11670,1945,1167,-7205,-61.74
2050,Bethel Census Area,Alaska,2010,15,356,4333,24,413,6419,17013,1134,708,17307,101.73
2110,Juneau City and Borough,Alaska,2010,3,38,961,7,376,8867,31275,10425,4467,9157,29.28
2122,Kenai Peninsula Borough,Alaska,2010,5,51,1160,20,644,17851,55400,11080,2770,5492,9.91
4001,Apache County,Arizona,2010,12,75,1509,11,332,6217,71518,5959,6501,10913,15.26
4003,Cochise County,Arizona,2010,28,192,3202,15,996,19343,131346,4690,8756,31028,23.62
4005,Coconino County,Arizona,2010,14,111,2078,17,1332,24732,134421,9601,7907,28885,21.49
4009,Graham County,Arizona,2010,3,25,359,8,341,5892,37220,12406,4652,18341,49.28
4013,Maricopa County,Arizona,2010,219,2349,39616,494,37913,670315,3817117,17429,7726,452345,11.85
4017,Navajo County,Arizona,2010,20,149,2376,16,731,15449,107449,5372,6715,20867,19.42
4019,Pima County,Arizona,2010,80,694,12041,120,9243,172176,980263,12253,8168,131675,13.43
4021,Pinal County,Arizona,2010,25,216,3589,31,2309,36046,375770,15030,12121,67681,18.01
4023,Santa Cruz County,Arizona,2010,15,63,1124,8,269,6110,47420,3161,5927,7793,16.43
4027,Yuma County,Arizona,2010,21,185,2898,35,1329,23356,195751,9321,5592,32856,16.78
5003,Ashley County,Arkansas,2010,9,87,1115,6,109,1943,21853,2428,3642,3740,17.11
5005,Baxter County,Arkansas,2010,6,42,683,8,272,4220,41513,6918,5189,9961,23.99
5007,Benton County,Arkansas,2010,28,212,3521,28,942,19088,221339,7904,7904,32372,14.63
5009,Boone County,Arkansas,2010,9,95,1362,4,183,3229,36903,4100,9225,13008,35.25
5009,Miami County,Indiana,2010,9,95,1362,4,183,3229,36903,4100,9225,13008,35.25
5031,Craighead County,Arkansas,2010,21,147,2499,19,492,8794,96443,4592,5075,16421,17.03
5033,Crawford County,Arkansas,2010,12,107,1649,9,184,3168,61948,5162,6883,13306,21.48
5035,Crittenden County,Arkansas,2010,12,98,1373,10,362,5713,50902,4241,5090,12665,24.88
5051,Garland County,Arkansas,2010,18,147,2308,14,463,9832,96024,5334,6858,18555,19.32
5063,Independence County,Arkansas,2010,10,70,1036,6,119,2717,36647,3664,6107,6866,18.74
5065,Izard County,Arkansas,2010,7,49,584,4,106,1460,13696,1956,3424,447,3.26
5069,Jefferson County,Arkansas,2010,18,179,2914,15,477,8948,77435,4301,5162,15615,20.17
5091,Miller County,Arkansas,2010,10,62,1035,9,278,4530,43462,4346,4829,7323,16.85
5093,Mississippi County,Arkansas,2010,12,111,1708,15,351,6219,46480,3873,3098,6934,14.92
5119,Pulaski County,Arkansas,2010,51,497,7886,60,2614,57930,382748,7504,6379,53678,14.02
5123,St. Francis County,Arkansas,2010,7,57,731,7,109,1709,28258,4036,4036,4250,15.04
5139,Union County,Arkansas,2010,11,89,1190,9,223,4049,41639,3785,4626,8841,21.23
5143,Washington County,Arkansas,2010,28,176,3130,28,1513,26506,203065,7252,7252,35994,17.73
6001,Alameda County,California,2010,53,798,12612,371,11780,337487,1510271,28495,4070,-12745,-0.84
6007,Butte County,California,2010,14,205,3287,50,1708,48401,220000,15714,4400,19938,9.06
6013,Contra Costa County,California,2010,41,575,9952,204,8745,249529,1049025,25585,5142,10643,1.01
6015,Del Norte County,California,2010,3,11,233,9,258,5110,28610,9536,3178,8226,28.75
6017,El Dorado County,California,2010,7,105,2052,33,1707,48814,181058,25865,5486,34514,19.06
6019,Fresno County,California,2010,52,682,9773,216,5172,140848,930450,17893,4307,31365,3.37
6023,Humboldt County,California,2010,18,122,2152,42,1480,36153,134623,7479,3205,10161,7.55
6029,Kern County,California,2010,53,600,9292,193,5265,123214,839631,15842,4350,45155,5.38
6031,Kings County,California,2010,8,96,1197,33,688,16363,152982,19122,4635,32112,20.99
6037,Los Angeles County,California,2010,583,7272,142094,2024,70433,1821874,9818605,16841,4851,-55744,-0.57
6039,Madera County,California,2010,7,95,1124,34,1015,28445,150865,21552,4437,32960,21.85
6041,Marin County,California,2010,13,106,2323,60,3181,101018,252409,19416,4206,3196,1.27
6045,Mendocino County,California,2010,11,79,1365,49,1312,35964,87841,7985,1792,-1970,-2.24
6047,Merced County,California,2010,12,160,2397,55,1246,36166,255793,21316,4650,28834,11.27
6053,Monterey County,California,2010,24,231,3899,107,3026,87980,415057,17294,3879,10074,2.43
6057,Nevada County,California,2010,5,37,704,27,1137,32522,98764,19752,3657,22295,22.57
6059,Orange County,California,2010,134,1717,31782,535,23489,615868,3010232,22464,5626,13739,0.46
6061,Placer County,California,2010,14,218,4362,58,3206,96959,348432,24888,6007,22123,6.35
6065,Riverside County,California,2010,89,1317,21801,342,14331,373082,2189641,24602,6402,54063,2.47
6067,Sacramento County,California,2010,55,1043,16981,249,10011,290775,1418788,25796,5697,17563,1.24
6071,San Bernardino County,California,2010,104,1529,29863,335,12996,330746,2035210,19569,6075,26050,1.28
6073,San Diego County,California,2010,126,1950,34160,622,22924,584033,3095313,24565,4976,21476,0.69
6075,San Francisco County,California,2010,33,274,6216,327,6930,196435,805235,24401,2462,-45371,-5.63
6077,San Joaquin County,California,2010,21,500,7660,160,4225,126732,685306,32633,4283,28854,4.21
6081,San Mateo County,California,2010,22,452,10241,162,6595,190033,718451,32656,4434,-1154,-0.16
6083,Santa Barbara County,California,2010,19,253,3903,123,3691,96523,423895,22310,3446,24488,5.78
6085,Santa Clara County,California,2010,62,720,12895,343,14135,392430,1781642,28736,5194,-3383,-0.19
6087,Santa Cruz County,California,2010,10,127,2294,73,2880,75478,262382,26238,3594,31548,12.02
6089,Shasta County,California,2010,13,161,2578,36,1430,39276,177223,13632,4922,19973,11.27
6095,Solano County,California,2010,15,291,4417,73,2722,76007,413344,27556,5662,43345,10.49
6097,Sonoma County,California,2010,25,272,5011,129,5224,148446,483878,19355,3750,4639,0.96
6099,Stanislaus County,California,2010,25,434,6373,135,3793,102444,514453,20578,3810,27386,5.32
6107,Tulare County,California,2010,29,352,4918,110,2207,55193,442179,15247,4019,30725,6.95
6111,Ventura County,California,2010,59,748,13946,163,6170,164031,823318,13954,5051,20934,2.54
6113,Yolo County,California,2010,7,114,1962,44,1556,40703,200849,28692,4564,42649,21.23
8005,Arapahoe County,Colorado,2010,31,379,6538,75,4289,125878,572003,18451,7626,27028,4.73
8013,Boulder County,Colorado,2010,12,123,2219,52,2870,80729,294567,24547,5664,31890,10.83
8035,Douglas County,Colorado,2010,4,34,763,23,2089,57781,285465,71366,12411,133973,46.93
8037,Eagle County,Colorado,2010,6,30,569,14,529,18365,52197,8699,3728,2306,4.42
8043,Fremont County,Colorado,2010,7,43,665,6,170,5112,46824,6689,7804,10118,21.61
8069,Larimer County,Colorado,2010,8,79,1254,30,2084,56966,299630,37453,9987,68695,22.93
8087,Morgan County,Colorado,2010,5,27,477,5,151,3206,28159,5631,5631,4966,17.64
8099,Prowers County,Colorado,2010,4,79,3028,4,84,1849,12551,3137,3137,-17868,-142.36
8123,Weld County,Colorado,2010,17,116,2281,32,1163,30658,252825,14872,7900,26300,10.4
9001,Fairfield County,Connecticut,2010,41,223,4123,205,9384,261112,916829,22361,4472,3310,0.36
9003,Hartford County,Connecticut,2010,75,740,13969,211,9714,227932,894014,11920,4237,46136,5.16
9005,Litchfield County,Connecticut,2010,9,64,1376,43,2231,52015,189927,21103,4416,33100,17.43
9007,Middlesex County,Connecticut,2010,10,112,2412,38,1568,41622,165676,16567,4359,17176,10.37
9009,New Haven County,Connecticut,2010,67,581,11760,187,8180,190181,862477,12872,4612,38482,4.46
9011,New London County,Connecticut,2010,23,255,5339,46,2540,58935,274055,11915,5957,23756,8.67
9013,Tolland County,Connecticut,2010,5,31,716,24,1499,31720,152691,30538,6362,56848,37.23
10001,Kent County,Delaware,2010,21,217,3362,17,873,17765,162310,7729,9547,32798,20.21
10003,New Castle County,Delaware,2010,42,388,6200,84,4088,102356,538479,12820,6410,43435,8.07
10005,Sussex County,Delaware,2010,42,348,5512,49,1610,37448,197145,4693,4023,31698,16.08
11001,District of Columbia,District of Columbia,2010,24,140,2959,174,4432,123025,601723,25071,3458,3747,0.62
11001,District of Columbia,District of Columbia,2010,24,140,2959,174,4432,123025,601723,25071,3458,3747,0.62
12001,Alachua County,Florida,2010,24,200,3680,46,3065,56618,247336,10305,5376,43090,17.42
12003,Baker County,Florida,2010,4,32,513,7,164,2954,27115,6778,3873,5287,19.5
12011,Broward County,Florida,2010,136,962,16979,368,16609,361122,1748066,12853,4750,117275,6.71
12019,Clay County,Florida,2010,21,161,2470,27,1506,29223,190865,9088,7069,34799,18.23
12021,Collier County,Florida,2010,17,145,2686,59,3241,80238,321520,18912,5449,32413,10.08
12027,DeSoto County,Florida,2010,3,25,367,5,164,3187,34862,11620,6972,17741,50.89
12031,Duval County,Florida,2010,106,961,15816,200,7247,149231,864263,8153,4321,97943,11.33
12033,Escambia County,Florida,2010,44,333,5737,49,1612,33126,297619,6764,6073,39340,13.22
12055,Highlands County,Florida,2010,13,111,1617,19,729,14159,98786,7598,5199,19293,19.53
12057,Hillsborough County,Florida,2010,105,892,15263,283,10553,211055,1229226,11706,4343,103236,8.4
12063,Jackson County,Florida,2010,16,104,1691,7,219,3973,49746,3109,7106,12370,24.87
12071,Lee County,Florida,2010,50,406,7758,116,5872,131703,618754,12375,5334,47022,7.6
12075,Levy County,Florida,2010,10,60,1050,10,311,5127,40801,4080,4080,5605,13.74
12079,Madison County,Florida,2010,6,43,552,3,138,2761,19224,3204,6408,4267,22.2
12081,Manatee County,Florida,2010,35,259,4413,58,2924,60217,322833,9223,5566,42313,13.11
12086,Miami-Dade County,Florida,2010,289,1303,24345,605,20952,432236,2496435,8638,4126,201708,8.08
12095,Orange County,Florida,2010,102,815,14661,236,8992,189551,1145956,11234,4855,85015,7.42
12101,Pasco County,Florida,2010,49,394,6039,71,3873,75251,464697,9483,6545,69602,14.98
12103,Pinellas County,Florida,2010,93,734,12152,189,9508,191130,916542,9855,4849,109239,11.92
12107,Putnam County,Florida,2010,15,103,1828,12,493,9101,74364,4957,6197,13912,18.71
12115,Sarasota County,Florida,2010,26,225,3613,72,3936,84424,379448,14594,5270,46659,12.3
12119,Sumter County,Florida,2010,9,55,845,16,605,12149,93420,10380,5838,19516,20.89
12121,Suwannee County,Florida,2010,6,52,794,8,206,4119,41551,6925,5193,8949,21.54
13009,Baldwin County,Georgia,2010,10,78,1287,10,286,5159,45720,4572,4572,7211,15.77
13017,Ben Hill County,Georgia,2010,3,27,404,4,103,1563,17634,5878,4408,3933,22.3
13021,Bibb County,Georgia,2010,30,310,4823,42,1319,28246,155547,5184,3703,26054,16.75
13031,Bulloch County,Georgia,2010,11,93,1454,7,267,4280,70217,6383,10031,19215,27.37
13033,Burke County,Georgia,2010,4,29,409,3,112,1717,23316,5829,7772,8626,37.0
13039,Camden County,Georgia,2010,7,41,701,6,271,4959,50513,7216,8418,14012,27.74
13045,Carroll County,Georgia,2010,24,185,3023,24,922,17126,110527,4605,4605,21840,19.76
13051,Chatham County,Georgia,2010,29,288,4644,49,2002,40709,265128,9142,5410,36987,13.95
13059,Clarke County,Georgia,2010,13,109,1902,19,895,19198,116714,8978,6142,19544,16.75
13063,Clayton County,Georgia,2010,34,276,4335,47,1355,28496,259424,7630,5519,34084,13.14
13071,Colquitt County,Georgia,2010,12,99,1335,12,188,3664,45498,3791,3791,7792,17.13
13085,Dawson County,Georgia,2010,4,28,410,4,260,5391,22330,5582,5582,5824,26.08
13089,DeKalb County,Georgia,2010,70,616,9872,145,5980,123892,691893,9884,4771,75854,10.96
13091,Dodge County,Georgia,2010,5,33,552,9,122,1951,21796,4359,2421,-1065,-4.89
13095,Dougherty County,Georgia,2010,21,223,3324,24,844,14453,94565,4503,3940,22738,24.04
13099,Early County,Georgia,2010,6,34,591,5,106,1625,11008,1834,2201,-4776,-43.39
13103,Effingham County,Georgia,2010,8,58,943,5,215,3662,52250,6531,10450,16139,30.89
13107,Emanuel County,Georgia,2010,7,47,715,6,92,1338,22598,3228,3766,1036,4.58
13111,Fannin County,Georgia,2010,8,65,1017,10,272,4786,23682,2960,2368,489,2.06
13113,Fayette County,Georgia,2010,6,62,1042,14,1123,24847,106567,17761,7611,34892,32.74
13119,Franklin County,Georgia,2010,9,59,881,7,174,2876,22084,2453,3154,1344,6.09
13127,Glynn County,Georgia,2010,15,132,1940,21,693,14478,79626,5308,3791,13614,17.1
13131,Grady County,Georgia,2010,7,42,718,3,116,2096,25011,3573,8337,6133,24.52
13135,Gwinnett County,Georgia,2010,58,438,7042,151,6135,141631,805321,13884,5333,55922,6.94
13137,Habersham County,Georgia,2010,13,95,1642,7,358,6208,43041,3310,6148,9927,23.06
13139,Hall County,Georgia,2010,19,147,2487,36,1352,29578,179684,9457,4991,22515,12.53
13143,Haralson County,Georgia,2010,6,27,398,6,91,1437,28780,4796,4796,3842,13.35
13147,Hart County,Georgia,2010,4,28,392,5,177,2910,25213,6303,5042,6862,27.22
13147,Wasco County,Oregon,2010,4,28,392,5,177,2910,25213,6303,5042,6862,27.22
13151,Henry County,Georgia,2010,23,192,2921,28,1439,30620,203922,8866,7282,33726,16.54
13153,Houston County,Georgia,2010,20,145,2401,23,1014,20397,139900,6995,6082,23426,16.74
13157,Jackson County,Georgia,2010,10,60,932,8,487,10409,60485,6048,7560,14085,23.29
13163,Jefferson County,Georgia,2010,10,62,873,7,213,3426,16930,1693,2418,945,5.58
13175,Laurens County,Georgia,2010,15,116,1866,11,418,7215,48434,3228,4403,10590,21.86
13179,Liberty County,Georgia,2010,10,91,1496,8,211,3569,63453,6345,7931,14477,22.82
13185,Lowndes County,Georgia,2010,21,186,3095,13,623,12246,109233,5201,8402,23718,21.71
13199,Meriwether County,Georgia,2010,8,58,886,7,184,3019,21992,2749,3141,1053,4.79
13215,Muscogee County,Georgia,2010,31,330,5954,39,1376,29886,189885,6125,4868,23706,12.48
13217,Newton County,Georgia,2010,14,118,1889,18,740,14918,99958,7139,5553,18027,18.03
13227,Pickens County,Georgia,2010,6,34,571,6,297,5748,29431,4905,4905,5018,17.05
13233,Polk County,Georgia,2010,8,67,1060,7,227,5075,41475,5184,5925,7731,18.64
13245,Richmond County,Georgia,2010,38,366,5167,35,1210,22144,200549,5277,5729,45727,22.8
13247,Rockdale County,Georgia,2010,10,83,1516,21,816,17452,85215,8521,4057,12449,14.61
13251,Screven County,Georgia,2010,4,39,470,3,119,1643,14593,3648,4864,2720,18.64
13253,Seminole County,Georgia,2010,3,27,424,4,85,1252,8729,2909,2182,-4586,-52.54
13253,Benton County,Mississippi,2010,3,27,424,4,85,1252,8729,2909,2182,-4586,-52.54
13255,Spalding County,Georgia,2010,10,132,1817,12,479,8677,64073,6407,5339,16949,26.45
13261,Sumter County,Georgia,2010,10,76,1024,8,214,3569,32819,3281,4102,6374,19.42
13273,Terrell County,Georgia,2010,3,26,377,4,86,1347,9315,3105,2328,-3858,-41.42
13273,Crittenden County,Kentucky,2010,3,26,377,4,86,1347,9315,3105,2328,-3858,-41.42
13275,Thomas County,Georgia,2010,13,130,1811,7,296,5725,44720,3440,6388,13490,30.17
13277,Tift County,Georgia,2010,12,91,1344,7,185,3453,40118,3343,5731,8895,22.17
13279,Toombs County,Georgia,2010,8,67,1009,6,180,2505,27223,3402,4537,4805,17.65
13293,Upson County,Georgia,2010,4,34,476,9,175,2552,27153,6788,3017,5281,19.45
13297,Walton County,Georgia,2010,10,73,1157,8,498,9687,83768,8376,10471,22791,27.21
13303,Washington County,Georgia,2010,3,25,345,3,104,1525,21187,7062,7062,9487,44.78
15001,Hawaii County,Hawaii,2010,10,97,1273,38,1897,46883,185079,18507,4870,32965,17.81
15009,Maui County,Hawaii,2010,8,42,908,40,1746,44144,154834,19354,3870,24425,15.77
16005,Bannock County,Idaho,2010,8,54,1034,9,378,8069,82839,10354,9204,19990,24.13
16017,Bonner County,Idaho,2010,5,39,663,13,281,6123,40877,8175,3144,6338,15.51
16027,Canyon County,Idaho,2010,16,204,3266,21,714,16409,188923,11807,8996,31186,16.51
16055,Kootenai County,Idaho,2010,7,70,1019,18,882,19929,138494,19784,7694,38682,27.93
16069,Nez Perce County,Idaho,2010,3,68,1223,10,373,9029,39265,13088,3926,15493,39.46
16083,Twin Falls County,Idaho,2010,9,153,2026,17,545,11543,77230,8581,4542,18883,24.45
17019,Champaign County,Illinois,2010,13,196,3290,32,1346,22546,201081,15467,6283,39897,19.84
17021,Christian County,Illinois,2010,5,42,742,9,226,3429,34800,6960,3866,6687,19.22
17029,Coles County,Illinois,2010,8,78,1106,5,272,3613,53873,6734,10774,20290,37.66
17031,Cook County,Illinois,2010,445,2913,52913,1463,39767,857910,5194675,11673,3550,192615,3.71
17043,DuPage County,Illinois,2010,43,354,6503,174,7778,165860,916924,21323,5269,63936,6.97
17049,Effingham County,Illinois,2010,7,36,649,8,336,5165,34242,4891,4280,5884,17.18
17053,Ford County,Illinois,2010,5,71,1252,3,148,2031,14081,2816,4693,309,2.19
17073,Henry County,Illinois,2010,8,135,2232,14,242,3709,50486,6310,3606,8245,16.33
17077,Jackson County,Illinois,2010,6,58,846,11,455,9573,60218,10036,5474,16445,27.31
17089,Kane County,Illinois,2010,28,402,6475,79,3463,69011,515269,18402,6522,61328,11.9
17097,Lake County,Illinois,2010,43,297,5347,124,5204,109666,703462,16359,5673,55407,7.88
17099,LaSalle County,Illinois,2010,15,254,4300,25,1009,17283,113924,7594,4556,22504,19.75
17103,Lee County,Illinois,2010,5,35,485,6,139,2089,36031,7206,6005,10265,28.49
17107,Logan County,Illinois,2010,7,53,1009,4,142,2781,30305,4329,7576,5831,19.24
17109,McDonough County,Illinois,2010,5,112,1467,5,339,5859,32612,6522,6522,15177,46.54
17111,McHenry County,Illinois,2010,19,264,4364,50,1961,37395,308760,16250,6175,44599,14.44
17113,McLean County,Illinois,2010,14,179,3302,28,1055,20207,169572,12112,6056,26380,15.56
17115,Macon County,Illinois,2010,16,188,3359,14,490,10827,110768,6923,7912,18253,16.48
17119,Madison County,Illinois,2010,30,287,5281,50,2035,42417,269282,8976,5385,30436,11.3
17121,Marion County,Illinois,2010,7,70,1356,6,153,2408,39437,5633,6572,7255,18.4
17137,Morgan County,Illinois,2010,5,76,1026,5,168,2637,35547,7109,7109,13572,38.18
17143,Peoria County,Illinois,2010,21,225,4453,47,1214,28845,186494,8880,3967,11168,5.99
17145,Perry County,Illinois,2010,4,21,316,4,119,2497,22350,5587,5587,4617,20.66
17163,St. Clair County,Illinois,2010,30,252,4232,43,1553,34862,270056,9001,6280,31450,11.65
17173,Shelby County,Illinois,2010,4,11,248,4,104,1301,22363,5590,5590,4379,19.58
17183,Vermilion County,Illinois,2010,17,296,5097,14,546,8633,81625,4801,5830,18598,22.78
17189,Washington County,Illinois,2010,5,53,1119,8,88,1329,14716,2943,1839,-6312,-42.89
17197,Will County,Illinois,2010,35,281,4915,93,4260,83837,677560,19358,7285,66556,9.82
17201,Winnebago County,Illinois,2010,37,433,7629,54,2043,49656,295266,7980,5467,28906,9.79
18001,Adams County,Indiana,2010,6,34,566,6,169,2991,34387,5731,5731,6842,19.9
18017,Cass County,Indiana,2010,7,64,884,8,238,3929,38966,5566,4870,8919,22.89
18019,Clark County,Indiana,2010,19,151,2541,20,632,11985,110232,5801,5511,18306,16.61
18023,Clinton County,Indiana,2010,5,40,622,7,128,1844,33224,6644,4746,7156,21.54
18029,Dearborn County,Indiana,2010,6,50,739,6,238,5000,50047,8341,8341,15609,31.19
18033,DeKalb County,Indiana,2010,8,30,599,8,224,4751,42223,5277,5277,5290,12.53
18039,Elkhart County,Indiana,2010,23,189,2843,37,1359,26008,197559,8589,5339,31494,15.94
18045,Fountain County,Indiana,2010,6,49,812,4,225,2811,17240,2873,4310,2190,12.7
18047,Franklin County,Indiana,2010,4,45,631,10,169,2141,23087,5771,2308,2941,12.74
18051,Gibson County,Indiana,2010,7,55,733,6,215,2914,33503,4786,5583,8872,26.48
18053,Grant County,Indiana,2010,11,91,1459,7,305,4735,70061,6369,10008,19360,27.63
18057,Hamilton County,Indiana,2010,12,91,1749,36,2024,39206,274569,22880,7626,52405,19.09
18063,Hendricks County,Indiana,2010,12,100,1695,11,593,12615,145448,12120,13222,33056,22.73
18065,Henry County,Indiana,2010,6,56,697,9,202,3938,49462,8243,5495,13227,26.74
18067,Howard County,Indiana,2010,15,116,1717,11,444,9069,82752,5516,7522,18474,22.32
18077,Jefferson County,Indiana,2010,6,59,910,7,160,3241,32428,5404,4632,5359,16.53
18081,Johnson County,Indiana,2010,14,91,1388,10,581,11073,139654,9975,13965,33845,24.23
18085,Kosciusko County,Indiana,2010,14,103,1617,12,404,7673,77358,5525,6446,15434,19.95
18087,LaGrange County,Indiana,2010,6,59,1204,7,155,2910,37128,6188,5304,5149,13.87
18089,Lake County,Indiana,2010,58,500,7859,80,3706,74117,496005,8551,6200,69817,14.08
18091,LaPorte County,Indiana,2010,15,105,1550,18,657,11441,111467,7431,6192,22179,19.9
18095,Madison County,Indiana,2010,17,154,2521,24,875,15866,131636,7743,5484,22880,17.38
18097,Marion County,Indiana,2010,112,923,15627,146,5255,112461,903393,8066,6187,97138,10.75
18099,Marshall County,Indiana,2010,10,64,865,11,276,4999,47051,4705,4277,8294,17.63
18105,Monroe County,Indiana,2010,10,80,1338,21,1143,21041,137974,13797,6570,31861,23.09
18107,Montgomery County,Indiana,2010,6,68,922,7,255,5184,38124,6354,5446,10072,26.42
18109,Morgan County,Indiana,2010,8,64,997,10,453,8584,68894,8611,6889,17416,25.28
18123,Perry County,Indiana,2010,3,23,341,4,98,1178,19338,6446,4834,5652,29.23
18127,Porter County,Indiana,2010,10,81,1191,14,827,15346,164343,16434,11738,42816,26.05
18137,Ripley County,Indiana,2010,7,40,665,10,347,5595,28818,4116,2881,2786,9.67
18151,Steuben County,Indiana,2010,8,86,837,6,98,1223,34185,4273,5697,11458,33.52
18163,Vanderburgh County,Indiana,2010,27,189,3408,34,1308,25458,179703,6655,5285,25606,14.25
18167,Vigo County,Indiana,2010,18,168,3087,17,750,14921,107848,5991,6344,17671,16.39
18169,Wabash County,Indiana,2010,5,41,559,5,186,3141,32888,6577,6577,10386,31.58
18175,Washington County,Indiana,2010,7,32,585,6,203,2348,28262,4037,4710,4280,15.14
19005,Allamakee County,Iowa,2010,3,40,719,5,215,3049,14330,4776,2866,769,5.37
19013,Black Hawk County,Iowa,2010,13,175,2818,22,1382,24025,131090,10083,5958,31740,24.21
19037,Chickasaw County,Iowa,2010,3,41,789,3,105,1184,12439,4146,4146,-249,-2.0
19045,Clinton County,Iowa,2010,10,168,2987,8,498,8492,49116,4911,6139,11929,24.29
19049,Dallas County,Iowa,2010,7,77,1280,8,860,16906,66135,9447,8266,22475,33.98
19061,Dubuque County,Iowa,2010,11,181,3103,14,1342,21337,93653,8513,6689,29918,31.95
19097,Jackson County,Iowa,2010,4,47,760,4,124,1823,19848,4962,4962,3845,19.37
19125,Marion County,Iowa,2010,6,62,888,6,357,5903,33309,5551,5551,10188,30.59
19127,Marshall County,Iowa,2010,6,75,1534,8,427,7637,40648,6774,5081,8119,19.97
19141,O'Brien County,Iowa,2010,4,47,872,7,222,3039,14398,3599,2056,-2163,-15.02
19153,Polk County,Iowa,2010,28,231,4166,64,5505,102413,430640,15380,6728,73778,17.13
19155,Pottawattamie County,Iowa,2010,9,89,1205,12,917,17214,93158,10350,7763,28174,30.24
19187,Webster County,Iowa,2010,4,54,664,5,384,7045,38013,9503,7602,19118,50.29
19189,Winnebago County,Iowa,2010,4,60,881,3,150,1835,10866,2716,3622,25,0.23
19189,Lake County,Minnesota,2010,4,60,881,3,150,1835,10866,2716,3622,25,0.23
19197,Wright County,Iowa,2010,4,37,537,5,177,2161,13229,3307,2645,-598,-4.52
20005,Atchison County,Kansas,2010,3,25,469,3,107,1169,16924,5641,5641,4545,26.86
20021,Cherokee County,Kansas,2010,6,39,607,4,85,1065,21603,3600,5400,2895,13.4
20057,Ford County,Kansas,2010,5,43,838,5,151,2227,33848,6769,6769,8750,25.85
20091,Johnson County,Kansas,2010,24,225,3232,63,5401,113607,544179,22674,8637,80807,14.85
20121,Miami County,Kansas,2010,6,70,1165,3,207,3567,32787,5464,10929,13303,40.57
20131,Nemaha County,Kansas,2010,5,51,868,7,221,2275,10178,2035,1454,-3673,-36.09
20155,Reno County,Kansas,2010,8,80,1980,13,472,8128,64511,8063,4962,8357,12.95
20159,Rice County,Kansas,2010,4,50,885,5,84,1178,10083,2520,2016,-5316,-52.72
20177,Shawnee County,Kansas,2010,15,126,2155,28,1452,24564,177934,11862,6354,34905,19.62
20209,Wyandotte County,Kansas,2010,19,143,2616,22,736,15991,157505,8289,7159,21205,13.46
21003,Allen County,Kentucky,2010,5,50,810,4,82,1272,19956,3991,4989,2179,10.92
21009,Barren County,Kentucky,2010,16,128,1677,10,207,2719,42173,2635,4217,12751,30.23
21013,Bell County,Kentucky,2010,10,69,1282,10,334,5910,28691,2869,2869,1207,4.21
21017,Bourbon County,Kentucky,2010,3,22,319,4,116,1579,19985,6661,4996,6362,31.83
21019,Boyd County,Kentucky,2010,9,80,1354,9,386,7484,49542,5504,5504,9588,19.35
21021,Boyle County,Kentucky,2010,11,103,1674,7,198,4094,28432,2584,4061,3640,12.8
21037,Campbell County,Kentucky,2010,11,88,1592,17,955,20631,90336,8212,5313,15653,17.33
21045,Casey County,Kentucky,2010,3,37,697,8,84,1185,15955,5318,1994,-1787,-11.2
21067,Fayette County,Kentucky,2010,26,188,3248,51,2317,52404,295803,11377,5800,31828,10.76
21085,Grayson County,Kentucky,2010,8,48,778,6,60,833,25746,3218,4291,1567,6.09
21095,Harlan County,Kentucky,2010,11,60,1089,9,309,5405,29278,2661,3253,2310,7.89
21111,Jefferson County,Kentucky,2010,80,719,13351,137,5903,132203,741096,9263,5409,60542,8.17
21117,Kenton County,Kentucky,2010,14,125,1899,25,1221,24490,159720,11408,6388,30018,18.79
21123,Larue County,Kentucky,2010,5,43,840,4,70,1014,14193,2838,3548,-3059,-21.55
21125,Laurel County,Kentucky,2010,16,104,2022,13,339,7770,58849,3678,4526,5796,9.85
21127,Lawrence County,Kentucky,2010,5,30,435,3,125,1746,15860,3172,5286,1866,11.77
21133,Letcher County,Kentucky,2010,7,41,623,7,222,3410,24519,3502,3502,2330,9.5
21155,Marion County,Kentucky,2010,4,24,397,3,146,2584,19820,4955,6606,5046,25.46
21161,Mason County,Kentucky,2010,5,41,732,6,174,4128,17490,3498,2915,-2568,-14.68
21173,Montgomery County,Kentucky,2010,6,50,857,5,161,3834,26499,4416,5299,3008,11.35
21199,Pulaski County,Kentucky,2010,18,168,2983,20,370,7799,63063,3503,3153,6504,10.31
21205,Rowan County,Kentucky,2010,6,43,837,7,251,5315,23333,3888,3333,-572,-2.45
21207,Russell County,Kentucky,2010,6,50,591,4,151,2909,17565,2927,4391,2437,13.87
22001,Acadia Parish,Louisiana,2010,16,102,1619,23,489,7945,61773,3860,2685,8831,14.3
22003,Allen Parish,Louisiana,2010,12,87,1320,4,132,1616,25764,2147,6441,7973,30.95
22005,Ascension Parish,Louisiana,2010,15,134,2126,20,722,12892,107215,7147,5360,20152,18.8
22009,Avoyelles Parish,Louisiana,2010,21,120,1968,12,205,3309,42073,2003,3506,9596,22.81
22017,Caddo Parish,Louisiana,2010,39,316,5991,30,1620,32323,254969,6537,8498,38358,15.04
22019,Calcasieu Parish,Louisiana,2010,46,311,5356,31,1270,22417,192768,4190,6218,41973,21.77
22021,Caldwell Parish,Louisiana,2010,3,22,433,7,368,5667,10132,3377,1447,-2863,-28.26
22033,East Baton Rouge Parish,Louisiana,2010,60,485,8658,128,3885,65118,440171,7336,3438,57597,13.09
22039,Evangeline Parish,Louisiana,2010,9,52,878,16,184,2388,33984,3776,2124,196,0.58
22041,Franklin Parish,Louisiana,2010,5,35,520,5,171,2803,20767,4153,4153,2408,11.6
22045,Iberia Parish,Louisiana,2010,17,128,2071,20,557,11564,73240,4308,3662,10728,14.65
22047,Iberville Parish,Louisiana,2010,7,49,948,12,209,3547,33387,4769,2782,721,2.16
22051,Jefferson Parish,Louisiana,2010,52,537,9876,99,3826,76856,432552,8318,4369,46197,10.68
22053,Jefferson Davis Parish,Louisiana,2010,7,42,753,9,154,2796,31594,4513,3510,1601,5.07
22055,Lafayette Parish,Louisiana,2010,39,274,4857,57,2066,35484,221578,5681,3887,37010,16.7
22063,Livingston Parish,Louisiana,2010,18,135,2459,17,629,11095,128026,7112,7530,21865,17.08
22067,Morehouse Parish,Louisiana,2010,6,44,803,5,161,3605,27979,4663,5595,3523,12.59
22069,Natchitoches Parish,Louisiana,2010,6,45,758,8,220,4079,39566,6594,4945,7626,19.27
22071,Orleans Parish,Louisiana,2010,31,301,5444,139,2082,41819,343829,11091,2473,11577,3.37
22073,Ouachita Parish,Louisiana,2010,30,266,4095,23,951,17715,153720,5124,6683,33855,22.02
22085,Sabine Parish,Louisiana,2010,6,45,812,7,244,5155,24233,4038,3461,382,1.58
22087,St. Bernard Parish,Louisiana,2010,12,123,2266,10,287,5148,35897,2991,3589,3292,9.17
22089,St. Charles Parish,Louisiana,2010,8,68,1003,8,304,5225,52780,6597,6597,13570,25.71
22093,St. James Parish,Louisiana,2010,5,41,624,6,217,3934,22102,4420,3683,2371,10.73
22095,St. John the Baptist Parish,Louisiana,2010,9,87,1409,11,257,4516,45924,5102,4174,7067,15.39
22097,St. Landry Parish,Louisiana,2010,26,165,2794,29,693,12485,83384,3207,2875,14777,17.72
22099,St. Martin Parish,Louisiana,2010,9,69,1029,16,374,7757,52160,5795,3260,6577,12.61
22101,St. Mary Parish,Louisiana,2010,12,78,1333,15,450,7988,54650,4554,3643,7675,14.04
22103,St. Tammany Parish,Louisiana,2010,40,316,5402,35,1896,37985,233740,5843,6678,41698,17.84
22105,Tangipahoa Parish,Louisiana,2010,31,293,4388,24,1061,16772,121097,3906,5045,36033,29.76
22109,Terrebonne Parish,Louisiana,2010,23,171,2799,17,923,17527,111860,4863,6580,24738,22.12
22111,Union Parish,Louisiana,2010,7,39,685,7,147,2518,22721,3245,3245,-462,-2.03
22113,Vermilion Parish,Louisiana,2010,12,80,1304,16,388,6789,57999,4833,3624,8064,13.9
22117,Washington Parish,Louisiana,2010,14,142,2465,12,330,6033,47168,3369,3930,7051,14.95
22119,Webster Parish,Louisiana,2010,11,76,1256,7,278,3970,41207,3746,5886,9380,22.76
22121,West Baton Rouge Parish,Louisiana,2010,6,46,710,5,223,3706,23788,3964,4757,4027,16.93
23001,Androscoggin County,Maine,2010,14,218,3814,21,931,18675,107702,7693,5128,18487,17.16
23007,Franklin County,Maine,2010,8,34,398,12,393,7394,30768,3846,2564,3040,9.88
23009,Hancock County,Maine,2010,16,176,3208,27,690,14962,54418,3401,2015,2498,4.59
23013,Knox County,Maine,2010,5,70,1343,14,518,10660,39736,7947,2838,6167,15.52
23015,Lincoln County,Maine,2010,5,41,891,13,467,9109,34457,6891,2650,3590,10.42
23017,Oxford County,Maine,2010,15,120,1762,13,315,7453,57833,3855,4448,9934,17.18
23019,Penobscot County,Maine,2010,27,316,5464,31,1604,32863,153923,5700,4965,27212,17.68
23023,Sagadahoc County,Maine,2010,3,31,746,8,363,6836,35293,11764,4411,13973,39.59
23025,Somerset County,Maine,2010,7,54,963,12,374,6663,52228,7461,4352,9704,18.58
23027,Waldo County,Maine,2010,7,82,1703,8,301,5942,38786,5540,4848,4132,10.65
23031,York County,Maine,2010,17,226,3563,43,1764,39453,197131,11595,4584,27548,13.97
24001,Allegany County,Maryland,2010,15,155,2520,17,661,9857,75087,5005,4416,17029,22.68
24003,Anne Arundel County,Maryland,2010,33,371,5651,86,4513,120832,537656,16292,6251,37740,7.02
24005,Baltimore County,Maryland,2010,72,762,12578,130,7616,195585,805029,11180,6192,57646,7.16
24009,Calvert County,Maryland,2010,3,12,224,14,918,22960,88737,29579,6338,50358,56.75
24011,Caroline County,Maryland,2010,5,58,739,8,159,2712,33066,6613,4133,8101,24.5
24013,Carroll County,Maryland,2010,8,84,1382,23,1752,38047,167134,20891,7266,44340,26.53
24015,Cecil County,Maryland,2010,10,94,1513,16,666,12632,101108,10110,6319,21831,21.59
24017,Charles County,Maryland,2010,11,105,2069,23,1078,27739,146551,13322,6371,20060,13.69
24021,Frederick County,Maryland,2010,16,117,2021,35,2013,46713,233385,14586,6668,32311,13.84
24023,Garrett County,Maryland,2010,5,40,596,7,130,2377,30097,6019,4299,5214,17.32
24025,Harford County,Maryland,2010,15,155,2716,34,2353,49346,244826,16321,7200,42354,17.3
24027,Howard County,Maryland,2010,8,49,1117,41,2663,67462,287085,35885,7002,61068,21.27
24031,Montgomery County,Maryland,2010,29,230,4174,207,9222,264091,971777,33509,4694,9195,0.95
24033,Prince George's County,Maryland,2010,63,736,11512,162,6305,170195,863420,13705,5329,41535,4.81
24035,Queen Anne's County,Maryland,2010,5,20,481,9,406,8351,47798,9559,5310,11986,25.08
24510,Baltimore city,Maryland,2010,67,558,9729,214,3433,91480,620961,9268,2901,7397,1.19
25001,Barnstable County,Massachusetts,2010,28,348,8910,62,3430,80117,215888,7710,3482,-1396,-0.65
25011,Franklin County,Massachusetts,2010,5,42,794,25,675,14310,71372,14274,2854,16821,23.57
25015,Hampshire County,Massachusetts,2010,10,77,1391,32,2272,49538,158080,15808,4940,32341,20.46
25025,Suffolk County,Massachusetts,2010,52,338,6110,215,7286,146291,722023,13885,3358,50508,7.0
26005,Allegan County,Michigan,2010,17,106,1595,20,746,11965,111408,6553,5570,22482,20.18
26007,Alpena County,Michigan,2010,4,45,619,8,241,4691,29598,7399,3699,7622,25.75
26015,Barry County,Michigan,2010,7,57,641,11,306,5336,59173,8453,5379,15865,26.81
26017,Bay County,Michigan,2010,17,187,2732,19,561,11879,107771,6339,5672,20645,19.16
26021,Berrien County,Michigan,2010,26,190,3254,39,1183,23715,156813,6031,4020,20895,13.32
26023,Branch County,Michigan,2010,10,65,1040,3,58,1276,45248,4524,15082,17292,38.22
26025,Calhoun County,Michigan,2010,22,148,2440,24,469,9765,136146,6188,5672,18771,13.79
26027,Cass County,Michigan,2010,9,68,1133,12,240,4094,52293,5810,4357,7712,14.75
26029,Charlevoix County,Michigan,2010,6,45,750,9,163,4046,25949,4324,2883,-676,-2.61
26031,Cheboygan County,Michigan,2010,5,23,475,5,174,3600,26152,5230,5230,3348,12.8
26033,Chippewa County,Michigan,2010,5,52,706,13,317,5747,38520,7704,2963,8321,21.6
26035,Clare County,Michigan,2010,10,63,980,8,198,3442,30926,3092,3865,3705,11.98
26037,Clinton County,Michigan,2010,4,29,402,7,176,2890,75382,18845,10768,37208,49.36
26045,Eaton County,Michigan,2010,12,81,1433,14,373,7163,107759,8979,7697,19186,17.8
26047,Emmet County,Michigan,2010,5,24,483,17,319,6873,32694,6538,1923,200,0.61
26049,Genesee County,Michigan,2010,61,416,6782,101,2731,53754,425790,6980,4215,51336,12.06
26051,Gladwin County,Michigan,2010,8,76,1148,3,81,1398,25692,3211,8564,7916,30.81
26055,Grand Traverse County,Michigan,2010,10,47,793,23,839,15668,86986,8698,3782,14968,17.21
26057,Gratiot County,Michigan,2010,7,49,601,11,184,3251,42476,6068,3861,7408,17.44
26063,Huron County,Michigan,2010,8,46,659,9,219,2961,33118,4139,3679,4905,14.81
26065,Ingham County,Michigan,2010,25,167,3494,45,1343,22745,280895,11235,6242,30477,10.85
26069,Iosco County,Michigan,2010,8,53,711,8,225,3710,25887,3235,3235,3019,11.66
26075,Jackson County,Michigan,2010,20,158,2588,21,680,14343,160248,8012,7630,25038,15.62
26077,Kalamazoo County,Michigan,2010,23,213,3506,43,1276,23500,250331,10883,5821,33228,13.27
26081,Kent County,Michigan,2010,65,512,8599,118,2908,70915,602622,9271,5106,42540,7.06
26091,Lenawee County,Michigan,2010,10,125,1799,20,605,10696,99892,9989,4994,22030,22.05
26093,Livingston County,Michigan,2010,8,65,962,21,882,23286,180967,22620,8617,41597,22.99
26099,Macomb County,Michigan,2010,82,599,9669,143,4939,108611,840978,10255,5880,73877,8.78
26101,Manistee County,Michigan,2010,6,31,462,10,205,4308,24733,4122,2473,-602,-2.43
26103,Marquette County,Michigan,2010,8,86,1295,13,476,7677,67077,8384,5159,16910,25.21
26105,Mason County,Michigan,2010,6,40,498,6,94,1480,28705,4784,4784,5089,17.73
26111,Midland County,Michigan,2010,8,56,878,13,339,6593,83629,10453,6433,18510,22.13
26115,Monroe County,Michigan,2010,6,73,1044,22,724,13486,152021,25336,6910,49598,32.63
26117,Montcalm County,Michigan,2010,18,109,1570,15,415,6107,63342,3519,4222,14824,23.4
26121,Muskegon County,Michigan,2010,20,183,2940,24,605,10046,172188,8609,7174,28207,16.38
26123,Newaygo County,Michigan,2010,9,69,1160,8,246,4282,48460,5384,6057,9520,19.65
26125,Oakland County,Michigan,2010,110,753,12387,255,8418,190553,1202362,10930,4715,79245,6.59
26127,Oceana County,Michigan,2010,7,59,924,8,193,2826,26570,3795,3321,2531,9.53
26129,Ogemaw County,Michigan,2010,6,31,567,6,132,2228,21699,3616,3616,-243,-1.12
26133,Osceola County,Michigan,2010,8,40,721,7,138,2370,23528,2941,3361,-421,-1.79
26137,Otsego County,Michigan,2010,5,48,742,6,114,2261,24164,4832,4027,2524,10.45
26139,Ottawa County,Michigan,2010,19,136,1889,33,956,17941,263801,13884,7993,39681,15.04
26143,Roscommon County,Michigan,2010,5,28,394,6,124,2070,24449,4889,4074,2978,12.18
26145,Saginaw County,Michigan,2010,35,221,3436,42,1100,23217,200169,5719,4765,29035,14.51
26147,St. Clair County,Michigan,2010,23,158,2236,27,605,12654,163040,7088,6038,25195,15.45
26149,St. Joseph County,Michigan,2010,13,94,1588,16,266,4718,61295,4715,3830,7352,11.99
26151,Sanilac County,Michigan,2010,12,65,980,8,285,4810,43114,3592,5389,9114,21.14
26155,Shiawassee County,Michigan,2010,15,79,1233,12,399,7643,70648,4709,5887,13421,19.0
26159,Van Buren County,Michigan,2010,14,87,1376,17,444,7754,76258,5447,4485,12515,16.41
26161,Washtenaw County,Michigan,2010,19,170,2628,55,2479,57897,344791,18146,6268,40752,11.82
26163,Wayne County,Michigan,2010,240,1491,23750,451,8496,179826,1820584,7585,4036,154386,8.48
26165,Wexford County,Michigan,2010,7,40,644,8,139,2900,32735,4676,4091,2916,8.91
27003,Anoka County,Minnesota,2010,16,264,5551,37,1669,41977,330844,20677,8941,34167,10.33
27007,Beltrami County,Minnesota,2010,6,106,2138,7,359,5983,44442,7407,6348,10415,23.44
27041,Douglas County,Minnesota,2010,7,187,3375,6,285,4521,36009,5144,6001,8291,23.02
27045,Fillmore County,Minnesota,2010,5,27,528,6,173,2088,20866,4173,3477,883,4.23
27049,Goodhue County,Minnesota,2010,6,35,475,10,284,4432,46183,7697,4618,11245,24.35
27053,Hennepin County,Minnesota,2010,70,664,12016,211,8646,215171,1152425,16463,5461,41473,3.6
27057,Hubbard County,Minnesota,2010,4,58,1161,4,211,3492,20428,5107,5107,3166,15.5
27085,McLeod County,Minnesota,2010,10,56,944,5,407,6916,36651,3665,7330,10452,28.52
27091,Martin County,Minnesota,2010,4,58,877,5,235,3550,20840,5210,4168,5313,25.49
27111,Otter Tail County,Minnesota,2010,12,260,4747,11,494,7207,57303,4775,5209,12020,20.98
27115,Pine County,Minnesota,2010,6,54,883,5,175,2589,29750,4958,5950,6792,22.83
27119,Polk County,Minnesota,2010,6,45,687,7,313,5039,31600,5266,4514,6995,22.14
27123,Ramsey County,Minnesota,2010,31,199,2930,98,3795,95136,508640,16407,5190,34562,6.79
27135,Roseau County,Minnesota,2010,6,78,1003,6,193,2653,15629,2604,2604,1774,11.35
27137,St. Louis County,Minnesota,2010,18,270,5257,36,1663,33829,200226,11123,5561,25141,12.56
27153,Todd County,Minnesota,2010,4,38,406,8,179,2968,24895,6223,3111,5493,22.06
27163,Washington County,Minnesota,2010,11,226,4827,21,1506,39876,238136,21648,11339,36774,15.44
27171,Wright County,Minnesota,2010,5,41,551,11,871,16832,124700,24940,11336,55151,44.23
28011,Bolivar County,Mississippi,2010,12,65,1055,10,216,3752,34145,2845,3414,3633,10.64
28023,Clarke County,Mississippi,2010,7,64,1082,4,104,1739,16732,2390,4183,-266,-1.59
28025,Clay County,Mississippi,2010,4,67,915,6,121,1991,20634,5158,3439,3838,18.6
28031,Covington County,Mississippi,2010,8,75,1277,5,111,1603,19568,2446,3913,482,2.46
28033,DeSoto County,Mississippi,2010,23,246,3530,14,826,20067,161252,7010,11518,35405,21.96
28035,Forrest County,Mississippi,2010,24,299,4656,13,343,5424,74934,3122,5764,23141,30.88
28045,Hancock County,Mississippi,2010,7,50,829,4,135,2326,43929,6275,10982,14520,33.05
28047,Harrison County,Mississippi,2010,41,470,7355,17,738,14599,187105,4563,11006,48994,26.19
28049,Hinds County,Mississippi,2010,50,526,7546,34,1427,26118,245285,4905,7214,63052,25.71
28051,Holmes County,Mississippi,2010,7,62,883,4,68,1138,19198,2742,4799,2144,11.17
28051,Winston County,Mississippi,2010,7,62,883,4,68,1138,19198,2742,4799,2144,11.17
28059,Jackson County,Mississippi,2010,37,283,5036,21,740,13695,139668,3774,6650,29822,21.35
28061,Jasper County,Mississippi,2010,7,55,676,3,70,1020,17062,2437,5687,3568,20.91
28067,Jones County,Mississippi,2010,22,225,3422,14,395,7096,67761,3080,4840,18921,27.92
28073,Lamar County,Mississippi,2010,12,95,1424,11,315,4985,55658,4638,5059,11667,20.96
28075,Lauderdale County,Mississippi,2010,19,231,3913,14,440,7904,80261,4224,5732,16718,20.83
28083,Leflore County,Mississippi,2010,11,113,1811,8,239,3340,32317,2937,4039,6336,19.61
28085,Lincoln County,Mississippi,2010,8,88,1285,3,287,5507,34869,4358,11623,15469,44.36
28087,Lowndes County,Mississippi,2010,17,167,2576,11,354,6276,59779,3516,5434,15007,25.1
28091,Marion County,Mississippi,2010,9,99,1401,5,136,2355,27088,3009,5417,6666,24.61
28095,Monroe County,Mississippi,2010,13,136,1935,9,174,2312,36989,2845,4109,9482,25.63
28101,Newton County,Mississippi,2010,7,66,1129,6,134,2210,21720,3102,3620,309,1.42
28101,Jefferson County,Oregon,2010,7,66,1129,6,134,2210,21720,3102,3620,309,1.42
28101,Lincoln County,West Virginia,2010,7,66,1129,6,134,2210,21720,3102,3620,309,1.42
28109,Pearl River County,Mississippi,2010,15,176,3017,9,319,5981,55834,3722,6203,12012,21.51
28113,Pike County,Mississippi,2010,12,101,1507,9,233,4665,40404,3367,4489,7436,18.4
28117,Prentiss County,Mississippi,2010,9,61,931,7,166,2452,25276,2808,3610,2598,10.28
28123,Scott County,Mississippi,2010,11,115,1674,7,201,2824,28264,2569,4037,6917,24.47
28127,Simpson County,Mississippi,2010,6,69,1084,4,94,2052,27503,4583,6875,6249,22.72
28133,Sunflower County,Mississippi,2010,8,53,852,8,141,2310,29450,3681,3681,2220,7.54
28141,Tishomingo County,Mississippi,2010,10,53,833,9,149,2179,19593,1959,2177,-902,-4.6
28147,Walthall County,Mississippi,2010,3,26,367,3,83,1312,15443,5147,5147,3355,21.73
28149,Warren County,Mississippi,2010,10,105,1486,5,278,5191,48773,4877,9754,16749,34.34
28153,Wayne County,Mississippi,2010,9,71,1221,4,203,2971,20747,2305,5186,3486,16.8
28163,Yazoo County,Mississippi,2010,8,110,1568,5,137,2071,28065,3508,5613,7696,27.42
29019,Boone County,Missouri,2010,13,92,1481,27,2055,31384,162642,12510,6023,44479,27.35
29021,Buchanan County,Missouri,2010,11,80,1316,12,749,13007,89201,8109,7433,22123,24.8
29031,Cape Girardeau County,Missouri,2010,8,79,1217,8,390,7223,75674,9459,9459,22369,29.56
29037,Cass County,Missouri,2010,13,172,3039,12,705,13541,99478,7652,8289,21590,21.7
29047,Clay County,Missouri,2010,16,137,2064,32,1966,40200,221939,13871,6935,40103,18.07
29051,Cole County,Missouri,2010,9,62,935,12,919,14298,75990,8443,6332,23874,31.42
29077,Greene County,Missouri,2010,32,255,4068,39,1653,29618,275174,8599,7055,43974,15.98
29091,Howell County,Missouri,2010,11,97,1299,10,237,3728,40400,3672,4040,8801,21.78
29095,Jackson County,Missouri,2010,73,856,17914,96,5365,107522,674158,9235,7022,59189,8.78
29097,Jasper County,Missouri,2010,22,172,2688,12,333,6160,117404,5336,9783,26031,22.17
29099,Jefferson County,Missouri,2010,16,121,2002,23,1049,23481,218733,13670,9510,34548,15.79
29105,Laclede County,Missouri,2010,4,26,427,5,130,2333,35571,8892,7114,12775,35.91
29109,Lawrence County,Missouri,2010,6,41,629,8,223,3522,38634,6439,4829,8339,21.58
29127,Marion County,Missouri,2010,9,81,1345,6,230,3894,28781,3197,4796,4688,16.29
29143,New Madrid County,Missouri,2010,6,51,726,6,97,1305,18956,3159,3159,233,1.23
29157,Perry County,Missouri,2010,3,42,853,3,59,764,18971,6323,6323,5049,26.61
29159,Pettis County,Missouri,2010,7,68,989,9,225,4220,42201,6028,4689,8469,20.07
29165,Platte County,Missouri,2010,6,21,402,11,827,16005,89322,14887,8120,30296,33.92
29169,Pulaski County,Missouri,2010,8,55,820,5,196,2918,52274,6534,10454,16992,32.51
29183,St. Charles County,Missouri,2010,20,212,3808,42,2474,59577,360485,18024,8582,41562,11.53
29186,Ste. Genevieve County,Missouri,2010,3,41,573,3,121,1911,18145,6048,6048,7106,39.16
29189,St. Louis County,Missouri,2010,79,722,11829,182,9738,235025,998954,12644,5488,69542,6.96
29213,Taney County,Missouri,2010,13,79,1961,14,506,8947,51675,3975,3691,2684,5.19
30029,Flathead County,Montana,2010,6,78,1248,13,820,19608,90928,15154,6994,27171,29.88
30031,Gallatin County,Montana,2010,4,41,665,18,1000,21527,89513,22378,4972,38776,43.32
30063,Missoula County,Montana,2010,6,48,735,20,1067,21961,109299,18216,5464,33886,31.0
31001,Adams County,Nebraska,2010,5,50,644,7,304,4827,31364,6272,4480,9367,29.87
31013,Box Butte County,Nebraska,2010,4,47,687,4,122,1818,11308,2827,2827,-1952,-17.26
31017,Brown County,Nebraska,2010,4,51,800,3,69,693,3145,786,1048,-8210,-261.05
31025,Cass County,Nebraska,2010,3,60,1057,5,94,1343,25241,8413,5048,8922,35.35
31039,Cuming County,Nebraska,2010,4,61,932,4,80,1382,9139,2284,2284,-4174,-45.67
31047,Dawson County,Nebraska,2010,7,67,931,5,128,1726,24326,3475,4865,4835,19.88
31053,Dodge County,Nebraska,2010,5,52,638,7,370,6199,36691,7338,5241,13054,35.58
31055,Douglas County,Nebraska,2010,34,264,4303,91,6045,109090,517110,15209,5682,82045,15.87
31059,Fillmore County,Nebraska,2010,3,32,190,4,61,554,5890,1963,1472,-4207,-71.43
31089,Holt County,Nebraska,2010,5,91,1362,9,210,2507,10435,2087,1159,-2771,-26.55
31109,Lancaster County,Nebraska,2010,14,129,1813,45,3211,49996,285407,20386,6342,72266,25.32
31111,Lincoln County,Nebraska,2010,7,97,1564,6,176,2461,36288,5184,6048,8984,24.76
31123,Morrill County,Nebraska,2010,4,11,143,3,70,1203,5042,1260,1680,-7800,-154.7
31141,Platte County,Nebraska,2010,5,69,932,7,453,6998,32237,6447,4605,12237,37.96
31153,Sarpy County,Nebraska,2010,10,77,1154,13,973,16037,158840,15884,12218,45386,28.57
31155,Saunders County,Nebraska,2010,5,71,820,6,111,1545,20780,4156,3463,4336,20.87
31161,Sheridan County,Nebraska,2010,4,31,381,6,90,1330,5469,1367,911,-7582,-138.64
31179,Wayne County,Nebraska,2010,3,63,1002,4,86,1013,9595,3198,2398,-2788,-29.06
31185,York County,Nebraska,2010,4,46,768,3,116,1923,13665,3416,4555,59,0.43
32003,Clark County,Nevada,2010,92,1122,20645,257,13952,338356,1951269,21209,7592,76160,3.9
32031,Washoe County,Nevada,2010,20,206,3708,66,3260,89437,421407,21070,6384,30344,7.2
33003,Carroll County,New Hampshire,2010,11,69,1361,16,608,14454,47818,4347,2988,1616,3.38
33005,Cheshire County,New Hampshire,2010,5,55,1031,21,1267,25159,77117,15423,3672,26148,33.91
33007,Coos County,New Hampshire,2010,7,54,926,10,299,5004,33055,4722,3305,3678,11.13
33009,Grafton County,New Hampshire,2010,13,113,1917,34,1581,31499,89118,6855,2621,14533,16.31
33013,Merrimack County,New Hampshire,2010,10,86,1479,26,1734,30452,146445,14644,5632,37554,25.64
33017,Strafford County,New Hampshire,2010,7,62,871,19,1590,32307,123143,17591,6481,39567,32.13
34001,Atlantic County,New Jersey,2010,35,259,4373,87,2335,58038,274549,7844,3155,16066,5.85
34003,Bergen County,New Jersey,2010,58,284,5640,260,10847,279780,905116,15605,3481,4801,0.53
34005,Burlington County,New Jersey,2010,28,188,3155,74,4323,101791,448734,16026,6063,42457,9.46
34007,Camden County,New Jersey,2010,47,313,5685,152,4192,96444,513657,10928,3379,23447,4.56
34011,Cumberland County,New Jersey,2010,16,112,1996,43,945,23783,156898,9806,3648,11097,7.07
34013,Essex County,New Jersey,2010,71,448,9195,346,5860,150593,783969,11041,2265,-28585,-3.65
34015,Gloucester County,New Jersey,2010,24,198,3153,49,2304,51059,288288,12012,5883,35638,12.36
34017,Hudson County,New Jersey,2010,74,413,6090,242,3893,92450,634266,8571,2620,24059,3.79
34019,Hunterdon County,New Jersey,2010,4,23,290,23,1259,29844,128349,32087,5580,56553,44.06
34021,Mercer County,New Jersey,2010,36,252,3957,106,3733,89003,366513,10180,3457,26143,7.13
34023,Middlesex County,New Jersey,2010,59,416,7220,218,6271,149303,809858,13726,3714,27720,3.42
34025,Monmouth County,New Jersey,2010,39,241,4236,165,7148,172655,630380,16163,3820,29366,4.66
34027,Morris County,New Jersey,2010,21,135,2564,101,5434,141844,492276,23441,4874,29925,6.08
34029,Ocean County,New Jersey,2010,38,278,5516,101,5599,128130,576567,15172,5708,42796,7.42
34031,Passaic County,New Jersey,2010,45,367,7208,231,4580,105506,501226,11138,2169,-3314,-0.66
34033,Salem County,New Jersey,2010,7,46,836,15,567,11180,66083,9440,4405,13434,20.33
34035,Somerset County,New Jersey,2010,16,63,1043,59,3897,94336,323444,20215,5482,39136,12.1
34037,Sussex County,New Jersey,2010,8,73,877,27,1718,38406,149265,18658,5528,38525,25.81
34039,Union County,New Jersey,2010,42,381,7000,164,4671,110772,536499,12773,3271,17892,3.33
34041,Warren County,New Jersey,2010,6,59,901,30,1500,33894,108692,18115,3623,29262,26.92
35001,Bernalillo County,New Mexico,2010,55,542,9569,76,4854,99745,662564,12046,8717,74935,11.31
35005,Chaves County,New Mexico,2010,10,80,1287,7,417,7358,65645,6564,9377,18466,28.13
35009,Curry County,New Mexico,2010,9,74,1243,3,244,3440,48376,5375,16125,21766,44.99
35013,Doña Ana County,New Mexico,2010,25,168,2615,22,818,14999,209233,8369,9510,35778,17.1
35025,Lea County,New Mexico,2010,10,99,1560,8,439,8535,64727,6472,8090,16824,25.99
35031,McKinley County,New Mexico,2010,13,147,2858,14,508,11308,71492,5499,5106,7987,11.17
35035,Otero County,New Mexico,2010,8,58,990,7,166,3617,63797,7974,9113,15455,24.23
35045,San Juan County,New Mexico,2010,16,134,2514,10,652,15532,130044,8127,13004,25181,19.36
35049,Santa Fe County,New Mexico,2010,8,95,2121,22,1591,37623,144170,18021,6553,29394,20.39
35057,Torrance County,New Mexico,2010,4,30,498,5,57,1011,16383,4095,3276,-1285,-7.84
35061,Valencia County,New Mexico,2010,9,70,1173,10,310,6247,76569,8507,7656,16644,21.74
36005,Bronx County,New York,2010,192,1045,17665,1051,6014,115171,1385108,7214,1317,-67635,-4.88
36009,Cattaraugus County,New York,2010,14,109,1629,21,685,10505,80317,5736,3824,16477,20.51
36011,Cayuga County,New York,2010,6,54,930,13,696,12216,80026,13337,6155,25644,32.04
36013,Chautauqua County,New York,2010,23,175,2882,34,1293,21358,134905,5865,3967,25679,19.03
36015,Chemung County,New York,2010,16,125,2010,14,749,13827,88830,5551,6345,19681,22.16
36017,Chenango County,New York,2010,12,77,1190,11,560,8894,50477,4206,4588,12174,24.12
36021,Columbia County,New York,2010,11,96,1755,22,614,13184,63096,5736,2868,5019,7.95
36023,Cortland County,New York,2010,8,69,1004,10,475,8262,49336,6167,4933,12250,24.83
36025,Delaware County,New York,2010,10,53,838,13,410,8285,47980,4798,3690,6121,12.76
36027,Dutchess County,New York,2010,23,232,3417,102,3031,71177,297488,12934,2916,22375,7.52
36029,Erie County,New York,2010,119,1033,16181,245,11062,187292,919040,7723,3751,168313,18.31
36031,Essex County,New York,2010,8,47,679,19,317,6518,39370,4921,2072,1276,3.24
36033,Franklin County,New York,2010,8,58,945,14,309,6173,51599,6449,3685,6825,13.23
36037,Genesee County,New York,2010,6,41,632,9,348,6193,60079,10013,6675,17744,29.53
36039,Greene County,New York,2010,7,51,794,12,402,7699,49221,7031,4101,9339,18.97
36043,Herkimer County,New York,2010,8,67,1021,12,277,5313,64519,8064,5376,13075,20.27
36045,Jefferson County,New York,2010,23,168,2771,27,938,17944,116229,5053,4304,19927,17.14
36047,Kings County,New York,2010,380,1867,32326,1990,12185,245191,2504700,6591,1258,-130480,-5.21
36051,Livingston County,New York,2010,11,77,1119,14,703,11930,65393,5944,4670,15611,23.87
36053,Madison County,New York,2010,12,84,1436,14,550,9744,73442,6120,5245,13682,18.63
36055,Monroe County,New York,2010,64,599,9517,184,11889,200540,744344,11630,4045,146809,19.72
36059,Nassau County,New York,2010,95,577,9356,559,12560,314262,1339532,14100,2396,-23039,-1.72
36061,New York County,New York,2010,147,1163,25118,1323,16716,417671,1585873,10788,1198,-229526,-14.47
36063,Niagara County,New York,2010,30,273,4802,31,1815,30593,216469,7215,6982,41450,19.15
36065,Oneida County,New York,2010,32,280,4283,53,1731,32742,234878,7339,4431,36278,15.45
36067,Onondaga County,New York,2010,49,388,6276,117,6960,115127,467026,9531,3991,95258,20.4
36069,Ontario County,New York,2010,12,121,1791,20,1419,24561,107931,8994,5396,29541,27.37
36075,Oswego County,New York,2010,16,121,1864,23,895,15049,122109,7631,5309,23785,19.48
36079,Putnam County,New York,2010,3,21,406,32,912,19940,99710,33236,3115,52366,52.52
36081,Queens County,New York,2010,278,1400,28664,1342,12280,291438,2230722,8024,1662,-122895,-5.51
36085,Richmond County,New York,2010,35,216,3850,207,3726,84972,468730,13392,2264,2586,0.55
36087,Rockland County,New York,2010,22,128,2576,96,2205,59459,311687,14167,3246,5805,1.86
36089,St. Lawrence County,New York,2010,19,128,2070,34,790,16869,111944,5891,3292,12369,11.05
36093,Schenectady County,New York,2010,17,166,2876,36,1596,31029,154727,9101,4297,24306,15.71
36101,Steuben County,New York,2010,13,85,1381,23,1203,21024,98990,7614,4303,21132,21.35
36103,Suffolk County,New York,2010,86,599,10426,519,14639,363972,1493350,17364,2877,-12050,-0.81
36105,Sullivan County,New York,2010,14,77,1407,30,668,13559,77547,5539,2584,5654,7.29
36109,Tompkins County,New York,2010,5,47,747,18,1521,27706,101564,20312,5642,44241,43.56
36111,Ulster County,New York,2010,15,135,2291,47,1905,39516,182493,12166,3882,25527,13.99
36117,Wayne County,New York,2010,18,113,1899,12,756,13253,93772,5209,7814,22354,23.84
36119,Westchester County,New York,2010,52,294,5116,443,9964,243088,949113,18252,2142,-25427,-2.68
36121,Wyoming County,New York,2010,7,71,1551,9,361,6183,42155,6022,4683,5597,13.28
37001,Alamance County,North Carolina,2010,27,191,3209,22,891,14146,151131,5597,6869,30440,20.14
37003,Alexander County,North Carolina,2010,5,31,492,4,134,1926,37198,7439,9299,13862,37.27
37007,Anson County,North Carolina,2010,4,32,435,5,118,1797,26948,6737,5389,7870,29.2
37011,Avery County,North Carolina,2010,5,34,499,5,207,3511,17797,3559,3559,914,5.14
37013,Beaufort County,North Carolina,2010,9,69,1030,10,393,6372,47759,5306,4775,10599,22.19
37017,Bladen County,North Carolina,2010,10,67,981,7,180,2785,35190,3519,5027,6809,19.35
37019,Brunswick County,North Carolina,2010,21,138,2302,19,864,14048,107431,5115,5654,23124,21.52
37021,Buncombe County,North Carolina,2010,26,231,3771,46,3130,54464,238318,9166,5180,50395,21.15
37023,Burke County,North Carolina,2010,20,165,2384,17,634,10187,90912,4545,5347,22790,25.07
37025,Cabarrus County,North Carolina,2010,22,174,2652,27,1055,17410,178011,8091,6593,33259,18.68
37027,Caldwell County,North Carolina,2010,16,145,2337,14,513,7792,83029,5189,5930,18562,22.36
37031,Carteret County,North Carolina,2010,12,113,1657,15,591,9896,66469,5539,4431,15191,22.85
37035,Catawba County,North Carolina,2010,29,253,3756,25,970,15803,154358,5322,6174,35754,23.16
37037,Chatham County,North Carolina,2010,14,92,1366,13,451,7615,63505,4536,4885,13400,21.1
37039,Cherokee County,North Carolina,2010,9,59,774,5,214,3516,27444,3049,5488,6805,24.8
37047,Columbus County,North Carolina,2010,18,129,2015,13,384,5924,58098,3227,4469,13660,23.51
37049,Craven County,North Carolina,2010,20,142,2065,16,577,9347,103505,5175,6469,23815,23.01
37051,Cumberland County,North Carolina,2010,48,527,7571,48,1546,26212,319431,6654,6654,63751,19.96
37053,Currituck County,North Carolina,2010,4,27,394,9,212,5721,23547,5886,2616,489,2.08
37055,Dare County,North Carolina,2010,15,79,1595,17,574,14442,33920,2261,1995,-2029,-5.98
37061,Duplin County,North Carolina,2010,19,143,1831,13,391,6557,58505,3079,4500,17704,30.26
37063,Durham County,North Carolina,2010,27,354,5151,52,1891,38610,267587,9910,5145,41315,15.44
37065,Edgecombe County,North Carolina,2010,13,92,1428,10,265,4155,56552,4350,5655,11689,20.67
37067,Forsyth County,North Carolina,2010,49,525,7479,67,2526,43270,350670,7156,5233,68967,19.67
37069,Franklin County,North Carolina,2010,9,59,943,8,307,5264,60619,6735,7577,14710,24.27
37071,Gaston County,North Carolina,2010,37,328,4572,32,1358,21593,206086,5569,6440,50665,24.58
37081,Guilford County,North Carolina,2010,58,571,7963,104,3338,58559,488406,8420,4696,78068,15.98
37083,Halifax County,North Carolina,2010,18,163,2212,20,346,5517,54691,3038,2734,12903,23.59
37089,Henderson County,North Carolina,2010,10,110,1748,25,1180,19963,106740,10674,4269,25587,23.97
37091,Hertford County,North Carolina,2010,10,89,1322,7,242,3353,24669,2466,3524,4867,19.73
37093,Hoke County,North Carolina,2010,6,42,631,7,151,2566,46952,7825,6707,12414,26.44
37097,Iredell County,North Carolina,2010,24,238,3536,27,1157,19180,159437,6643,5905,34837,21.85
37101,Johnston County,North Carolina,2010,25,200,3055,34,1021,16869,168878,6755,4967,29746,17.61
37105,Lee County,North Carolina,2010,14,110,1670,15,446,7126,57866,4133,3857,11622,20.08
37107,Lenoir County,North Carolina,2010,19,138,2223,16,510,8897,59495,3131,3718,12748,21.43
37109,Lincoln County,North Carolina,2010,13,115,1667,13,523,8882,78265,6020,6020,18479,23.61
37111,McDowell County,North Carolina,2010,9,79,973,9,352,5448,44996,4999,4999,12455,27.68
37119,Mecklenburg County,North Carolina,2010,80,743,12719,195,8316,154034,919628,11495,4716,101853,11.08
37125,Moore County,North Carolina,2010,16,138,1809,16,714,12052,88247,5515,5515,23031,26.1
37127,Nash County,North Carolina,2010,24,234,3402,20,688,11222,95840,3993,4792,26127,27.26
37129,New Hanover County,North Carolina,2010,27,309,5270,42,1854,31852,202667,7506,4825,36110,17.82
37135,Orange County,North Carolina,2010,9,88,1104,20,1318,25662,133801,14866,6690,37128,27.75
37145,Person County,North Carolina,2010,7,73,991,6,195,3107,39464,5637,6577,11483,29.1
37147,Pitt County,North Carolina,2010,33,279,4086,24,1100,18589,168148,5095,7006,41590,24.73
37151,Randolph County,North Carolina,2010,20,149,2455,23,616,8951,141752,7087,6163,24565,17.33
37153,Richmond County,North Carolina,2010,11,100,1382,11,274,3796,46639,4239,4239,10547,22.61
37155,Robeson County,North Carolina,2010,30,297,3920,28,812,11765,134168,4472,4791,38216,28.48
37157,Rockingham County,North Carolina,2010,21,166,2319,20,413,6091,93643,4459,4682,20821,22.23
37159,Rowan County,North Carolina,2010,26,223,3439,21,751,12914,138428,5324,6591,29757,21.5
37163,Sampson County,North Carolina,2010,16,160,3023,13,424,6779,63431,3964,4879,10238,16.14
37165,Scotland County,North Carolina,2010,12,94,1424,7,178,2921,36157,3013,5165,7787,21.54
37169,Stokes County,North Carolina,2010,7,53,728,8,281,4269,47401,6771,5925,12794,26.99
37171,Surry County,North Carolina,2010,20,209,3152,18,501,7824,73673,3683,4092,18665,25.33
37173,Swain County,North Carolina,2010,7,33,548,4,118,2264,13981,1997,3495,-2196,-15.71
37179,Union County,North Carolina,2010,21,177,2847,28,1249,20811,201292,9585,7189,36367,18.07
37181,Vance County,North Carolina,2010,11,155,2079,9,281,4653,45422,4129,5046,13800,30.38
37183,Wake County,North Carolina,2010,66,633,10358,168,8069,146990,900993,13651,5363,106450,11.81
37189,Watauga County,North Carolina,2010,11,190,3200,10,513,8110,51079,4643,5107,13116,25.68
37191,Wayne County,North Carolina,2010,26,224,3530,22,593,10202,122623,4716,5573,25049,20.43
37193,Wilkes County,North Carolina,2010,10,114,1590,14,358,4957,69340,6934,4952,16610,23.95
37195,Wilson County,North Carolina,2010,18,165,2338,19,552,8152,81234,4513,4275,19783,24.35
37197,Yadkin County,North Carolina,2010,8,49,725,11,198,3166,38406,4800,3491,4636,12.07
38015,Burleigh County,North Dakota,2010,5,55,886,7,677,10842,81308,16261,11615,39183,48.19
38017,Cass County,North Dakota,2010,10,276,5547,19,1405,22416,149778,14977,7883,36224,24.19
38059,Morton County,North Dakota,2010,3,16,136,6,189,2669,27471,9157,4578,11942,43.47
38079,Rolette County,North Dakota,2010,4,41,565,6,171,2440,13937,3484,2322,-866,-6.21
38099,Walsh County,North Dakota,2010,4,47,536,7,151,2047,11119,2779,1588,-2172,-19.53
39001,Adams County,Ohio,2010,10,61,949,4,106,1463,28550,2855,7137,7011,24.56
39003,Allen County,Ohio,2010,23,205,3394,17,569,10140,106331,4623,6254,22016,20.71
39005,Ashland County,Ohio,2010,8,40,731,10,397,6248,53139,6642,5313,11160,21.0
39007,Ashtabula County,Ohio,2010,22,155,2368,19,493,9040,101497,4613,5341,19796,19.5
39009,Athens County,Ohio,2010,12,92,1632,14,423,8859,64757,5396,4625,8626,13.32
39015,Brown County,Ohio,2010,13,98,1542,6,333,6638,44846,3449,7474,12087,26.95
39017,Butler County,Ohio,2010,37,258,4350,54,2510,55531,368130,9949,6817,41564,11.29
39019,Carroll County,Ohio,2010,6,77,1202,4,104,1483,28836,4806,7209,8126,28.18
39021,Champaign County,Ohio,2010,6,48,656,9,216,3887,40097,6682,4455,8543,21.31
39023,Clark County,Ohio,2010,18,128,2158,24,808,17167,138333,7685,5763,19697,14.24
39027,Clinton County,Ohio,2010,10,67,1153,12,435,9245,42040,4204,3503,4202,10.0
39029,Columbiana County,Ohio,2010,18,124,2096,18,561,8893,107841,5991,5991,19636,18.21
39033,Crawford County,Ohio,2010,8,47,829,8,190,3725,43784,5473,5473,6721,15.35
39035,Cuyahoga County,Ohio,2010,139,1126,17790,315,8894,186848,1280122,9209,4063,111489,8.71
39037,Darke County,Ohio,2010,8,56,805,8,340,6247,52959,6619,6619,13388,25.28
39047,Fayette County,Ohio,2010,5,28,419,9,200,4355,29030,5806,3225,2707,9.32
39049,Franklin County,Ohio,2010,112,1438,24430,238,9001,203246,1163414,10387,4888,92114,7.92
39051,Fulton County,Ohio,2010,8,53,895,5,265,4771,42698,5337,8539,11688,27.37
39057,Greene County,Ohio,2010,19,146,2138,21,1061,23799,161573,8503,7693,28197,17.45
39059,Guernsey County,Ohio,2010,12,74,1191,10,229,3810,40087,3340,4008,5771,14.4
39061,Hamilton County,Ohio,2010,84,753,11777,171,7356,162175,802374,9552,4692,83542,10.41
39071,Highland County,Ohio,2010,8,52,868,7,210,4562,43589,5448,6227,7868,18.05
39075,Holmes County,Ohio,2010,6,31,372,9,245,3189,42366,7061,4707,10785,25.46
39081,Jefferson County,Ohio,2010,13,117,1914,20,579,10142,69709,5362,3485,11125,15.96
39083,Knox County,Ohio,2010,12,92,1417,12,369,6493,60921,5076,5076,11812,19.39
39085,Lake County,Ohio,2010,24,209,3361,34,1781,36743,230041,9585,6765,35794,15.56
39089,Licking County,Ohio,2010,17,148,2730,22,1200,24426,166492,9793,7567,26939,16.18
39091,Logan County,Ohio,2010,9,89,1376,14,267,4769,45858,5095,3275,6000,13.08
39093,Lorain County,Ohio,2010,37,326,4809,54,1995,37880,301356,8144,5580,47552,15.78
39099,Mahoning County,Ohio,2010,37,283,4587,56,1893,31511,238823,6454,4264,40842,17.1
39103,Medina County,Ohio,2010,13,107,1679,21,1811,29723,172332,13256,8206,45516,26.41
39107,Mercer County,Ohio,2010,5,44,665,7,242,3534,40814,8162,5830,12937,31.7
39109,Miami County,Ohio,2010,14,112,1647,9,480,10303,102506,7321,11389,25404,24.78
39113,Montgomery County,Ohio,2010,74,631,10328,77,3629,80957,535153,7231,6950,71792,13.42
39119,Muskingum County,Ohio,2010,13,98,1671,15,520,9400,86074,6621,5738,15427,17.92
39133,Portage County,Ohio,2010,19,118,1957,19,844,17297,161419,8495,8495,27167,16.83
39137,Putnam County,Ohio,2010,6,34,519,6,170,1673,34499,5749,5749,8664,25.11
39139,Richland County,Ohio,2010,18,163,2705,24,795,16509,124475,6915,5186,18739,15.05
39141,Ross County,Ohio,2010,13,111,1644,11,434,8702,78064,6004,7096,17379,22.26
39143,Sandusky County,Ohio,2010,10,92,1309,11,413,7321,60944,6094,5540,14336,23.52
39145,Scioto County,Ohio,2010,16,118,2096,13,474,9632,79499,4968,6115,13392,16.85
39149,Shelby County,Ohio,2010,6,54,814,9,369,6950,49423,8237,5491,13325,26.96
39151,Stark County,Ohio,2010,51,404,6587,64,2964,61712,375586,7364,5868,53837,14.33
39153,Summit County,Ohio,2010,58,526,8545,88,4917,100404,541781,9341,6156,73751,13.61
39155,Trumbull County,Ohio,2010,41,349,5598,47,1552,26795,210312,5129,4474,41244,19.61
39157,Tuscarawas County,Ohio,2010,19,146,2511,16,738,12650,92582,4872,5786,19429,20.99
39159,Union County,Ohio,2010,6,45,693,6,181,4015,52300,8716,8716,15769,30.15
39165,Warren County,Ohio,2010,15,97,2149,27,1856,38141,212693,14179,7877,33928,15.95
39167,Washington County,Ohio,2010,13,84,1646,13,512,9906,61778,4752,4752,8428,13.64
39173,Wood County,Ohio,2010,20,320,4705,22,741,14797,125488,6274,5704,28240,22.5
40013,Bryan County,Oklahoma,2010,10,68,1154,5,130,1819,42416,4241,8483,10465,24.67
40019,Carter County,Oklahoma,2010,17,121,2215,9,173,3353,47557,2797,5284,7646,16.08
40027,Cleveland County,Oklahoma,2010,26,189,3342,45,1326,30172,255755,9836,5683,25019,9.78
40037,Creek County,Oklahoma,2010,11,107,1761,7,299,4782,69967,6360,9995,19042,27.22
40079,Le Flore County,Oklahoma,2010,17,134,2103,6,228,3231,50384,2963,8397,16649,33.04
40089,McCurtain County,Oklahoma,2010,6,33,606,7,173,3880,33151,5525,4735,3862,11.65
40091,McIntosh County,Oklahoma,2010,4,25,417,5,163,3515,20252,5063,4050,1687,8.33
40101,Muskogee County,Oklahoma,2010,17,131,2071,11,319,5849,70990,4175,6453,15431,21.74
40109,Oklahoma County,Oklahoma,2010,102,795,12914,176,4312,99818,718633,7045,4083,67621,9.41
40113,Osage County,Oklahoma,2010,7,49,732,3,101,1500,47472,6781,15824,21256,44.78
40121,Pittsburg County,Oklahoma,2010,10,111,1524,6,122,1908,45837,4583,7639,13499,29.45
40123,Pontotoc County,Oklahoma,2010,8,70,858,5,86,1462,37492,4686,7498,10959,29.23
40137,Stephens County,Oklahoma,2010,10,72,1184,8,168,2784,45048,4504,5631,7792,17.3
40139,Texas County,Oklahoma,2010,5,32,512,4,78,1224,20640,4128,5160,2276,11.03
40143,Tulsa County,Oklahoma,2010,79,732,11996,78,4443,82979,603403,7638,7735,98669,16.35
41001,Baker County,Oregon,2010,3,38,618,8,197,4145,16134,5378,2016,-678,-4.2
41003,Benton County,Oregon,2010,5,27,502,15,772,17659,85579,17115,5705,27437,32.06
41019,Douglas County,Oregon,2010,6,73,1109,22,764,17797,107667,17944,4893,28981,26.92
41029,Jackson County,Oregon,2010,11,200,3519,36,1663,42684,203206,18473,5644,29652,14.59
41035,Klamath County,Oregon,2010,4,82,1562,14,400,10553,66380,16595,4741,21509,32.4
41039,Lane County,Oregon,2010,19,232,3928,59,2756,67492,351715,18511,5961,36525,10.38
41041,Lincoln County,Oregon,2010,5,21,547,19,514,11479,46034,9206,2422,5091,11.06
41043,Linn County,Oregon,2010,8,93,2063,23,682,14450,116672,14584,5072,19595,16.79
41051,Multnomah County,Oregon,2010,27,362,6090,133,5530,136604,735334,27234,5528,47928,6.52
42001,Adams County,Pennsylvania,2010,9,53,874,15,720,10902,101407,11267,6760,26239,25.87
42003,Allegheny County,Pennsylvania,2010,134,1138,17514,204,13267,260528,1223348,9129,5996,187708,15.34
42005,Armstrong County,Pennsylvania,2010,12,102,1644,16,491,7347,68941,5745,4308,13365,19.39
42007,Beaver County,Pennsylvania,2010,23,208,3123,27,1369,20085,170539,7414,6316,39589,23.21
42009,Bedford County,Pennsylvania,2010,10,85,1040,12,367,6216,49762,4976,4146,11569,23.25
42011,Berks County,Pennsylvania,2010,30,220,4111,76,3687,59782,411442,13714,5413,59738,14.52
42013,Blair County,Pennsylvania,2010,25,264,4045,18,1162,22196,127089,5083,7060,32881,25.87
42015,Bradford County,Pennsylvania,2010,13,97,1422,16,553,8824,62622,4817,3913,13271,21.19
42017,Bucks County,Pennsylvania,2010,47,976,15036,101,7668,151859,625249,13303,6190,108247,17.31
42019,Butler County,Pennsylvania,2010,19,193,3441,30,1467,25726,183862,9676,6128,31647,17.21
42025,Carbon County,Pennsylvania,2010,10,57,965,11,439,8104,65249,6524,5931,12827,19.66
42029,Chester County,Pennsylvania,2010,29,251,4102,68,5121,109164,498886,17202,7336,64510,12.93
42031,Clarion County,Pennsylvania,2010,8,111,1775,14,289,4490,39988,4998,2856,5512,13.78
42033,Clearfield County,Pennsylvania,2010,20,153,2422,16,524,9779,81642,4082,5102,17001,20.82
42037,Columbia County,Pennsylvania,2010,12,98,1513,10,785,11227,67295,5607,6729,21683,32.22
42041,Cumberland County,Pennsylvania,2010,19,166,2457,37,3495,59734,235406,12389,6362,60594,25.74
42043,Dauphin County,Pennsylvania,2010,27,226,4019,53,3020,49220,268100,9929,5058,49941,18.63
42045,Delaware County,Pennsylvania,2010,51,341,5418,112,5187,121046,558979,10960,4990,48196,8.62
42047,Elk County,Pennsylvania,2010,5,31,421,8,201,2925,31946,6389,3993,6841,21.41
42049,Erie County,Pennsylvania,2010,38,292,4840,38,2496,43229,280566,7383,7383,55165,19.66
42051,Fayette County,Pennsylvania,2010,22,181,3201,29,1126,18659,136606,6209,4710,23962,17.54
42059,Greene County,Pennsylvania,2010,8,65,1000,9,466,9527,38686,4835,4298,7085,18.31
42061,Huntingdon County,Pennsylvania,2010,11,68,1002,6,323,5545,45913,4173,7652,12872,28.04
42063,Indiana County,Pennsylvania,2010,12,113,1737,10,555,7490,88880,7406,8888,25426,28.61
42065,Jefferson County,Pennsylvania,2010,12,56,814,11,359,5731,45200,3766,4109,8470,18.74
42069,Lackawanna County,Pennsylvania,2010,32,223,3729,43,3064,48853,214437,6701,4986,53678,25.03
42071,Lancaster County,Pennsylvania,2010,47,673,13776,110,7678,117026,519445,11052,4722,96331,18.54
42073,Lawrence County,Pennsylvania,2010,17,181,2671,9,557,10173,91108,5359,10123,26953,29.58
42075,Lebanon County,Pennsylvania,2010,11,99,1690,32,1419,21845,133568,12142,4174,30631,22.93
42077,Lehigh County,Pennsylvania,2010,26,268,4185,78,3945,68379,349497,13442,4480,60204,17.23
42079,Luzerne County,Pennsylvania,2010,46,384,6596,59,3502,55338,320918,6976,5439,67546,21.05
42085,Mercer County,Pennsylvania,2010,22,196,2980,19,739,13541,116638,5301,6138,25367,21.75
42089,Monroe County,Pennsylvania,2010,17,152,2431,25,1747,32091,169842,9990,6793,36216,21.32
42091,Montgomery County,Pennsylvania,2010,46,355,5531,139,9859,208178,799874,17388,5754,91004,11.38
42097,Northumberland County,Pennsylvania,2010,13,93,1375,18,794,10597,94528,7271,5251,23482,24.84
42101,Philadelphia County,Pennsylvania,2010,198,1231,22004,527,9727,225175,1526006,7707,2895,60921,3.99
42107,Schuylkill County,Pennsylvania,2010,20,124,2411,34,1387,20450,148289,7414,4361,26080,17.59
42109,Snyder County,Pennsylvania,2010,8,89,1159,14,505,7576,39702,4962,2835,10079,25.39
42113,Sullivan County,Pennsylvania,2010,4,23,261,4,122,1834,6428,1607,1607,-5754,-89.51
42117,Tioga County,Pennsylvania,2010,9,97,1465,8,275,4255,41981,4664,5247,9955,23.71
42121,Venango County,Pennsylvania,2010,9,80,1322,15,373,5805,54984,6109,3665,8979,16.33
42125,Washington County,Pennsylvania,2010,20,154,2453,34,1461,24329,207820,10391,6112,36476,17.55
42127,Wayne County,Pennsylvania,2010,9,58,773,15,622,10093,52822,5869,3521,12101,22.91
42129,Westmoreland County,Pennsylvania,2010,52,415,6516,53,2580,48143,365169,7022,6889,63542,17.4
42133,York County,Pennsylvania,2010,43,385,5754,64,4356,70781,434972,10115,6796,86848,19.97
44003,Kent County,Rhode Island,2010,18,244,4704,23,1484,35873,166158,9231,7224,20288,12.21
44007,Providence County,Rhode Island,2010,53,571,11477,121,5231,113686,626667,11823,5179,41258,6.58
44009,Washington County,Rhode Island,2010,17,166,3971,32,1588,36527,126979,7469,3968,6208,4.89
45003,Aiken County,South Carolina,2010,32,276,4269,30,1187,22868,160099,5003,5336,33281,20.79
45007,Anderson County,South Carolina,2010,38,294,4967,26,1546,25754,187126,4924,7197,44265,23.66
45009,Bamberg County,South Carolina,2010,9,67,931,4,91,1905,15987,1776,3996,1230,7.69
45013,Beaufort County,South Carolina,2010,20,186,2827,32,1633,35692,162233,8111,5069,26600,16.4
45015,Berkeley County,South Carolina,2010,23,201,3361,18,892,15166,177843,7732,9880,34926,19.64
45019,Charleston County,South Carolina,2010,55,424,7077,90,3757,74729,350209,6367,3891,53382,15.24
45025,Chesterfield County,South Carolina,2010,12,86,1265,13,339,5061,46734,3894,3594,8700,18.62
45027,Clarendon County,South Carolina,2010,11,66,1036,5,305,3506,34971,3179,6994,11409,32.62
45029,Colleton County,South Carolina,2010,8,69,1037,13,355,5285,38892,4861,2991,6338,16.3
45031,Darlington County,South Carolina,2010,17,160,2316,13,569,8338,68681,4040,5283,20300,29.56
45033,Dillon County,South Carolina,2010,9,70,1015,7,171,2955,32062,3562,4580,5437,16.96
45035,Dorchester County,South Carolina,2010,16,151,2369,16,1012,18432,136555,8534,8534,30859,22.6
45041,Florence County,South Carolina,2010,35,315,4876,41,1039,18807,136885,3911,3338,29571,21.6
45045,Greenville County,South Carolina,2010,77,583,9474,86,4266,91170,451225,5860,5246,74065,16.41
45051,Horry County,South Carolina,2010,75,568,9212,56,2259,45059,269291,3590,4808,67298,24.99
45057,Lancaster County,South Carolina,2010,9,68,1184,22,473,8538,76652,8516,3484,10979,14.32
45063,Lexington County,South Carolina,2010,52,370,6000,41,1914,33269,262391,5045,6399,56401,21.5
45075,Orangeburg County,South Carolina,2010,31,289,4160,26,803,11961,92501,2983,3557,31404,33.95
45079,Richland County,South Carolina,2010,48,444,7416,57,2778,49199,384504,8010,6745,62137,16.16
45085,Sumter County,South Carolina,2010,24,205,3002,21,899,10364,107456,4477,5116,32523,30.27
45087,Union County,South Carolina,2010,11,63,892,7,179,2675,28961,2632,4137,5156,17.8
45089,Williamsburg County,South Carolina,2010,12,78,2148,9,260,4095,34423,2868,3824,-2492,-7.24
45091,York County,South Carolina,2010,36,298,4628,39,1562,26477,226073,6279,5796,43962,19.45
46019,Butte County,South Dakota,2010,3,41,842,4,97,1775,10110,3370,2527,-4970,-49.16
46099,Minnehaha County,South Dakota,2010,14,144,2841,24,2308,36594,169468,12104,7061,44251,26.11
46103,Pennington County,South Dakota,2010,8,54,1295,21,744,13195,100948,12618,4807,19336,19.15
46109,Roberts County,South Dakota,2010,4,56,890,5,95,1137,10149,2537,2029,-3986,-39.27
47001,Anderson County,Tennessee,2010,11,108,1747,13,643,11588,75129,6829,5779,16941,22.55
47009,Blount County,Tennessee,2010,15,99,1668,16,778,14144,123010,8200,7688,24257,19.72
47011,Bradley County,Tennessee,2010,12,111,1617,19,473,7929,98963,8246,5208,19129,19.33
47013,Campbell County,Tennessee,2010,8,50,834,10,221,3917,40716,5089,4071,5114,12.56
47023,Chester County,Tennessee,2010,5,42,629,5,116,1425,17131,3426,3426,294,1.72
47025,Claiborne County,Tennessee,2010,4,29,409,7,244,3409,32213,8053,4601,10711,33.25
47031,Coffee County,Tennessee,2010,13,76,1324,11,258,4856,52796,4061,4799,7395,14.01
47035,Cumberland County,Tennessee,2010,9,90,1463,9,450,8346,56053,6228,6228,13295,23.72
47037,Davidson County,Tennessee,2010,73,930,16817,134,4873,117483,626681,8584,4676,44271,7.06
47041,DeKalb County,Tennessee,2010,5,46,579,4,61,1012,18723,3744,4680,2488,13.29
47045,Dyer County,Tennessee,2010,12,78,1208,9,179,3174,38335,3194,4259,5789,15.1
47049,Fentress County,Tennessee,2010,5,65,764,6,100,1255,17959,3591,2993,2243,12.49
47051,Franklin County,Tennessee,2010,7,54,753,10,175,3317,41052,5864,4105,6658,16.22
47065,Hamilton County,Tennessee,2010,53,393,6654,62,2526,46196,336463,6348,5426,54741,16.27
47071,Hardin County,Tennessee,2010,7,53,744,8,180,3270,26026,3718,3253,2144,8.24
47081,Hickman County,Tennessee,2010,5,36,712,4,80,1015,24690,4938,6172,4031,16.33
47093,Knox County,Tennessee,2010,42,438,7077,71,4140,78903,432226,10291,6087,66726,15.44
47115,Marion County,Tennessee,2010,7,49,802,4,127,2175,28237,4033,7059,6126,21.69
47119,Maury County,Tennessee,2010,16,137,1934,15,626,13841,80956,5059,5397,16812,20.77
47123,Monroe County,Tennessee,2010,12,81,1188,7,309,5921,44519,3709,6359,10889,24.46
47133,Overton County,Tennessee,2010,6,60,899,7,117,1933,22083,3680,3154,844,3.82
47139,Polk County,Tennessee,2010,8,51,783,3,86,1536,16825,2103,5608,1901,11.3
47145,Roane County,Tennessee,2010,10,59,1082,7,376,7169,54181,5418,7740,11999,22.15
47149,Rutherford County,Tennessee,2010,31,283,4452,36,1811,41989,262604,8471,7294,37027,14.1
47151,Scott County,Tennessee,2010,5,25,466,4,67,981,22228,4445,5557,2512,11.3
47155,Sevier County,Tennessee,2010,18,143,2496,22,1091,21428,89889,4993,4085,15980,17.78
47157,Shelby County,Tennessee,2010,125,1288,19440,189,6356,144805,927644,7421,4908,116653,12.58
47161,Stewart County,Tennessee,2010,5,28,367,4,71,1214,13324,2664,3331,-2015,-15.12
47163,Sullivan County,Tennessee,2010,22,181,2988,23,1222,19912,156823,7128,6818,32760,20.89
47177,Warren County,Tennessee,2010,13,132,2047,9,239,4153,39839,3064,4426,8483,21.29
48001,Anderson County,Texas,2010,13,69,1224,4,210,3823,58458,4496,14614,19424,33.23
48037,Bowie County,Texas,2010,23,143,2332,13,499,9108,92565,4024,7120,21218,22.92
48039,Brazoria County,Texas,2010,32,260,4225,29,2095,38992,313166,9786,10798,54723,17.47
48041,Brazos County,Texas,2010,16,134,2310,21,1671,29752,194851,12178,9278,41760,21.43
48049,Brown County,Texas,2010,9,79,1506,6,170,2902,38106,4234,6351,5910,15.51
48061,Cameron County,Texas,2010,65,427,6838,47,2589,54062,406220,6249,8642,68982,16.98
48071,Chambers County,Texas,2010,5,42,1059,7,175,2923,35096,7019,5013,4760,13.56
48085,Collin County,Texas,2010,44,354,6257,80,6691,136291,782341,17780,9779,89585,11.45
48113,Dallas County,Texas,2010,260,2113,38248,370,18387,379465,2368139,9108,6400,236648,9.99
48121,Denton County,Texas,2010,44,420,6646,51,3450,67004,662614,15059,12992,84239,12.71
48135,Ector County,Texas,2010,20,130,2501,16,1002,17712,137130,6856,8570,26484,19.31
48141,El Paso County,Texas,2010,120,982,15221,110,4426,78235,800647,6672,7278,136545,17.05
48157,Fort Bend County,Texas,2010,32,234,4714,71,4371,86543,585375,18292,8244,63219,10.8
48167,Galveston County,Texas,2010,30,225,3901,42,2156,44690,291309,9710,6935,38766,13.31
48183,Gregg County,Texas,2010,33,249,4006,16,981,19631,121730,3688,7608,33021,27.13
48199,Hardin County,Texas,2010,9,46,879,7,277,5337,54635,6070,7805,11422,20.91
48201,Harris County,Texas,2010,348,2771,49102,718,32255,665281,4092459,11759,5699,317441,7.76
48203,Harrison County,Texas,2010,17,95,1593,11,333,6809,65631,3860,5966,12094,18.43
48213,Henderson County,Texas,2010,18,111,1865,13,372,7863,78532,4362,6040,13618,17.34
48215,Hidalgo County,Texas,2010,118,763,12803,65,5140,101690,774769,6565,11919,132818,17.14
48221,Hood County,Texas,2010,7,52,829,13,417,7573,51182,7311,3937,9850,19.25
48223,Hopkins County,Texas,2010,4,30,431,3,132,2045,35161,8790,11720,18675,53.11
48225,Houston County,Texas,2010,5,29,457,5,135,2558,23732,4746,4746,3037,12.8
48245,Jefferson County,Texas,2010,39,266,4603,44,1869,35339,252273,6468,5733,39680,15.73
48249,Jim Wells County,Texas,2010,8,53,848,12,319,6192,40838,5104,3403,4684,11.47
48251,Johnson County,Texas,2010,21,157,2671,16,640,15641,150934,7187,9433,24018,15.91
48257,Kaufman County,Texas,2010,15,111,1923,10,428,10035,103350,6890,10335,20224,19.57
48277,Lamar County,Texas,2010,12,109,1877,6,214,3896,49793,4149,8298,11853,23.8
48279,Lamb County,Texas,2010,5,41,604,6,134,2260,13977,2795,2329,-2620,-18.75
48291,Liberty County,Texas,2010,11,69,1226,14,463,7946,75643,6876,5403,13429,17.75
48323,Maverick County,Texas,2010,17,111,1829,9,470,9782,54258,3191,6028,12592,23.21
48329,Midland County,Texas,2010,13,105,1716,13,1064,19092,136872,10528,10528,34309,25.07
48339,Montgomery County,Texas,2010,39,332,5749,43,3397,70589,455746,11685,10598,61827,13.57
48341,Moore County,Texas,2010,4,35,581,4,126,2046,21904,5476,5476,4849,22.14
48349,Navarro County,Texas,2010,11,128,1862,8,320,7263,47735,4339,5966,11347,23.77
48361,Orange County,Texas,2010,14,88,1535,14,552,9851,81837,5845,5845,15022,18.36
48363,Palo Pinto County,Texas,2010,5,26,387,8,118,1950,28111,5622,3513,3042,10.82
48365,Panola County,Texas,2010,4,18,307,4,186,3126,23796,5949,5949,6469,27.19
48365,Wyoming County,West Virginia,2010,4,18,307,4,186,3126,23796,5949,5949,6469,27.19
48367,Parker County,Texas,2010,9,70,1248,8,461,8795,116927,12991,14615,33957,29.04
48375,Potter County,Texas,2010,21,155,2784,13,1161,19883,121073,5765,9313,30330,25.05
48399,Runnels County,Texas,2010,4,25,408,3,94,1429,10501,2625,3500,-2903,-27.64
48401,Rusk County,Texas,2010,9,51,1020,5,199,3926,53330,5925,10666,13386,25.1
48419,Shelby County,Texas,2010,7,43,681,6,188,3266,25448,3635,4241,2635,10.35
48439,Tarrant County,Texas,2010,164,1364,22269,221,12987,248482,1809034,11030,8185,211768,11.71
48441,Taylor County,Texas,2010,17,125,2034,12,1113,19269,131506,7735,10958,34151,25.97
48449,Titus County,Texas,2010,6,47,834,6,195,3440,32334,5389,5389,5802,17.94
48451,Tom Green County,Texas,2010,16,108,1802,13,731,14100,110224,6889,8478,23064,20.92
48453,Travis County,Texas,2010,58,565,9911,129,10800,251060,1024266,17659,7940,83591,8.16
48471,Walker County,Texas,2010,6,45,513,6,316,5779,67861,11310,11310,27052,39.86
48477,Washington County,Texas,2010,4,29,400,5,312,5918,33718,8429,6743,13545,40.17
48479,Webb County,Texas,2010,29,229,3325,43,2140,45318,250304,8631,5821,39225,15.67
48485,Wichita County,Texas,2010,19,194,2753,14,1039,17207,131500,6921,9392,36977,28.12
48497,Wise County,Texas,2010,13,74,1085,8,184,3727,59127,4548,7390,12710,21.5
49003,Box Elder County,Utah,2010,6,70,734,5,395,6827,49975,8329,9995,23262,46.55
49011,Davis County,Utah,2010,16,144,2348,22,1740,33070,306479,19154,13930,59951,19.56
49013,Duchesne County,Utah,2010,4,27,571,5,266,4529,18607,4651,3721,1245,6.69
49027,Millard County,Utah,2010,4,30,467,5,197,2002,12503,3125,2500,-933,-7.46
49035,Salt Lake County,Utah,2010,56,626,11977,135,8193,169715,1029655,18386,7627,83989,8.16
49049,Utah County,Utah,2010,21,202,3178,48,2925,56638,516564,24598,10761,75216,14.56
49053,Washington County,Utah,2010,11,149,2228,16,842,18606,138115,12555,8632,31239,22.62
49057,Weber County,Utah,2010,19,200,4837,35,1696,37692,231236,12170,6606,18591,8.04
50015,Lamoille County,Vermont,2010,5,46,746,10,404,7414,24475,4895,2447,2317,9.47
50019,Orleans County,Vermont,2010,7,58,919,17,436,7182,27231,3890,1601,692,2.54
50023,Washington County,Vermont,2010,9,94,1394,26,1083,18538,59534,6614,2289,13786,23.16
50025,Windham County,Vermont,2010,7,51,885,19,684,13585,44513,6359,2342,5283,11.87
50027,Windsor County,Vermont,2010,8,120,2402,29,550,9545,56670,7083,1954,2624,4.63
51001,Accomack County,Virginia,2010,10,87,1315,10,251,4345,33164,3316,3316,4545,13.7
51003,Albemarle County,Virginia,2010,7,81,1223,21,941,22434,98970,14138,4712,22677,22.91
51011,Appomattox County,Virginia,2010,5,23,360,3,147,2054,14973,2994,4991,1021,6.82
51013,Arlington County,Virginia,2010,9,41,953,42,1542,43863,207627,23069,4943,27386,13.19
51015,Augusta County,Virginia,2010,12,79,1342,11,271,4242,73750,6145,6704,13979,18.95
51019,Bedford County,Virginia,2010,5,23,444,10,308,6954,68676,13735,6867,21208,30.88
51027,Buchanan County,Virginia,2010,6,67,1128,6,241,3212,24098,4016,4016,3807,15.8
51041,Chesterfield County,Virginia,2010,30,274,4623,41,2429,46846,316236,10541,7713,48274,15.27
51047,Culpeper County,Virginia,2010,4,31,592,11,382,6679,46689,11672,4244,15667,33.56
51051,Dickenson County,Virginia,2010,5,25,395,4,146,2341,15903,3180,3975,-188,-1.18
51053,Dinwiddie County,Virginia,2010,4,34,535,6,154,2617,28001,7000,4666,6989,24.96
51059,Fairfax County,Virginia,2010,43,224,5007,184,8663,239959,1081726,25156,5878,11361,1.05
51061,Fauquier County,Virginia,2010,5,24,465,12,555,13403,65203,13040,5433,18048,27.68
51079,Greene County,Virginia,2010,4,23,341,3,98,1713,18403,4600,6134,3778,20.53
51083,Halifax County,Virginia,2010,9,65,823,9,163,2737,36241,4026,4026,6184,17.06
51085,Hanover County,Virginia,2010,9,86,1173,14,932,17264,99863,11095,7133,28650,28.69
51087,Henrico County,Virginia,2010,28,308,4957,67,3319,69451,306935,10961,4581,41521,13.53
51089,Henry County,Virginia,2010,12,146,2051,14,300,4882,54151,4512,3867,11895,21.97
51107,Loudoun County,Virginia,2010,16,110,2137,49,3551,85294,312311,19519,6373,38904,12.46
51121,Montgomery County,Virginia,2010,7,76,1169,17,616,11978,94392,13484,5552,24615,26.08
51135,Nottoway County,Virginia,2010,4,30,476,5,57,957,15853,3963,3170,-1403,-8.85
51143,Pittsylvania County,Virginia,2010,13,96,1273,8,237,3387,63506,4885,7938,17641,27.78
51147,Prince Edward County,Virginia,2010,4,65,796,6,110,1832,23368,5842,3894,6264,26.81
51153,Prince William County,Virginia,2010,22,153,3086,62,3387,81552,402002,18272,6483,35652,8.87
51155,Pulaski County,Virginia,2010,8,71,1233,7,314,5751,34872,4359,4981,5913,16.96
51165,Rockingham County,Virginia,2010,11,72,1000,11,290,4468,76314,6937,6937,17219,22.56
51167,Russell County,Virginia,2010,5,33,488,5,151,2319,28897,5779,5779,7188,24.87
51169,Scott County,Virginia,2010,8,55,853,5,296,4616,23177,2897,4635,4604,19.86
51191,Washington County,Virginia,2010,11,112,1676,13,532,8640,54876,4988,4221,12951,23.6
51193,Westmoreland County,Virginia,2010,5,27,430,5,132,2066,17454,3490,3490,-407,-2.33
51195,Wise County,Virginia,2010,13,83,1392,10,551,8278,41452,3188,4145,10293,24.83
51197,Wythe County,Virginia,2010,6,30,629,5,166,2446,29235,4872,5847,4743,16.22
51510,Alexandria city,Virginia,2010,8,35,748,29,1459,40888,139966,17495,4826,20381,14.56
51520,Bristol city,Virginia,2010,5,37,487,6,385,6985,17835,3567,2972,2012,11.28
51540,Charlottesville city,Virginia,2010,4,63,1004,19,760,16939,43475,10868,2288,11493,26.44
51590,Danville city,Virginia,2010,12,119,1967,17,391,6588,43055,3587,2532,4964,11.53
51640,Galax city,Virginia,2010,3,52,869,4,165,2774,7042,2347,1760,-5374,-76.31
51640,Lexington city,Virginia,2010,3,52,869,4,165,2774,7042,2347,1760,-5374,-76.31
51660,Harrisonburg city,Virginia,2010,11,104,1893,17,633,11302,48914,4446,2877,6251,12.78
51670,Hopewell city,Virginia,2010,5,28,552,8,133,2500,22591,4518,2823,-1156,-5.12
51680,Lynchburg city,Virginia,2010,11,103,1622,15,679,12905,75568,6869,5037,15702,20.78
51740,Portsmouth city,Virginia,2010,18,154,2459,13,559,10005,95535,5307,7348,21472,22.48
51760,Richmond city,Virginia,2010,25,198,3359,63,1568,31329,204214,8168,3241,20375,9.98
51770,Roanoke city,Virginia,2010,16,136,2389,26,837,15812,97032,6064,3732,13697,14.12
51800,Suffolk city,Virginia,2010,7,57,903,17,679,10919,84585,12083,4975,23255,27.49
51810,Virginia Beach city,Virginia,2010,40,415,6280,73,3629,67248,437994,10949,5999,67084,15.32
51820,Dakota County,Nebraska,2010,6,73,1057,8,373,7525,21006,3501,2625,1734,8.25
51820,Waynesboro city,Virginia,2010,6,73,1057,8,373,7525,21006,3501,2625,1734,8.25
53005,Benton County,Washington,2010,9,175,2842,19,991,26170,175177,19464,9219,38495,21.97
53007,Chelan County,Washington,2010,5,83,1506,19,648,14628,72453,14490,3813,19118,26.39
53011,Clark County,Washington,2010,12,167,2898,57,2580,63703,425363,35446,7462,64501,15.16
53015,Cowlitz County,Washington,2010,11,185,4133,15,649,15779,102410,9310,6827,9621,9.39
53025,Grant County,Washington,2010,4,57,990,22,566,12768,89120,22280,4050,33350,37.42
53027,Grays Harbor County,Washington,2010,10,72,1537,34,639,16362,72797,7279,2141,-1102,-1.51
53033,King County,Washington,2010,63,609,10885,498,17666,479038,1931249,30654,3878,-32802,-1.7
53041,Lewis County,Washington,2010,6,92,2190,29,677,15242,75455,12575,2601,7701,10.21
53053,Pierce County,Washington,2010,34,734,9815,142,4554,127343,795225,23388,5600,54187,6.81
53061,Snohomish County,Washington,2010,24,254,4182,152,5455,148707,713335,29722,4692,29877,4.19
53063,Spokane County,Washington,2010,23,339,5854,83,3738,94860,471221,20487,5677,36424,7.73
53065,Stevens County,Washington,2010,4,19,296,9,259,5953,43531,10882,4836,13300,30.55
53073,Whatcom County,Washington,2010,9,91,1487,34,1701,39316,201140,22348,5915,41328,20.55
53077,Yakima County,Washington,2010,13,129,2160,62,1812,40423,243231,18710,3923,29863,12.28
54005,Boone County,West Virginia,2010,7,83,1285,6,173,3495,24629,3518,4104,2794,11.34
54011,Cabell County,West Virginia,2010,22,189,3184,18,674,13561,96319,4378,5351,18234,18.93
54019,Fayette County,West Virginia,2010,12,83,1379,13,291,5592,46039,3836,3541,5183,11.26
54025,Greenbrier County,West Virginia,2010,12,135,2181,6,232,5011,35480,2956,5913,8007,22.57
54027,Hampshire County,West Virginia,2010,7,43,606,4,87,1296,23964,3423,5991,4411,18.41
54033,Harrison County,West Virginia,2010,16,142,2110,13,405,8199,69099,4318,5315,14696,21.27
54035,Jackson County,West Virginia,2010,7,54,877,3,124,2677,29211,4173,9737,8917,30.53
54039,Kanawha County,West Virginia,2010,40,318,5402,39,1572,32029,193063,4826,4950,34410,17.82
54045,Logan County,West Virginia,2010,9,65,1056,14,305,5743,36743,4082,2624,2295,6.25
54049,Marion County,West Virginia,2010,12,90,1487,8,310,5441,56418,4701,7052,12601,22.34
54051,Marshall County,West Virginia,2010,5,55,789,6,219,4509,33107,6621,5517,8911,26.92
54055,Mercer County,West Virginia,2010,15,147,2040,15,372,8119,62264,4150,4150,12520,20.11
54059,Mingo County,West Virginia,2010,6,42,730,5,57,855,26839,4473,5367,3184,11.86
54061,Monongalia County,West Virginia,2010,11,88,1523,13,651,14551,96189,8744,7399,18360,19.09
54077,Preston County,West Virginia,2010,9,79,1588,5,121,1681,33520,3724,6704,4669,13.93
54081,Raleigh County,West Virginia,2010,20,185,3014,15,508,10351,78859,3942,5257,16090,20.4
54097,Upshur County,West Virginia,2010,5,33,546,5,159,3175,24254,4850,4850,3239,13.35
54099,Wayne County,West Virginia,2010,5,34,531,6,98,1415,42481,8496,7080,12908,30.39
54103,Wetzel County,West Virginia,2010,7,41,648,6,141,2380,16583,2369,2763,-1791,-10.8
55005,Barron County,Wisconsin,2010,10,212,4070,8,298,4947,45870,4587,5733,6533,14.24
55025,Dane County,Wisconsin,2010,24,403,6995,77,4623,84997,488073,20336,6338,73215,15.0
55035,Eau Claire County,Wisconsin,2010,8,77,960,15,965,13653,98736,12342,6582,34474,34.92
55039,Fond du Lac County,Wisconsin,2010,12,195,4056,14,823,14560,101633,8469,7259,17684,17.4
55043,Grant County,Wisconsin,2010,10,197,3141,12,302,4581,51208,5120,4267,11429,22.32
55045,Jasper County,Iowa,2010,7,104,1892,7,267,4766,36842,5263,5263,6446,17.5
55045,Green County,Wisconsin,2010,7,104,1892,7,267,4766,36842,5263,5263,6446,17.5
55055,Jefferson County,Wisconsin,2010,7,28,671,15,685,9930,83686,11955,5579,22589,26.99
55059,Kenosha County,Wisconsin,2010,10,93,1435,26,1197,27491,166426,16642,6401,32332,19.43
55069,Lincoln County,Wisconsin,2010,6,37,561,5,414,5761,28743,4790,5748,9628,33.5
55073,Marathon County,Wisconsin,2010,16,276,5440,28,1085,17541,134063,8378,4787,19456,14.51
55075,Marinette County,Wisconsin,2010,6,30,450,11,559,7526,41749,6958,3795,12409,29.72
55079,Milwaukee County,Wisconsin,2010,62,774,12947,203,6912,144515,947735,15286,4668,67767,7.15
55085,Oneida County,Wisconsin,2010,5,27,447,6,404,5964,35998,7199,5999,12547,34.85
55093,Pierce County,Wisconsin,2010,3,42,789,7,306,4886,41019,13673,5859,21344,52.03
55095,Polk County,Wisconsin,2010,8,44,652,12,377,5962,44205,5525,3683,7881,17.83
55099,Price County,Wisconsin,2010,7,75,1074,4,177,2997,14159,2022,3539,954,6.74
55101,Racine County,Wisconsin,2010,13,218,3434,36,895,16755,195408,15031,5428,33054,16.92
55105,Rock County,Wisconsin,2010,17,301,5174,24,982,21369,160331,9431,6680,25216,15.73
55111,Sauk County,Wisconsin,2010,10,226,4312,13,529,8156,61976,6197,4767,10617,17.13
55115,Shawano County,Wisconsin,2010,6,31,419,6,171,2921,41949,6991,6991,11574,27.59
55135,Waupaca County,Wisconsin,2010,10,214,4635,9,514,8042,52410,5241,5823,5647,10.77
55137,Waushara County,Wisconsin,2010,5,49,958,8,180,2906,24496,4899,3062,519,2.12
56007,Carbon County,Wyoming,2010,5,46,954,5,123,4082,15885,3177,3177,-5186,-32.65
56013,Fremont County,Wyoming,2010,6,60,1361,10,494,7705,40123,6687,4012,7167,17.86
56021,Laramie County,Wyoming,2010,5,55,825,10,470,11108,91738,18347,9173,34809,37.94
56025,Natrona County,Wyoming,2010,9,84,1496,11,409,9847,75450,8383,6859,13809,18.3
