GeoID,County,State,Year,D_Etab,D_Emp,D_Pay,G_Etab,G_Emp,G_Pay,Pop_2012,D_Cap,G_Cap,FD_num_2012,FD_pct_2012
1001,Autauga County,Alabama,2012,7,79,1256,4,246,5751,54936,7848,13734,20932,38.1
1015,Calhoun County,Alabama,2012,32,250,4086,26,744,14385,117257,3664,4509,24719,21.08
1017,Chambers County,Alabama,2012,9,61,1020,8,221,3645,34104,3789,4263,4438,13.01
1019,Cherokee County,Alabama,2012,10,60,840,4,102,1616,25963,2596,6490,6401,24.65
1039,Covington County,Alabama,2012,14,102,1490,8,301,5033,37804,2700,4725,9964,26.36
1045,Dale County,Alabama,2012,11,66,1078,10,170,2672,50284,4571,5028,7708,15.33
1047,Dallas County,Alabama,2012,12,99,1492,8,260,5181,42795,3566,5349,8978,20.98
1051,Elmore County,Alabama,2012,16,103,1725,10,312,5851,80216,5013,8021,16457,20.52
1053,Escambia County,Alabama,2012,14,159,1567,5,199,3482,38023,2715,7604,21180,55.7
1055,Etowah County,Alabama,2012,26,216,3272,15,479,8448,104273,4010,6951,26555,25.47
1069,Houston County,Alabama,2012,35,258,3852,17,852,17217,103365,2953,6080,33133,32.05
1073,Jefferson County,Alabama,2012,104,1008,16378,106,4623,98271,657967,6326,6207,102414,15.57
1087,Macon County,Alabama,2012,4,31,630,4,121,1904,20611,5152,5152,2783,13.5
1089,Madison County,Alabama,2012,60,502,8456,39,2404,51876,342713,5711,8787,61248,17.87
1091,Marengo County,Alabama,2012,8,75,837,4,124,2284,20367,2545,5091,5754,28.25
1095,Marshall County,Alabama,2012,23,199,2799,21,491,7753,94268,4098,4488,22782,24.17
1097,Mobile County,Alabama,2012,97,788,12302,57,2153,42067,413922,4267,7261,96773,23.38
1099,Monroe County,Alabama,2012,10,65,1040,5,146,2147,22582,2258,4516,3167,14.02
1103,Morgan County,Alabama,2012,24,178,2831,18,617,12843,120092,5003,6671,22919,19.08
1113,Russell County,Alabama,2012,16,161,2519,10,290,6256,57482,3592,5748,12767,22.21
1117,Shelby County,Alabama,2012,22,215,3111,28,1309,30213,200964,9134,7177,32352,16.1
1121,Talladega County,Alabama,2012,27,187,2894,10,317,6820,82078,3039,8207,23857,29.07
1125,Tuscaloosa County,Alabama,2012,37,316,5055,23,1195,24368,198794,5372,8643,41365,20.81
2290,Yukon-Koyukuk Census Area,Alaska,2012,6,26,283,11,48,814,5624,937,511,-9159,-162.86
4001,Apache County,Arizona,2012,14,132,1903,8,297,6265,72238,5159,9029,19079,26.41
4003,Cochise County,Arizona,2012,23,165,2608,16,698,16749,132026,5740,8251,23861,18.07
4005,Coconino County,Arizona,2012,16,117,1930,20,1076,24919,136152,8509,6807,21600,15.86
4009,Graham County,Arizona,2012,4,29,422,6,317,5741,37024,9256,6170,14474,39.09
4012,La Paz County,Arizona,2012,6,24,492,8,138,2884,20530,3421,2566,-3189,-15.53
4013,Maricopa County,Arizona,2012,229,2471,40916,493,28096,679204,3948225,17241,8008,194869,4.94
4015,Mohave County,Arizona,2012,29,290,4362,23,1297,32523,203356,7012,8841,35093,17.26
4017,Navajo County,Arizona,2012,21,142,2409,17,780,15976,107314,5110,6312,19805,18.46
4019,Pima County,Arizona,2012,78,805,13810,121,7114,182397,993215,12733,8208,65525,6.6
4021,Pinal County,Arizona,2012,28,232,3908,26,1570,36467,382828,13672,14724,50654,13.23
4023,Santa Cruz County,Arizona,2012,13,71,1203,7,257,6108,47396,3645,6770,8583,18.11
4025,Yavapai County,Arizona,2012,29,254,3783,39,1860,46257,211977,7309,5435,28763,13.57
4027,Yuma County,Arizona,2012,18,160,2680,32,934,20071,202589,11254,6330,26354,13.01
5005,Baxter County,Arkansas,2012,10,69,1127,5,243,4073,41082,4108,8216,11137,27.11
5009,Boone County,Arkansas,2012,12,129,2031,4,156,3323,37317,3109,9329,12257,32.85
5009,Miami County,Indiana,2012,12,129,2031,4,156,3323,37317,3109,9329,12257,32.85
5015,Carroll County,Arkansas,2012,7,58,876,5,131,2801,27621,3945,5524,4450,16.11
5033,Crawford County,Arkansas,2012,12,95,1546,8,176,3125,61923,5160,7740,13199,21.32
5035,Crittenden County,Arkansas,2012,11,101,1463,10,420,6489,50075,4552,5007,12892,25.75
5051,Garland County,Arkansas,2012,20,167,3136,15,477,10138,96989,4849,6465,14420,14.87
5057,Hempstead County,Arkansas,2012,5,54,774,4,87,1967,22344,4468,5586,4154,18.59
5059,Hot Spring County,Arkansas,2012,6,46,619,7,130,2292,33497,5582,4785,6481,19.35
5065,Izard County,Arkansas,2012,9,55,657,5,106,1447,13537,1504,2707,480,3.55
5069,Jefferson County,Arkansas,2012,20,227,2748,16,505,10182,74642,3732,4665,24224,32.45
5091,Miller County,Arkansas,2012,11,64,1141,7,173,3686,43660,3969,6237,6681,15.3
5093,Mississippi County,Arkansas,2012,14,124,1801,13,351,5742,45550,3253,3503,9990,21.93
5101,Newton County,Arkansas,2012,4,32,348,6,69,1128,8062,2015,1343,-5757,-71.41
5103,Ouachita County,Arkansas,2012,6,58,829,5,180,2734,25401,4233,5080,5608,22.08
5109,Pike County,Arkansas,2012,5,34,472,4,107,1732,11252,2250,2813,-2862,-25.44
5115,Pope County,Arkansas,2012,12,101,1446,5,301,5461,62621,5218,12524,21826,34.85
5119,Pulaski County,Arkansas,2012,64,623,9722,66,3109,64998,389257,6082,5897,69550,17.87
5131,Sebastian County,Arkansas,2012,23,227,3649,20,514,10941,127597,5547,6379,22240,17.43
5139,Union County,Arkansas,2012,11,92,1234,7,210,4135,40862,3714,5837,10104,24.73
5145,White County,Arkansas,2012,24,169,2624,14,418,6843,78629,3276,5616,20479,26.05
6001,Alameda County,California,2012,51,852,11522,366,11786,338213,1554138,30473,4246,9299,0.6
6007,Butte County,California,2012,13,204,3185,47,1742,49365,220873,16990,4699,23507,10.64
6013,Contra Costa County,California,2012,40,829,12163,195,8983,259305,1077731,26943,5526,34011,3.16
6017,El Dorado County,California,2012,7,113,2077,34,1609,47483,180578,25796,5311,33715,18.67
6019,Fresno County,California,2012,72,821,11506,230,5113,140883,945349,13129,4110,39366,4.16
6023,Humboldt County,California,2012,15,112,1966,41,1461,37362,134560,8970,3281,9426,7.01
6029,Kern County,California,2012,71,725,10970,193,5084,126470,853963,12027,4424,49145,5.75
6031,Kings County,California,2012,10,84,1298,31,642,14453,151026,15102,4871,24193,16.02
6037,Los Angeles County,California,2012,589,7861,139452,2054,72118,1851639,9938436,16873,4838,77742,0.78
6041,Marin County,California,2012,11,138,2294,67,3614,110242,256072,23279,3821,15109,5.9
6045,Mendocino County,California,2012,14,101,1374,50,1353,36343,87304,6236,1746,858,0.98
6047,Merced County,California,2012,15,219,3103,58,1285,33090,260971,17398,4499,29920,11.46
6053,Monterey County,California,2012,25,264,4164,116,3264,86348,425000,17000,3663,18781,4.42
6059,Orange County,California,2012,150,1997,30900,544,24864,661728,3080419,20536,5662,65520,2.13
6061,Placer County,California,2012,16,361,5290,63,3230,99579,360277,22517,5718,30607,8.5
6065,Riverside County,California,2012,112,1628,24623,348,14204,377721,2261967,20196,6499,79702,3.52
6067,Sacramento County,California,2012,59,1142,16772,274,10329,294414,1445078,24492,5274,34193,2.37
6071,San Bernardino County,California,2012,125,1664,26425,341,15462,387557,2074195,16593,6082,98024,4.73
6073,San Diego County,California,2012,119,1940,32264,621,24747,624098,3175201,26682,5113,45174,1.42
6077,San Joaquin County,California,2012,32,564,8941,159,4220,116150,699782,21868,4401,25843,3.69
6079,San Luis Obispo County,California,2012,9,147,2431,72,2505,64506,274184,30464,3808,42607,15.54
6081,San Mateo County,California,2012,20,499,11486,174,6804,196573,739427,36971,4249,-1822,-0.25
6083,Santa Barbara County,California,2012,17,222,3843,119,4103,108689,429825,25283,3611,24472,5.69
6085,Santa Clara County,California,2012,54,840,11602,339,14097,391113,1838370,34043,5422,33955,1.85
6087,Santa Cruz County,California,2012,12,142,2331,74,3034,80176,266416,22201,3600,26390,9.91
6089,Shasta County,California,2012,16,269,4296,36,1323,37679,177868,11116,4940,18386,10.34
6095,Solano County,California,2012,16,298,4380,69,2815,81109,419699,26231,6082,41863,9.97
6097,Sonoma County,California,2012,24,250,3573,136,5612,158619,490071,20419,3603,13586,2.77
6099,Stanislaus County,California,2012,29,489,6275,140,3897,99713,520594,17951,3718,39354,7.56
6101,Sutter County,California,2012,4,101,1175,25,582,17137,94210,23552,3768,36472,38.71
6107,Tulare County,California,2012,32,358,5033,107,2074,54644,449975,14061,4205,28611,6.36
6109,Tuolumne County,California,2012,5,56,645,11,399,11768,54218,10843,4928,14498,26.74
6111,Ventura County,California,2012,53,782,13929,176,6414,172848,833801,15732,4737,19530,2.34
6113,Yolo County,California,2012,11,143,1837,39,1611,44778,204623,18602,5246,30949,15.12
8001,Adams County,Colorado,2012,33,271,4741,65,2510,66283,460648,13959,7086,31653,6.87
8005,Arapahoe County,Colorado,2012,42,440,6698,90,4695,128069,596343,14198,6626,39585,6.64
8013,Boulder County,Colorado,2012,9,103,1475,56,3319,90904,305565,33951,5456,52409,17.15
8035,Douglas County,Colorado,2012,5,44,756,26,2102,57739,298698,59739,11488,111891,37.46
8041,El Paso County,Colorado,2012,37,313,5190,60,3171,85638,645879,17456,10764,48184,7.46
8043,Fremont County,Colorado,2012,5,45,642,6,193,5210,47060,9412,7843,15089,32.06
8059,Jefferson County,Colorado,2012,29,317,4496,62,4340,128782,546764,18853,8818,37529,6.86
8069,Larimer County,Colorado,2012,15,151,3935,33,2249,62282,310856,20723,9419,26268,8.45
8085,Montrose County,Colorado,2012,5,24,384,9,368,9492,40654,8130,4517,7701,18.94
8087,Morgan County,Colorado,2012,5,30,479,5,167,3464,28257,5651,5651,5677,20.09
8099,Prowers County,Colorado,2012,5,89,1802,3,74,1912,12450,2490,4150,-4745,-38.11
8101,Pueblo County,Colorado,2012,23,196,3425,19,769,21177,160810,6991,8463,21028,13.08
8123,Weld County,Colorado,2012,16,119,1972,31,1407,36962,264058,16503,8518,33219,12.58
9001,Fairfield County,Connecticut,2012,39,278,4028,214,10457,280295,935097,23976,4369,22187,2.37
9003,Hartford County,Connecticut,2012,76,781,14822,220,10520,225786,897694,11811,4080,67150,7.48
9005,Litchfield County,Connecticut,2012,10,83,1672,42,2459,52660,187609,18760,4466,35499,18.92
9009,New Haven County,Connecticut,2012,68,681,12102,195,8601,197444,864589,12714,4433,54172,6.27
9011,New London County,Connecticut,2012,22,249,4731,46,2729,59377,274085,12458,5958,33199,12.11
10001,Kent County,Delaware,2012,22,197,3255,23,876,17252,167288,7604,7273,27722,16.57
10003,New Castle County,Delaware,2012,48,608,8968,89,4327,104223,544861,11351,6122,59575,10.93
10005,Sussex County,Delaware,2012,45,338,5847,49,1686,36999,203039,4511,4143,31651,15.59
11001,District of Columbia,District of Columbia,2012,24,134,2545,196,4919,135881,634725,26446,3238,3454,0.54
11001,District of Columbia,District of Columbia,2012,24,134,2545,196,4919,135881,634725,26446,3238,3454,0.54
12001,Alachua County,Florida,2012,28,263,4187,41,3039,58304,251513,8982,6134,49124,19.53
12011,Broward County,Florida,2012,155,1310,20165,366,16765,388089,1814489,11706,4957,136664,7.53
12021,Collier County,Florida,2012,24,209,3286,62,3662,90595,332277,13844,5359,33068,9.95
12027,DeSoto County,Florida,2012,5,34,524,4,162,3170,35006,7001,8751,12157,34.73
12031,Duval County,Florida,2012,114,1068,17268,180,7395,156605,880095,7720,4889,110470,12.55
12045,Gulf County,Florida,2012,6,56,950,4,110,2471,15767,2627,3941,-1523,-9.66
12051,Hendry County,Florida,2012,6,35,664,11,183,3750,37887,6314,3444,3293,8.69
12055,Highlands County,Florida,2012,14,107,1789,18,733,14653,98222,7015,5456,16843,17.15
12057,Hillsborough County,Florida,2012,124,986,17451,290,11495,236764,1281712,10336,4419,109206,8.52
12071,Lee County,Florida,2012,58,492,7676,114,6181,142397,644243,11107,5651,64208,9.97
12073,Leon County,Florida,2012,36,309,4201,42,2688,50718,283609,7878,6752,59137,20.85
12079,Madison County,Florida,2012,6,40,536,3,151,2811,18975,3162,6325,4050,21.34
12081,Manatee County,Florida,2012,35,266,4515,55,3118,67748,333886,9539,6070,42191,12.64
12083,Marion County,Florida,2012,57,423,6916,52,2558,57154,333900,5857,6421,53060,15.89
12086,Miami-Dade County,Florida,2012,297,1543,27468,630,21573,476792,2602184,8761,4130,185308,7.12
12095,Orange County,Florida,2012,114,1039,16489,240,9309,208860,1202594,10549,5010,101938,8.48
12097,Osceola County,Florida,2012,34,284,4407,53,2034,42879,288908,8497,5451,38776,13.42
12099,Palm Beach County,Florida,2012,77,744,11164,264,13028,315498,1355058,17598,5132,73680,5.44
12101,Pasco County,Florida,2012,63,429,7389,74,4150,82740,469641,7454,6346,69180,14.73
12103,Pinellas County,Florida,2012,91,789,12508,206,9925,206951,921647,10127,4474,104621,11.35
12107,Putnam County,Florida,2012,19,124,2087,13,477,8838,72912,3837,5608,14930,20.48
12113,Santa Rosa County,Florida,2012,22,165,2642,15,835,17822,158189,7190,10545,30854,19.5
12115,Sarasota County,Florida,2012,31,251,4274,86,4170,93484,386465,12466,4493,37436,9.69
12119,Sumter County,Florida,2012,8,59,810,12,656,13229,101674,12709,8472,28357,27.89
12121,Suwannee County,Florida,2012,9,62,1026,5,200,4172,43531,4836,8706,10790,24.79
13009,Baldwin County,Georgia,2012,10,84,1402,8,399,6556,46511,4651,5813,10751,23.11
13021,Bibb County,Georgia,2012,31,281,4936,29,1453,28598,156610,5051,5400,29194,18.64
13029,Bryan County,Georgia,2012,6,56,765,7,407,7568,32253,5375,4607,8428,26.13
13033,Burke County,Georgia,2012,4,29,436,3,111,1783,23030,5757,7676,8050,34.95
13039,Camden County,Georgia,2012,9,68,1000,5,275,5201,51341,5704,10268,16308,31.76
13045,Carroll County,Georgia,2012,26,178,3385,24,881,18379,111413,4285,4642,16038,14.4
13051,Chatham County,Georgia,2012,33,295,4844,52,2374,44610,276134,8367,5310,43185,15.64
13055,Chattooga County,Georgia,2012,7,41,706,7,127,2013,25616,3659,3659,886,3.46
13059,Clarke County,Georgia,2012,16,139,2127,23,898,18435,119904,7494,5213,20713,17.27
13063,Clayton County,Georgia,2012,37,323,4986,52,1652,31048,265283,7169,5101,41138,15.51
13071,Colquitt County,Georgia,2012,12,100,1520,11,213,3899,46033,3836,4184,7481,16.25
13073,Columbia County,Georgia,2012,10,80,1161,21,1119,20587,132560,13256,6312,31920,24.08
13087,Decatur County,Georgia,2012,7,66,974,5,168,3267,27446,3920,5489,5336,19.44
13089,DeKalb County,Georgia,2012,81,740,12046,134,5677,123965,710515,8771,5302,78382,11.03
13091,Dodge County,Georgia,2012,6,50,668,7,123,1893,21514,3585,3073,1204,5.6
13095,Dougherty County,Georgia,2012,23,227,3456,21,863,15035,94676,4116,4508,24307,25.67
13097,Douglas County,Georgia,2012,17,127,1998,16,988,21450,133580,7857,8348,25819,19.33
13099,Early County,Georgia,2012,6,41,639,5,141,2368,10639,1773,2127,-4047,-38.04
13103,Effingham County,Georgia,2012,9,66,1019,4,209,3679,53336,5926,13334,19323,36.23
13107,Emanuel County,Georgia,2012,7,46,708,3,102,1301,22737,3248,7579,5892,25.91
13111,Fannin County,Georgia,2012,7,48,1040,8,286,5075,23605,3372,2950,-1283,-5.44
13115,Floyd County,Georgia,2012,25,172,3252,13,363,6683,95934,3837,7379,17935,18.7
13121,Fulton County,Georgia,2012,70,702,11725,212,8594,200814,973236,13903,4590,57058,5.86
13127,Glynn County,Georgia,2012,16,139,2201,21,757,15313,80858,5053,3850,13649,16.88
13129,Gordon County,Georgia,2012,15,101,1697,10,301,5630,55651,3710,5565,10454,18.78
13133,Greene County,Georgia,2012,6,38,519,6,205,4456,16120,2686,2686,-1703,-10.56
13135,Gwinnett County,Georgia,2012,62,502,7791,143,6810,144823,837018,13500,5853,79802,9.53
13137,Habersham County,Georgia,2012,15,98,1559,4,200,3442,43393,2892,10848,15905,36.65
13139,Hall County,Georgia,2012,20,151,2628,33,1462,31120,184127,9206,5579,25005,13.58
13151,Henry County,Georgia,2012,25,200,3130,27,1534,32232,208061,8322,7705,35293,16.96
13153,Houston County,Georgia,2012,20,160,2510,19,1105,20354,145930,7296,7680,30684,21.03
13175,Laurens County,Georgia,2012,15,118,2029,9,500,7912,47862,3190,5318,12341,25.78
13179,Liberty County,Georgia,2012,11,100,1510,8,260,3900,64415,5855,8051,16755,26.01
13185,Lowndes County,Georgia,2012,23,197,3334,15,721,14202,114069,4959,7604,23832,20.89
13215,Muscogee County,Georgia,2012,32,334,5426,40,1390,30021,198944,6217,4973,30171,15.17
13217,Newton County,Georgia,2012,15,125,1911,20,789,15475,100973,6731,5048,18684,18.5
13233,Polk County,Georgia,2012,10,77,1192,7,274,5205,41086,4108,5869,8698,21.17
13245,Richmond County,Georgia,2012,42,382,5972,32,1348,24458,201572,4799,6299,46094,22.87
13247,Rockdale County,Georgia,2012,10,95,1604,23,831,18061,85437,8543,3714,12602,14.75
13251,Screven County,Georgia,2012,4,31,463,3,118,1745,14168,3542,4722,980,6.92
13253,Seminole County,Georgia,2012,4,26,497,6,88,1560,8868,2217,1478,-7468,-84.21
13253,Benton County,Mississippi,2012,4,26,497,6,88,1560,8868,2217,1478,-7468,-84.21
13257,Stephens County,Georgia,2012,4,32,498,4,179,2592,25721,6430,6430,8848,34.4
13275,Thomas County,Georgia,2012,16,126,2034,6,312,6356,44535,2783,7422,12971,29.13
13285,Troup County,Georgia,2012,16,117,1863,16,550,10289,68278,4267,4267,12671,18.56
13297,Walton County,Georgia,2012,11,83,1286,8,517,9853,84969,7724,10621,23260,27.37
13313,Whitfield County,Georgia,2012,24,186,2959,23,575,10663,102963,4290,4476,19182,18.63
15001,Hawaii County,Hawaii,2012,10,65,945,39,1757,44313,189164,18916,4850,29959,15.84
15009,Maui County,Hawaii,2012,12,68,1450,41,1785,49087,158888,13240,3875,10606,6.68
16005,Bannock County,Idaho,2012,8,148,2312,9,380,8268,83744,10468,9304,24181,28.87
16017,Bonner County,Idaho,2012,7,39,710,13,355,6700,40347,5763,3103,4045,10.03
16027,Canyon County,Idaho,2012,13,243,4462,22,776,16006,193753,14904,8806,32311,16.68
16031,Cassia County,Idaho,2012,9,81,1005,4,210,4495,23269,2585,5817,6936,29.81
16031,Seward County,Kansas,2012,9,81,1005,4,210,4495,23269,2585,5817,6936,29.81
16055,Kootenai County,Idaho,2012,9,218,3264,18,977,21270,142078,15786,7893,37898,26.67
16083,Twin Falls County,Idaho,2012,9,153,2867,16,537,11560,78545,8727,4909,12006,15.29
17007,Boone County,Illinois,2012,6,150,2641,9,194,3264,53750,8958,5972,13606,25.31
17021,Christian County,Illinois,2012,5,41,718,6,218,3693,34516,6903,5752,8828,25.58
17029,Coles County,Illinois,2012,9,100,1616,8,315,4630,53314,5923,6664,13731,25.75
17031,Cook County,Illinois,2012,427,3264,55295,1559,42051,929779,5240505,12272,3361,180198,3.44
17043,DuPage County,Illinois,2012,47,416,6647,183,8293,180630,928823,19762,5075,69443,7.48
17049,Effingham County,Illinois,2012,8,107,1664,8,309,5401,34270,4283,4283,7073,20.64
17075,Iroquois County,Illinois,2012,6,93,1722,8,165,2057,29267,4877,3658,2686,9.18
17089,Kane County,Illinois,2012,32,340,5534,76,3381,66667,520885,16277,6853,59724,11.47
17091,Kankakee County,Illinois,2012,11,104,1626,21,732,13468,112980,10270,5380,22248,19.69
17097,Lake County,Illinois,2012,45,315,5438,114,5300,109991,702213,15604,6159,63035,8.98
17099,LaSalle County,Illinois,2012,14,159,2603,24,1020,17658,112913,8065,4704,22593,20.01
17103,Lee County,Illinois,2012,6,99,2093,6,150,2600,35207,5867,5867,4110,11.67
17109,McDonough County,Illinois,2012,6,117,1626,6,359,6443,32550,5425,5425,11757,36.12
17111,McHenry County,Illinois,2012,19,139,2105,48,2328,42523,308180,16220,6420,49803,16.16
17113,McLean County,Illinois,2012,14,120,1861,34,1134,21449,172718,12337,5079,28382,16.43
17115,Macon County,Illinois,2012,16,175,2806,15,542,11175,110130,6883,7342,21225,19.27
17119,Madison County,Illinois,2012,32,351,5859,44,1890,40982,268103,8378,6093,35996,13.43
17121,Marion County,Illinois,2012,10,94,1699,4,146,2290,39009,3900,9752,10664,27.34
17137,Morgan County,Illinois,2012,8,167,2962,7,199,3026,35313,4414,5044,5985,16.95
17141,Ogle County,Illinois,2012,6,37,559,9,313,4595,52786,8797,5865,15152,28.7
17143,Peoria County,Illinois,2012,20,170,2744,49,1638,32726,187314,9365,3822,24547,13.1
17163,St. Clair County,Illinois,2012,33,268,4529,40,1486,34115,268646,8140,6716,32228,12.0
17173,Shelby County,Illinois,2012,5,19,308,4,116,1470,22207,4441,5551,3764,16.95
17179,Tazewell County,Illinois,2012,17,134,2199,16,752,14140,136125,8007,8507,26562,19.51
17183,Vermilion County,Illinois,2012,20,328,5561,14,560,8143,80864,4043,5776,21361,26.42
17187,Warren County,Illinois,2012,5,130,2189,6,132,1924,17754,3550,2959,222,1.25
17189,Washington County,Illinois,2012,6,56,1175,8,94,1443,14598,2433,1824,-6521,-44.67
17195,Whiteside County,Illinois,2012,10,64,950,8,357,5510,57760,5776,7220,15088,26.12
17197,Will County,Illinois,2012,33,294,5414,98,4275,81682,682535,20682,6964,66193,9.7
17201,Winnebago County,Illinois,2012,37,285,5596,53,1926,46177,292112,7894,5511,23241,7.96
18003,Allen County,Indiana,2012,34,296,4819,45,1955,39085,360883,10614,8019,47639,13.2
18009,Blackford County,Indiana,2012,4,39,487,4,105,1662,12528,3132,3132,-860,-6.86
18011,Boone County,Indiana,2012,5,113,2640,6,321,6325,59026,11805,9837,17448,29.56
18019,Clark County,Indiana,2012,20,204,3398,17,674,12702,111857,5592,6579,21990,19.66
18023,Clinton County,Indiana,2012,5,58,911,8,121,2086,32890,6578,4111,6061,18.43
18029,Dearborn County,Indiana,2012,7,56,819,6,226,4975,49727,7103,8287,13837,27.83
18039,Elkhart County,Indiana,2012,24,175,2520,39,1318,25101,198980,8290,5102,31311,15.74
18045,Fountain County,Indiana,2012,5,56,773,4,198,2861,17114,3422,4278,3196,18.67
18053,Grant County,Indiana,2012,12,103,1560,8,283,5346,69083,5756,8635,17148,24.82
18057,Hamilton County,Indiana,2012,11,111,1724,31,2252,48351,289772,26342,9347,62129,21.44
18059,Hancock County,Indiana,2012,7,59,940,5,271,5476,70564,10080,14112,26002,36.85
18061,Harrison County,Indiana,2012,5,39,573,4,165,2310,39004,7800,9751,16080,41.23
18065,Henry County,Indiana,2012,8,80,1288,8,207,4323,49111,6138,6138,9891,20.14
18073,Jasper County,Indiana,2012,6,57,769,8,270,3846,33494,5582,4186,8307,24.8
18081,Johnson County,Indiana,2012,12,95,1357,11,606,11988,143479,11956,13043,35744,24.91
18085,Kosciusko County,Indiana,2012,13,103,1738,17,519,9587,77605,5969,4565,12426,16.01
18089,Lake County,Indiana,2012,62,526,8600,84,3962,80421,493387,7957,5873,68615,13.91
18091,LaPorte County,Indiana,2012,15,106,1613,17,634,11141,111296,7419,6546,22052,19.81
18097,Marion County,Indiana,2012,112,914,15662,152,5854,130581,919700,8211,6050,91948,10.0
18105,Monroe County,Indiana,2012,8,82,1245,20,1204,24016,141473,17684,7073,38669,27.33
18107,Montgomery County,Indiana,2012,6,66,980,7,271,5528,38173,6362,5453,9331,24.44
18127,Porter County,Indiana,2012,10,81,1266,11,817,15737,165713,16571,15064,45878,27.69
18137,Ripley County,Indiana,2012,6,42,663,12,208,2761,28446,4741,2370,1635,5.75
18145,Shelby County,Indiana,2012,6,47,755,7,169,3804,44271,7378,6324,10094,22.8
18163,Vanderburgh County,Indiana,2012,30,308,5249,39,1353,26282,181031,6034,4641,28208,15.58
18167,Vigo County,Indiana,2012,21,244,4309,17,774,15246,108568,5169,6386,20295,18.69
18175,Washington County,Indiana,2012,7,47,693,7,184,2685,27919,3988,3988,3847,13.78
18183,Whitley County,Indiana,2012,6,32,474,5,172,2995,33337,5556,6667,8269,24.8
19005,Allamakee County,Iowa,2012,3,44,810,8,170,2433,14147,4715,1768,-2007,-14.19
19013,Black Hawk County,Iowa,2012,11,89,1362,21,1486,27457,131872,11988,6279,32853,24.91
19045,Clinton County,Iowa,2012,9,121,1911,7,539,9109,48698,5410,6956,15642,32.12
19049,Dallas County,Iowa,2012,8,90,1350,10,933,19377,72232,9029,7223,21866,30.27
19057,Des Moines County,Iowa,2012,10,178,2999,7,616,11006,40225,4022,5746,12238,30.42
19061,Dubuque County,Iowa,2012,12,266,4607,14,1401,23310,95155,7929,6796,29753,31.27
19065,Fayette County,Iowa,2012,6,71,1232,4,131,2182,20774,3462,5193,2192,10.55
19083,Hardin County,Iowa,2012,4,42,782,6,260,4591,17357,4339,2892,-122,-0.7
19125,Marion County,Iowa,2012,6,68,928,9,327,6463,33272,5545,3696,6783,20.39
19127,Marshall County,Iowa,2012,5,73,1317,9,422,7975,41037,8207,4559,10560,25.73
19141,O'Brien County,Iowa,2012,5,59,966,7,294,4223,14155,2831,2022,-1052,-7.43
19153,Polk County,Iowa,2012,34,273,4752,70,5585,112572,444676,13078,6352,65581,14.75
19155,Pottawattamie County,Iowa,2012,9,156,2419,12,1041,18944,92919,10324,7743,29849,32.12
19163,Scott County,Iowa,2012,17,121,2006,24,1835,38990,168341,9902,7014,30714,18.25
19187,Webster County,Iowa,2012,4,75,786,5,390,7550,37325,9331,7465,20661,55.35
19193,Woodbury County,Iowa,2012,16,264,4142,20,1192,19925,102318,6394,5115,28151,27.51
19197,Wright County,Iowa,2012,5,58,847,5,163,2267,13019,2603,2603,-1070,-8.22
20005,Atchison County,Kansas,2012,3,28,464,3,86,1066,16775,5591,5591,4471,26.65
20021,Cherokee County,Kansas,2012,5,39,592,4,92,1095,21191,4238,5297,3575,16.87
20091,Johnson County,Kansas,2012,26,203,2779,74,5528,120413,559451,21517,7560,73134,13.07
20121,Miami County,Kansas,2012,6,67,1110,3,200,3811,32667,5444,10889,12790,39.15
20131,Nemaha County,Kansas,2012,5,49,802,6,223,3045,10069,2013,1678,-3679,-36.54
20173,Sedgwick County,Kansas,2012,59,456,7326,68,3875,72629,504135,8544,7413,78583,15.59
20177,Shawnee County,Kansas,2012,17,159,2493,28,1483,25540,178965,10527,6391,36110,20.18
20209,Wyandotte County,Kansas,2012,23,190,3118,25,773,16479,159411,6930,6376,23802,14.93
21009,Barren County,Kentucky,2012,16,103,1544,10,206,2890,42620,2663,4262,9726,22.82
21013,Bell County,Kentucky,2012,10,91,1561,10,336,5446,28296,2829,2829,2724,9.63
21019,Boyd County,Kentucky,2012,10,106,2256,7,367,7038,49255,4925,7036,7386,15.0
21037,Campbell County,Kentucky,2012,14,107,1704,13,1003,21158,90907,6493,6992,20215,22.24
21043,Carter County,Kentucky,2012,6,41,645,8,182,2549,27645,4607,3455,3023,10.94
21051,Clay County,Kentucky,2012,6,39,583,5,122,1923,21527,3587,4305,1865,8.66
21061,Edmonson County,Kentucky,2012,4,22,367,3,35,489,12095,3023,4031,-2355,-19.47
21061,Lewis County,Tennessee,2012,4,22,367,3,35,489,12095,3023,4031,-2355,-19.47
21067,Fayette County,Kentucky,2012,26,230,3873,60,2649,58733,306075,11772,5101,33465,10.93
21095,Harlan County,Kentucky,2012,10,57,1045,10,308,5216,28673,2867,2867,1346,4.69
21111,Jefferson County,Kentucky,2012,88,750,13045,151,6145,137423,751865,8543,4979,70427,9.37
21117,Kenton County,Kentucky,2012,14,120,1984,26,1313,26925,161274,11519,6202,28247,17.51
21147,McCreary County,Kentucky,2012,5,27,444,4,138,2467,18056,3611,4514,760,4.21
21159,Martin County,Kentucky,2012,5,30,443,3,86,1483,12746,2549,4248,-1280,-10.04
21159,Lawrence County,Mississippi,2012,5,30,443,3,86,1483,12746,2549,4248,-1280,-10.04
21173,Montgomery County,Kentucky,2012,8,47,973,6,175,4089,26871,3358,4478,-37,-0.14
21193,Perry County,Kentucky,2012,8,96,1562,8,268,3983,28295,3536,3536,4246,15.01
21195,Pike County,Kentucky,2012,24,231,3817,21,757,12470,64590,2691,3075,17925,27.75
21207,Russell County,Kentucky,2012,6,73,854,6,170,3255,17641,2940,2940,2075,11.76
21225,Union County,Kentucky,2012,6,30,501,6,88,1257,15088,2514,2514,-3337,-22.12
22001,Acadia Parish,Louisiana,2012,17,95,1565,21,440,7486,61991,3646,2951,8455,13.64
22003,Allen Parish,Louisiana,2012,10,74,1024,3,140,1868,25638,2563,8546,10085,39.34
22005,Ascension Parish,Louisiana,2012,19,141,2291,19,673,13692,112218,5906,5906,19177,17.09
22009,Avoyelles Parish,Louisiana,2012,21,138,2177,11,182,3174,41572,1979,3779,10690,25.71
22017,Caddo Parish,Louisiana,2012,46,366,6663,31,1590,33955,257248,5592,8298,41271,16.04
22019,Calcasieu Parish,Louisiana,2012,49,321,5923,25,1248,22633,194460,3968,7778,42783,22.0
22033,East Baton Rouge Parish,Louisiana,2012,73,642,10321,131,3405,69004,442592,6062,3378,58514,13.22
22039,Evangeline Parish,Louisiana,2012,10,71,1139,16,151,2660,33746,3374,2109,-213,-0.63
22045,Iberia Parish,Louisiana,2012,19,135,2494,21,536,11540,73671,3877,3508,7825,10.62
22047,Iberville Parish,Louisiana,2012,7,53,1012,8,193,3480,33327,4761,4165,2871,8.61
22051,Jefferson Parish,Louisiana,2012,63,557,10228,103,3783,80037,433964,6888,4213,46564,10.73
22055,Lafayette Parish,Louisiana,2012,44,299,5171,53,1827,37846,227230,5164,4287,33859,14.9
22063,Livingston Parish,Louisiana,2012,23,157,2657,17,704,12331,131815,5731,7753,25898,19.65
22067,Morehouse Parish,Louisiana,2012,6,50,704,3,141,3475,27378,4563,9126,8857,32.35
22071,Orleans Parish,Louisiana,2012,35,365,6523,150,2371,49985,369761,10564,2465,11223,3.04
22073,Ouachita Parish,Louisiana,2012,40,382,5040,23,1193,21995,155239,3880,6749,52192,33.62
22087,St. Bernard Parish,Louisiana,2012,15,123,2419,13,278,5142,41485,2765,3191,2391,5.76
22089,St. Charles Parish,Louisiana,2012,9,76,1636,9,290,5334,52419,5824,5824,6908,13.18
22095,St. John the Baptist Parish,Louisiana,2012,9,83,1390,11,216,4388,44725,4969,4065,5224,11.68
22097,St. Landry Parish,Louisiana,2012,31,184,3220,27,578,11242,83459,2692,3091,15869,19.01
22099,St. Martin Parish,Louisiana,2012,13,99,1294,15,381,7787,52649,4049,3509,9472,17.99
22101,St. Mary Parish,Louisiana,2012,13,91,1476,13,457,8817,53570,4120,4120,8821,16.47
22103,St. Tammany Parish,Louisiana,2012,41,324,5356,43,2022,39183,239041,5830,5559,43150,18.05
22105,Tangipahoa Parish,Louisiana,2012,34,271,4502,22,824,14765,123639,3636,5619,29912,24.19
22109,Terrebonne Parish,Louisiana,2012,27,169,3267,18,1025,18400,111679,4136,6204,23129,20.71
22111,Union Parish,Louisiana,2012,6,30,570,4,124,3851,22521,3753,5630,546,2.42
22113,Vermilion Parish,Louisiana,2012,13,92,1491,17,347,5944,58645,4511,3449,7801,13.3
22117,Washington Parish,Louisiana,2012,15,119,1956,11,275,5921,46678,3111,4243,7314,15.67
22119,Webster Parish,Louisiana,2012,15,106,1450,7,229,4076,40903,2726,5843,12220,29.88
22121,West Baton Rouge Parish,Louisiana,2012,6,47,743,5,187,3327,24153,4025,4830,3497,14.48
23001,Androscoggin County,Maine,2012,12,120,1955,20,1037,19362,107481,8956,5374,22687,21.11
23005,Cumberland County,Maine,2012,32,308,4865,75,4461,89878,283624,8863,3781,48780,17.2
23007,Franklin County,Maine,2012,10,54,923,12,408,7711,30649,3064,2554,1703,5.56
23009,Hancock County,Maine,2012,13,102,1905,30,755,16683,54477,4190,1815,268,0.49
23013,Knox County,Maine,2012,6,78,1590,16,596,10938,39610,6601,2475,4292,10.84
23017,Oxford County,Maine,2012,11,126,1688,14,351,8342,57469,5224,4104,10653,18.54
23019,Penobscot County,Maine,2012,23,226,3288,27,1753,35034,153347,6667,5679,34362,22.41
23023,Sagadahoc County,Maine,2012,4,73,1223,8,370,7212,35115,8778,4389,11216,31.94
23025,Somerset County,Maine,2012,6,51,793,11,386,6902,51806,8634,4709,13006,25.11
23031,York County,Maine,2012,20,211,3168,41,2033,40217,198872,9943,4850,34982,17.59
24003,Anne Arundel County,Maryland,2012,36,484,7102,96,4867,125189,550311,15286,5732,45697,8.3
24005,Baltimore County,Maryland,2012,77,937,13690,141,7445,181210,818023,10623,5801,85775,10.49
24013,Carroll County,Maryland,2012,8,94,1428,23,1622,34489,167032,20879,7262,45596,27.3
24015,Cecil County,Maryland,2012,12,99,1491,17,632,12207,101753,8479,5985,20073,19.73
24017,Charles County,Maryland,2012,12,155,2067,19,1071,26780,150660,12555,7929,30973,20.56
24021,Frederick County,Maryland,2012,15,119,1953,38,2472,54787,239643,15976,6306,38405,16.03
24023,Garrett County,Maryland,2012,5,47,661,6,152,2819,29964,5992,4994,6843,22.84
24025,Harford County,Maryland,2012,16,206,2921,36,2814,57750,248556,15534,6904,51352,20.66
24027,Howard County,Maryland,2012,11,72,1271,43,2645,71703,299213,27201,6958,43167,14.43
24031,Montgomery County,Maryland,2012,40,342,6660,206,9901,278451,1005852,25146,4882,1659,0.16
24510,Baltimore city,Maryland,2012,78,608,11197,281,4852,112980,622973,7986,2216,6834,1.1
25001,Barnstable County,Massachusetts,2012,24,326,8708,70,3589,86130,214783,8949,3068,-8140,-3.79
25003,Berkshire County,Massachusetts,2012,19,125,1919,37,2211,48868,130268,6856,3520,20961,16.09
25007,Dukes County,Massachusetts,2012,8,24,1061,12,307,9961,16829,2103,1402,-14114,-83.87
25011,Franklin County,Massachusetts,2012,5,40,725,21,693,14138,71678,14335,3413,19515,27.23
25015,Hampshire County,Massachusetts,2012,12,87,1589,38,2357,49045,160408,13367,4221,29374,18.31
25023,Plymouth County,Massachusetts,2012,40,461,8741,85,6042,132873,499501,12487,5876,51812,10.37
25025,Suffolk County,Massachusetts,2012,50,295,5211,232,7987,165141,751175,15023,3237,47640,6.34
26005,Allegan County,Michigan,2012,18,140,2102,15,647,11258,111499,6194,7433,24825,22.26
26007,Alpena County,Michigan,2012,5,41,669,10,257,4827,29172,5834,2917,3151,10.8
26015,Barry County,Michigan,2012,6,42,576,10,228,4189,59019,9836,5901,15783,26.74
26017,Bay County,Michigan,2012,18,277,3185,20,620,12484,106966,5942,5348,31809,29.74
26021,Berrien County,Michigan,2012,35,282,4708,40,1125,24221,156626,4475,3915,24517,15.65
26025,Calhoun County,Michigan,2012,28,206,3082,24,480,9214,134733,4811,5613,25320,18.79
26027,Cass County,Michigan,2012,7,65,1162,9,199,3820,51800,7400,5755,9925,19.16
26029,Charlevoix County,Michigan,2012,7,43,882,9,155,3800,26190,3741,2910,-2516,-9.61
26031,Cheboygan County,Michigan,2012,4,23,388,6,169,3497,25741,6435,4290,4516,17.54
26033,Chippewa County,Michigan,2012,5,53,720,14,300,5317,38981,7796,2784,8070,20.7
26035,Clare County,Michigan,2012,10,58,1074,11,213,5276,30792,3079,2799,-1285,-4.17
26037,Clinton County,Michigan,2012,3,22,329,8,155,2717,76166,25388,9520,47101,61.84
26045,Eaton County,Michigan,2012,12,89,1468,12,331,6602,108002,9000,9000,21495,19.9
26047,Emmet County,Michigan,2012,8,36,553,15,309,7229,32804,4100,2186,-796,-2.43
26049,Genesee County,Michigan,2012,63,428,7055,87,2616,51995,418167,6637,4806,54716,13.08
26051,Gladwin County,Michigan,2012,8,80,1359,3,84,1554,25540,3192,8513,6513,25.5
26055,Grand Traverse County,Michigan,2012,10,78,1119,26,817,17021,89196,8919,3430,14494,16.25
26057,Gratiot County,Michigan,2012,8,52,774,9,180,2814,41978,5247,4664,7155,17.04
26065,Ingham County,Michigan,2012,32,255,4658,50,1242,22086,283509,8859,5670,31308,11.04
26067,Ionia County,Michigan,2012,9,65,971,10,286,4484,63879,7097,6387,14663,22.95
26073,Isabella County,Michigan,2012,8,107,3112,11,305,5678,70664,8833,6424,4099,5.8
26075,Jackson County,Michigan,2012,24,170,3234,19,832,13769,159966,6665,8419,27657,17.29
26077,Kalamazoo County,Michigan,2012,27,253,3746,47,1314,24212,255342,9457,5432,36825,14.42
26081,Kent County,Michigan,2012,75,633,8977,101,2777,56290,615823,8210,6097,81452,13.23
26087,Lapeer County,Michigan,2012,10,86,1396,10,389,7907,88187,8818,8818,20321,23.04
26091,Lenawee County,Michigan,2012,11,105,1940,19,635,9750,99004,9000,5210,18508,18.69
26093,Livingston County,Michigan,2012,8,61,988,22,858,19255,182776,22847,8308,43965,24.05
26099,Macomb County,Michigan,2012,80,678,10135,132,4910,104325,849727,10621,6437,88862,10.46
26103,Marquette County,Michigan,2012,11,211,3605,14,455,8205,67827,6166,4844,12994,19.16
26115,Monroe County,Michigan,2012,10,83,1399,26,762,14100,150791,15079,5799,28924,19.18
26121,Muskegon County,Michigan,2012,27,215,3644,22,471,8920,170144,6301,7733,26643,15.66
26123,Newaygo County,Michigan,2012,9,72,1409,9,259,4345,47881,5320,5320,6931,14.48
26125,Oakland County,Michigan,2012,104,814,12844,244,9078,206694,1223616,11765,5014,87049,7.11
26127,Oceana County,Michigan,2012,6,23,365,7,169,2914,26307,4384,3758,1980,7.53
26129,Ogemaw County,Michigan,2012,6,34,529,5,109,1984,21367,3561,4273,1030,4.82
26133,Osceola County,Michigan,2012,9,46,761,6,125,2350,23320,2591,3886,756,3.24
26137,Otsego County,Michigan,2012,6,70,939,5,111,2408,24034,4005,4806,4331,18.02
26139,Ottawa County,Michigan,2012,16,130,1972,36,970,18836,270861,16928,7523,39886,14.73
26145,Saginaw County,Michigan,2012,33,202,3283,36,1089,20922,198354,6010,5509,30623,15.44
26147,St. Clair County,Michigan,2012,24,183,2286,26,693,12926,160623,6692,6177,31374,19.53
26149,St. Joseph County,Michigan,2012,13,97,1619,12,215,4047,60983,4691,5081,9129,14.97
26151,Sanilac County,Michigan,2012,11,62,1026,8,290,4663,42297,3845,5287,8104,19.16
26155,Shiawassee County,Michigan,2012,16,100,1372,11,399,7353,69319,4332,6301,16638,24.0
26159,Van Buren County,Michigan,2012,16,90,1539,18,420,7226,75300,4706,4183,10947,14.54
26161,Washtenaw County,Michigan,2012,21,147,2579,61,3021,64571,352262,16774,5774,42098,11.95
26163,Wayne County,Michigan,2012,246,1723,27607,462,9329,190132,1795973,7300,3887,171215,9.53
26165,Wexford County,Michigan,2012,10,66,1224,7,129,2559,32522,3252,4646,2391,7.35
27003,Anoka County,Minnesota,2012,15,320,5286,34,1649,42484,336093,22406,9885,49158,14.63
27007,Beltrami County,Minnesota,2012,8,84,1970,6,346,6472,45140,5642,7523,6942,15.38
27015,Brown County,Minnesota,2012,6,74,982,5,492,8149,25412,4235,5082,9886,38.9
27019,Carver County,Minnesota,2012,4,24,522,11,632,14068,93863,23465,8533,42378,45.15
27035,Crow Wing County,Minnesota,2012,9,224,4515,14,518,11265,62802,6978,4485,5281,8.41
27049,Goodhue County,Minnesota,2012,7,58,761,11,255,4828,46146,6592,4195,9175,19.88
27053,Hennepin County,Minnesota,2012,65,745,14477,254,9958,256032,1184224,18218,4662,14590,1.23
27057,Hubbard County,Minnesota,2012,6,56,1390,4,229,3473,20454,3409,5113,-536,-2.62
27067,Kandiyohi County,Minnesota,2012,4,71,1129,8,440,7968,42377,10594,5297,17406,41.07
27083,Lyon County,Minnesota,2012,4,160,2538,8,378,6395,25630,6407,3203,8841,34.49
27095,Mille Lacs County,Minnesota,2012,5,21,475,7,403,6766,25630,5126,3661,3726,14.54
27105,Nobles County,Minnesota,2012,4,131,2173,8,325,5155,21733,5433,2716,4715,21.7
27109,Olmsted County,Minnesota,2012,9,397,7699,26,1464,25528,146901,16322,5650,33110,22.54
27111,Otter Tail County,Minnesota,2012,10,200,3740,11,435,7101,57221,5722,5201,10008,17.49
27119,Polk County,Minnesota,2012,7,46,785,8,294,5198,31507,4501,3938,4021,12.76
27123,Ramsey County,Minnesota,2012,34,292,5573,109,3735,92992,521026,15324,4780,23503,4.51
27137,St. Louis County,Minnesota,2012,19,370,7307,35,1684,38642,200348,10544,5724,19003,9.48
27145,Stearns County,Minnesota,2012,13,380,6833,35,1707,28123,151883,11683,4339,32230,21.22
27163,Washington County,Minnesota,2012,11,285,5186,24,1510,39272,243691,22153,10153,43016,17.65
27171,Wright County,Minnesota,2012,6,56,641,13,972,17970,127245,21207,9788,49646,39.02
28035,Forrest County,Mississippi,2012,24,372,4283,13,401,6989,76479,3186,5883,38791,50.72
28047,Harrison County,Mississippi,2012,52,439,6385,20,858,17006,193525,3721,9676,58287,30.12
28049,Hinds County,Mississippi,2012,57,570,8579,32,1904,32207,247980,4350,7749,73271,29.55
28059,Jackson County,Mississippi,2012,37,335,4744,21,686,11524,139942,3782,6663,41772,29.85
28061,Jasper County,Mississippi,2012,6,51,707,3,86,1016,16556,2759,5518,2753,16.63
28067,Jones County,Mississippi,2012,25,229,3572,10,473,6638,68425,2737,6842,25536,37.32
28073,Lamar County,Mississippi,2012,14,140,1612,8,325,4375,58075,4148,7259,21872,37.66
28075,Lauderdale County,Mississippi,2012,22,229,3329,13,411,7356,80244,3647,6172,23322,29.06
28081,Lee County,Mississippi,2012,27,253,3471,16,515,9969,84793,3140,5299,27449,32.37
28083,Leflore County,Mississippi,2012,10,97,1502,7,236,3388,30800,3080,4400,6474,21.02
28087,Lowndes County,Mississippi,2012,19,176,2347,11,372,6463,59606,3137,5418,19652,32.97
28091,Marion County,Mississippi,2012,7,73,977,5,138,2427,26334,3762,5266,5955,22.61
28095,Monroe County,Mississippi,2012,12,96,1325,10,193,2221,36416,3034,3641,7833,21.51
28107,Panola County,Mississippi,2012,11,91,1343,3,244,4404,34425,3129,11475,15139,43.98
28109,Pearl River County,Mississippi,2012,17,175,2225,8,293,6197,55007,3235,6875,19595,35.62
28113,Pike County,Mississippi,2012,13,99,1569,7,243,5216,40095,3084,5727,8258,20.6
28117,Prentiss County,Mississippi,2012,9,84,888,7,186,2548,25353,2817,3621,7253,28.61
28123,Scott County,Mississippi,2012,11,103,1413,8,166,2521,28359,2578,3544,5903,20.82
28133,Sunflower County,Mississippi,2012,11,66,1082,8,140,2183,28406,2582,3550,2427,8.54
28147,Walthall County,Mississippi,2012,4,34,416,4,118,1659,15077,3769,3769,1219,8.09
28149,Warren County,Mississippi,2012,10,81,1552,6,287,5622,48216,4821,8036,9911,20.56
28151,Washington County,Mississippi,2012,17,157,2162,12,410,7708,50016,2942,4168,14483,28.96
28153,Wayne County,Mississippi,2012,6,32,629,4,170,2739,20613,3435,5153,1586,7.69
29019,Boone County,Missouri,2012,12,108,1381,31,1821,31449,168789,14065,5444,42316,25.07
29021,Buchanan County,Missouri,2012,10,87,1381,9,646,13205,89917,8991,9990,24046,26.74
29037,Cass County,Missouri,2012,12,151,2947,10,649,18708,100429,8369,10042,15206,15.14
29039,Cedar County,Missouri,2012,5,39,634,4,188,2370,13908,2781,3477,-220,-1.58
29047,Clay County,Missouri,2012,16,128,1992,31,2055,42917,227594,14224,7341,40330,17.72
29051,Cole County,Missouri,2012,8,58,858,11,827,14637,76470,9558,6951,23412,30.62
29071,Franklin County,Missouri,2012,15,116,1641,20,470,8974,101347,6756,5067,17586,17.35
29077,Greene County,Missouri,2012,26,216,3453,43,2263,42629,280430,10785,6521,44585,15.9
29089,Howard County,Missouri,2012,4,15,199,3,72,746,10198,2549,3399,-2836,-27.81
29095,Jackson County,Missouri,2012,77,938,17574,110,5510,112332,677375,8797,6157,72567,10.71
29099,Jefferson County,Missouri,2012,18,163,2230,24,1062,23822,219820,12212,9159,37477,17.05
29113,Lincoln County,Missouri,2012,6,39,512,5,160,3357,53292,8882,10658,19039,35.73
29127,Marion County,Missouri,2012,9,88,1426,7,273,4639,28742,3193,4106,4566,15.89
29143,New Madrid County,Missouri,2012,7,60,753,6,86,1265,18490,2641,3081,891,4.82
29159,Pettis County,Missouri,2012,7,66,939,7,203,4400,42297,6042,6042,9728,23.0
29165,Platte County,Missouri,2012,6,29,515,11,1080,21088,92142,15357,8376,33543,36.4
29183,St. Charles County,Missouri,2012,26,287,5234,43,2568,58047,369098,14196,8583,41972,11.37
29189,St. Louis County,Missouri,2012,89,873,13502,187,9596,224193,1000742,11244,5351,90001,8.99
29213,Taney County,Missouri,2012,9,72,1676,11,378,6623,52909,5878,4809,5536,10.46
30029,Flathead County,Montana,2012,9,133,2336,15,861,20275,91595,10177,6106,17881,19.52
31001,Adams County,Nebraska,2012,5,45,566,6,305,5172,31347,6269,5224,9930,31.68
31019,Buffalo County,Nebraska,2012,5,38,539,7,285,4306,47639,9527,6805,17175,36.05
31041,Custer County,Nebraska,2012,3,48,848,5,87,1171,10847,3615,2169,-3669,-33.83
31047,Dawson County,Nebraska,2012,7,63,1123,4,111,1760,23988,3426,5997,3254,13.57
31055,Douglas County,Nebraska,2012,35,504,9703,101,6462,119967,530768,15164,5255,71037,13.38
31067,Gage County,Nebraska,2012,5,51,999,4,57,945,21651,4330,5412,1396,6.45
31109,Lancaster County,Nebraska,2012,21,413,7812,50,3418,55048,293430,13972,5868,56549,19.27
31111,Lincoln County,Nebraska,2012,8,165,2726,9,179,3750,35975,4496,3997,5100,14.18
31119,Madison County,Nebraska,2012,8,154,2749,9,505,8576,35088,4386,3898,6735,19.19
31141,Platte County,Nebraska,2012,5,72,1007,5,424,7150,32674,6534,6534,13757,42.1
31153,Sarpy County,Nebraska,2012,9,134,2525,12,929,16380,165662,18406,13805,47031,28.39
31185,York County,Nebraska,2012,3,27,414,4,126,2067,13836,4612,3459,479,3.46
32003,Clark County,Nevada,2012,102,1330,22930,221,12805,329475,1989693,19506,9003,83278,4.19
32005,Douglas County,Nevada,2012,4,45,702,4,301,8792,46911,11727,11727,22142,47.2
32031,Washoe County,Nevada,2012,24,236,4975,57,3033,84355,427452,17810,7499,22981,5.38
33003,Carroll County,New Hampshire,2012,12,68,1257,17,633,14375,47693,3974,2805,2733,5.73
33007,Coos County,New Hampshire,2012,8,59,1048,11,296,5083,31984,3998,2907,1920,6.0
33009,Grafton County,New Hampshire,2012,11,84,1416,30,1633,32213,89621,8147,2987,17387,19.4
33017,Strafford County,New Hampshire,2012,8,67,1159,20,1711,31038,124753,15594,6237,38619,30.96
34001,Atlantic County,New Jersey,2012,35,299,4231,90,2238,53905,274651,7847,3051,24562,8.94
34003,Bergen County,New Jersey,2012,67,400,6308,272,11049,296792,916408,13677,3369,6294,0.69
34005,Burlington County,New Jersey,2012,38,296,3976,75,4157,104691,450517,11855,6006,44711,9.92
34007,Camden County,New Jersey,2012,55,461,6715,159,4218,98101,511769,9304,3218,38667,7.56
34011,Cumberland County,New Jersey,2012,20,155,2435,37,899,21681,156941,7847,4241,16520,10.53
34013,Essex County,New Jersey,2012,77,522,10026,377,5967,151662,785137,10196,2082,-27431,-3.49
34015,Gloucester County,New Jersey,2012,34,343,4184,40,2237,50644,289627,8518,7240,53523,18.48
34017,Hudson County,New Jersey,2012,71,341,5237,268,3547,91737,652416,9188,2434,2998,0.46
34021,Mercer County,New Jersey,2012,35,285,4006,122,3916,97546,368604,10531,3021,22768,6.18
34023,Middlesex County,New Jersey,2012,63,473,7898,227,6261,151601,819347,13005,3609,27662,3.38
34025,Monmouth County,New Jersey,2012,48,358,5462,168,6776,181770,627663,13076,3736,18505,2.95
34027,Morris County,New Jersey,2012,24,185,2850,99,5342,142480,495679,20653,5006,29930,6.04
34029,Ocean County,New Jersey,2012,50,405,7357,99,5481,147763,579860,11597,5857,27338,4.71
34031,Passaic County,New Jersey,2012,54,445,7479,249,4182,101392,503651,9326,2022,-991,-0.2
34033,Salem County,New Jersey,2012,8,50,956,16,427,10080,65410,8176,4088,8010,12.25
34035,Somerset County,New Jersey,2012,12,60,1096,75,3891,92251,327341,27278,4364,45691,13.96
34037,Sussex County,New Jersey,2012,8,72,927,32,1881,41136,146943,18367,4591,36732,25.0
34039,Union County,New Jersey,2012,44,465,7832,169,4800,111922,543129,12343,3213,25923,4.77
34041,Warren County,New Jersey,2012,9,66,1080,30,1477,35993,107564,11951,3585,16081,14.95
35001,Bernalillo County,New Mexico,2012,57,562,8953,82,4241,105706,673697,11819,8215,60289,8.95
35005,Chaves County,New Mexico,2012,13,84,1464,6,378,7245,65800,5061,10966,17803,27.06
35007,Colfax County,New Mexico,2012,3,17,284,3,97,1816,13257,4419,4419,307,2.32
35009,Curry County,New Mexico,2012,9,76,1351,4,192,3568,50799,5644,12699,16438,32.36
35013,Doña Ana County,New Mexico,2012,28,204,3118,22,906,17869,214507,7660,9750,37880,17.66
35025,Lea County,New Mexico,2012,13,105,1886,8,391,8798,66382,5106,8297,13157,19.82
35031,McKinley County,New Mexico,2012,12,125,2351,12,479,10801,72374,6031,6031,10378,14.34
35035,Otero County,New Mexico,2012,9,46,769,10,203,3931,66226,7358,6622,12415,18.75
35045,San Juan County,New Mexico,2012,21,151,2771,10,676,14710,129748,6178,12974,27150,20.93
35049,Santa Fe County,New Mexico,2012,10,101,1968,26,1540,42322,146722,14672,5643,18587,12.67
36005,Bronx County,New York,2012,195,1086,17688,1181,6343,119005,1411715,7239,1195,-88319,-6.26
36009,Cattaraugus County,New York,2012,11,89,1396,19,625,9537,79354,7214,4176,16101,20.29
36013,Chautauqua County,New York,2012,26,220,3939,28,1200,19809,133302,5127,4760,25903,19.43
36015,Chemung County,New York,2012,16,126,2039,13,602,10593,89136,5571,6856,19667,22.06
36017,Chenango County,New York,2012,11,69,941,13,378,6378,49887,4535,3837,9285,18.61
36019,Clinton County,New York,2012,13,100,1581,21,861,14996,81708,6285,3890,16062,19.66
36021,Columbia County,New York,2012,13,101,1776,18,677,14634,62435,4802,3468,7276,11.65
36023,Cortland County,New York,2012,6,63,825,9,431,6881,49027,8171,5447,16278,33.2
36025,Delaware County,New York,2012,11,67,1064,15,671,12083,47212,4292,3147,8346,17.68
36027,Dutchess County,New York,2012,28,255,3741,89,3374,77565,297048,10608,3337,29289,9.86
36029,Erie County,New York,2012,122,1040,17098,279,10054,163315,919877,7539,3297,150471,16.36
36031,Essex County,New York,2012,7,50,652,24,805,14332,38863,5551,1619,6066,15.61
36037,Genesee County,New York,2012,9,58,1057,9,253,4815,59682,6631,6631,11090,18.58
36039,Greene County,New York,2012,9,57,929,14,579,10804,48582,5398,3470,7933,16.33
36043,Herkimer County,New York,2012,8,74,1152,12,291,5542,64222,8027,5351,13101,20.4
36045,Jefferson County,New York,2012,23,147,2962,29,761,14929,120261,5228,4146,12639,10.51
36047,Kings County,New York,2012,423,1865,34522,2339,14004,283039,2568876,6072,1098,-199500,-7.77
36051,Livingston County,New York,2012,13,103,1562,14,588,9322,64793,4984,4628,15029,23.2
36053,Madison County,New York,2012,12,94,1568,14,676,10855,72413,6034,5172,16190,22.36
36055,Monroe County,New York,2012,66,648,9898,195,11779,198056,747350,11323,3832,148800,19.91
36059,Nassau County,New York,2012,98,592,9194,562,13246,337797,1349723,13772,2401,-23207,-1.72
36061,New York County,New York,2012,152,1049,19323,1367,18927,484293,1624039,10684,1188,-211093,-13.0
36063,Niagara County,New York,2012,29,278,4163,32,1835,29059,214713,7403,6709,49150,22.89
36065,Oneida County,New York,2012,32,332,4964,62,1916,32617,233766,7305,3770,40726,17.42
36067,Onondaga County,New York,2012,49,453,7237,126,7510,143487,467034,9531,3706,81145,17.37
36069,Ontario County,New York,2012,12,110,1686,16,1510,25864,108600,9050,6787,32392,29.83
36075,Oswego County,New York,2012,14,103,1649,24,957,16472,121450,8675,5060,23000,18.94
36077,Otsego County,New York,2012,7,54,811,19,733,12130,61746,8820,3249,15051,24.38
36079,Putnam County,New York,2012,4,20,360,33,851,18968,99625,24906,3018,35704,35.84
36081,Queens County,New York,2012,317,1371,25133,1506,13019,280135,2272745,7169,1509,-79439,-3.5
36085,Richmond County,New York,2012,38,278,4159,210,3911,96160,470657,12385,2241,3368,0.72
36087,Rockland County,New York,2012,22,134,2610,92,2491,62407,317216,14418,3448,13031,4.11
36091,Saratoga County,New York,2012,19,189,3071,30,2140,39406,222466,11708,7415,44159,19.85
36101,Steuben County,New York,2012,13,104,1462,20,1138,20120,98926,7609,4946,24118,24.38
36103,Suffolk County,New York,2012,95,732,11391,505,15152,393041,1497037,15758,2964,-6326,-0.42
36105,Sullivan County,New York,2012,12,65,1196,31,702,13920,76931,6410,2481,5929,7.71
36109,Tompkins County,New York,2012,8,44,928,21,1386,24854,102719,12839,4891,27190,26.47
36111,Ulster County,New York,2012,21,185,3122,53,2132,43672,181535,8644,3425,23896,13.16
36113,Warren County,New York,2012,11,90,1791,30,1298,27458,65418,5947,2180,5505,8.42
36117,Wayne County,New York,2012,16,105,1655,13,676,11882,93035,5814,7156,21153,22.74
36119,Westchester County,New York,2012,47,244,4452,475,11118,266538,959729,20419,2020,-28228,-2.94
36121,Wyoming County,New York,2012,6,54,1220,8,461,8078,41692,6948,5211,8435,20.23
37001,Alamance County,North Carolina,2012,29,220,3633,30,1104,16688,153282,5285,5109,31680,20.67
37003,Alexander County,North Carolina,2012,6,50,686,3,145,1855,36925,6154,12308,17111,46.34
37009,Ashe County,North Carolina,2012,7,43,738,4,175,3017,26927,3846,6731,5464,20.29
37011,Avery County,North Carolina,2012,6,44,787,4,214,3586,17576,2929,4394,714,4.06
37013,Beaufort County,North Carolina,2012,11,82,1210,10,439,6760,47418,4310,4741,11526,24.31
37017,Bladen County,North Carolina,2012,9,59,918,7,160,2904,34829,3869,4975,5258,15.1
37019,Brunswick County,North Carolina,2012,24,141,2603,18,900,15686,112002,4666,6222,22541,20.13
37025,Cabarrus County,North Carolina,2012,23,200,3354,31,1263,21382,184127,8005,5939,31772,17.26
37027,Caldwell County,North Carolina,2012,19,177,2574,12,466,7898,82072,4319,6839,22396,27.29
37031,Carteret County,North Carolina,2012,15,100,2189,14,687,10726,67763,4517,4840,11012,16.25
37035,Catawba County,North Carolina,2012,31,237,3997,30,1191,18152,154729,4991,5157,33128,21.41
37037,Chatham County,North Carolina,2012,10,73,1028,14,496,8147,64531,6453,4609,14134,21.9
37047,Columbus County,North Carolina,2012,19,120,2194,13,421,6373,57521,3027,4424,11456,19.92
37049,Craven County,North Carolina,2012,19,136,2075,18,641,9997,105325,5543,5851,22612,21.47
37051,Cumberland County,North Carolina,2012,46,452,7612,53,1849,30557,329965,7173,6225,52548,15.93
37053,Currituck County,North Carolina,2012,5,30,468,8,232,6394,24022,4804,3002,-540,-2.25
37061,Duplin County,North Carolina,2012,18,114,1927,11,381,6866,59443,3302,5403,12570,21.15
37063,Durham County,North Carolina,2012,30,323,5478,52,2227,41837,282668,9422,5435,40777,14.43
37065,Edgecombe County,North Carolina,2012,12,87,1406,11,301,4626,55682,4640,5062,10497,18.85
37067,Forsyth County,North Carolina,2012,52,549,8601,70,2757,45666,357628,6877,5108,67550,18.89
37069,Franklin County,North Carolina,2012,9,67,980,7,308,5187,61392,6821,8770,17432,28.39
37081,Guilford County,North Carolina,2012,63,597,8777,107,3715,63360,500471,7943,4677,82574,16.5
37083,Halifax County,North Carolina,2012,17,148,2414,21,464,6575,53733,3160,2558,9753,18.15
37091,Hertford County,North Carolina,2012,10,86,1404,6,257,3606,24600,2460,4100,4616,18.76
37093,Hoke County,North Carolina,2012,7,47,714,6,160,2603,50478,7211,8413,14229,28.19
37097,Iredell County,North Carolina,2012,28,228,3504,29,1199,20212,162664,5809,5609,34229,21.04
37101,Johnston County,North Carolina,2012,24,229,4474,31,1193,19187,174400,7266,5625,25777,14.78
37105,Lee County,North Carolina,2012,13,102,1385,13,562,7186,59259,4558,4558,17235,29.08
37107,Lenoir County,North Carolina,2012,16,124,2180,15,505,9657,59115,3694,3941,9184,15.54
37109,Lincoln County,North Carolina,2012,14,97,1460,16,559,9838,78693,5620,4918,15475,19.67
37111,McDowell County,North Carolina,2012,11,80,1192,8,335,5318,45003,4091,5625,10970,24.38
37119,Mecklenburg County,North Carolina,2012,87,832,14176,202,8911,159456,967083,11115,4787,117026,12.1
37127,Nash County,North Carolina,2012,28,219,3667,19,787,12292,95185,3399,5009,25313,26.59
37129,New Hanover County,North Carolina,2012,26,248,4421,42,2001,32205,209051,8040,4977,37735,18.05
37135,Orange County,North Carolina,2012,7,46,1006,21,1339,27078,137829,19689,6563,37910,27.51
37141,Pender County,North Carolina,2012,11,60,1017,9,473,7290,53717,4883,5968,12660,23.57
37145,Person County,North Carolina,2012,8,62,1186,6,231,3492,39182,4897,6530,7760,19.81
37147,Pitt County,North Carolina,2012,35,265,4353,24,1285,19623,172969,4941,7207,42305,24.46
37151,Randolph County,North Carolina,2012,22,175,2700,19,594,9064,142280,6467,7488,28666,20.15
37153,Richmond County,North Carolina,2012,12,107,1689,12,278,4399,46358,3863,3863,7837,16.91
37155,Robeson County,North Carolina,2012,31,260,4144,28,877,12026,135460,4369,4837,32216,23.78
37157,Rockingham County,North Carolina,2012,24,156,2742,19,495,6901,92692,3862,4878,18397,19.85
37159,Rowan County,North Carolina,2012,28,221,3555,20,757,13116,137551,4912,6877,29645,21.55
37161,Rutherford County,North Carolina,2012,19,142,2578,13,324,5500,67214,3537,5170,11650,17.33
37163,Sampson County,North Carolina,2012,16,153,3332,12,443,7195,63715,3982,5309,7131,11.19
37165,Scotland County,North Carolina,2012,12,95,1423,6,198,2909,36090,3007,6015,9617,26.65
37171,Surry County,North Carolina,2012,19,200,3151,20,556,8271,73292,3857,3664,16828,22.96
37173,Swain County,North Carolina,2012,7,35,489,4,141,2415,14054,2007,3513,-827,-5.88
37179,Union County,North Carolina,2012,22,194,2959,30,1361,22422,208077,9458,6935,39324,18.9
37183,Wake County,North Carolina,2012,74,712,11233,192,9334,161296,951894,12863,4957,129389,13.59
37189,Watauga County,North Carolina,2012,6,80,1293,12,556,8243,52059,8676,4338,15987,30.71
37191,Wayne County,North Carolina,2012,26,183,3064,22,701,12159,124574,4791,5662,23676,19.01
37193,Wilkes County,North Carolina,2012,12,115,1725,14,401,5203,68916,5743,4922,15637,22.69
37195,Wilson County,North Carolina,2012,18,152,2613,18,522,8240,81386,4521,4521,14793,18.18
37197,Yadkin County,North Carolina,2012,8,40,761,8,205,3351,38145,4768,4768,4842,12.69
38015,Burleigh County,North Dakota,2012,6,104,1999,7,677,11388,85745,14290,12249,34184,39.87
38017,Cass County,North Dakota,2012,9,320,6201,21,1392,24884,157405,17489,7495,38096,24.2
38079,Rolette County,North Dakota,2012,4,54,563,6,154,2423,14402,3600,2400,1165,8.09
38101,Ward County,North Dakota,2012,3,65,1162,10,547,9485,64850,21616,6485,39404,60.76
39003,Allen County,Ohio,2012,20,162,2553,16,583,10972,105239,5261,6577,21540,20.47
39005,Ashland County,Ohio,2012,8,46,797,12,384,5772,53237,6654,4436,10296,19.34
39007,Ashtabula County,Ohio,2012,23,145,2469,16,513,9538,100236,4358,6264,19277,19.23
39009,Athens County,Ohio,2012,12,90,1640,12,457,9587,64603,5383,5383,9678,14.98
39013,Belmont County,Ohio,2012,15,112,1873,18,691,12903,69703,4646,3872,11993,17.21
39017,Butler County,Ohio,2012,37,323,5368,51,2590,61900,370534,10014,7265,40294,10.87
39019,Carroll County,Ohio,2012,7,92,1407,4,101,1447,28540,4077,7135,7966,27.91
39021,Champaign County,Ohio,2012,6,47,669,9,209,3846,39568,6594,4396,7878,19.91
39023,Clark County,Ohio,2012,20,138,2342,21,776,17166,137166,6858,6531,20314,14.81
39027,Clinton County,Ohio,2012,10,61,1273,9,361,8120,41804,4180,4644,3150,7.54
39029,Columbiana County,Ohio,2012,20,157,2406,18,567,9112,106613,5330,5922,22417,21.03
39033,Crawford County,Ohio,2012,7,43,887,9,213,3934,42774,6110,4752,5451,12.74
39035,Cuyahoga County,Ohio,2012,158,1309,21040,299,9289,204373,1266080,8013,4234,122562,9.68
39037,Darke County,Ohio,2012,9,71,932,12,375,6999,52511,5834,4375,10822,20.61
39055,Geauga County,Ohio,2012,7,76,1671,13,970,19764,93776,13396,7213,24418,26.04
39057,Greene County,Ohio,2012,16,149,1989,15,1128,25285,164337,10271,10955,36389,22.14
39059,Guernsey County,Ohio,2012,9,65,1107,12,216,3495,39871,4430,3322,3607,9.05
39061,Hamilton County,Ohio,2012,83,715,12841,171,7124,161586,802367,9667,4692,61464,7.66
39063,Hancock County,Ohio,2012,5,59,822,11,408,7855,75454,15090,6859,27981,37.08
39071,Highland County,Ohio,2012,10,81,1242,8,232,5046,42956,4295,5369,7541,17.56
39077,Huron County,Ohio,2012,11,79,1397,9,230,3233,59199,5381,6577,11476,19.39
39081,Jefferson County,Ohio,2012,15,128,2156,19,550,9361,68530,4568,3606,11133,16.25
39085,Lake County,Ohio,2012,25,210,3548,38,2100,42386,229562,9182,6041,35439,15.44
39087,Lawrence County,Ohio,2012,9,53,1061,11,341,5510,62139,6904,5649,10942,17.61
39091,Logan County,Ohio,2012,9,84,1288,13,261,5013,45409,5045,3493,5945,13.09
39093,Lorain County,Ohio,2012,43,390,5828,50,1977,40449,301692,7016,6033,49869,16.53
39099,Mahoning County,Ohio,2012,40,286,5001,51,2130,36089,235681,5892,4621,42356,17.97
39107,Mercer County,Ohio,2012,5,46,666,7,241,3806,40700,8140,5814,12899,31.69
39109,Miami County,Ohio,2012,15,112,1664,9,500,11029,102918,6861,11435,24978,24.27
39113,Montgomery County,Ohio,2012,76,623,10297,83,3842,86526,534284,7030,6437,69996,13.1
39119,Muskingum County,Ohio,2012,15,104,1917,20,563,10970,85786,5719,4289,10785,12.57
39121,Noble County,Ohio,2012,3,20,376,4,73,1145,14674,4891,3668,-76,-0.52
39123,Ottawa County,Ohio,2012,6,30,488,11,353,7851,41243,6873,3749,5964,14.46
39133,Portage County,Ohio,2012,21,159,2425,16,820,18456,161375,7684,10085,30253,18.75
39137,Putnam County,Ohio,2012,6,39,530,5,127,1267,34205,5700,6841,9895,28.93
39139,Richland County,Ohio,2012,21,179,3148,24,826,17357,122622,5839,5109,17513,14.28
39141,Ross County,Ohio,2012,12,108,1768,11,431,8995,77339,6444,7030,15421,19.94
39143,Sandusky County,Ohio,2012,12,85,1264,12,427,8047,60463,5038,5038,11932,19.73
39145,Scioto County,Ohio,2012,18,137,2289,12,484,10262,78622,4367,6551,15504,19.72
39151,Stark County,Ohio,2012,53,463,7458,63,2766,59275,374876,7073,5950,54164,14.45
39153,Summit County,Ohio,2012,60,551,8877,83,4809,107720,540705,9011,6514,67258,12.44
39155,Trumbull County,Ohio,2012,41,331,5813,44,1477,27771,207188,5053,4708,34218,16.52
39157,Tuscarawas County,Ohio,2012,18,156,2454,17,763,13224,92418,5134,5436,20814,22.52
39159,Union County,Ohio,2012,6,50,806,5,179,4124,52749,8791,10549,17663,33.48
39161,Van Wert County,Ohio,2012,4,77,1101,5,128,2184,28635,7158,5727,10364,36.19
39165,Warren County,Ohio,2012,14,92,1630,29,1955,40630,217228,15516,7490,38926,17.92
39167,Washington County,Ohio,2012,13,91,1732,12,522,10037,61433,4725,5119,9527,15.51
39173,Wood County,Ohio,2012,19,309,4730,20,690,13869,128416,6758,6420,27180,21.17
40011,Blaine County,Oklahoma,2012,4,31,405,5,25,329,9800,2450,1960,-5071,-51.74
40013,Bryan County,Oklahoma,2012,11,82,1210,5,137,1851,43451,3950,8690,12840,29.55
40027,Cleveland County,Oklahoma,2012,25,217,3565,46,1617,33329,266263,10650,5788,33012,12.4
40031,Comanche County,Oklahoma,2012,20,179,3033,9,246,4216,126591,6329,14065,29168,23.04
40051,Grady County,Oklahoma,2012,7,65,1079,7,132,2336,53036,7576,7576,13052,24.61
40079,Le Flore County,Oklahoma,2012,18,140,2234,7,212,3267,50083,2782,7154,14908,29.77
40089,McCurtain County,Oklahoma,2012,6,36,632,8,224,4673,33317,5552,4164,3924,11.78
40101,Muskogee County,Oklahoma,2012,18,146,2275,12,311,5853,70542,3919,5878,15284,21.67
40109,Oklahoma County,Oklahoma,2012,103,768,13240,180,4830,114872,743828,7221,4132,59288,7.97
40123,Pontotoc County,Oklahoma,2012,8,54,881,6,79,1351,38080,4760,6346,6764,17.76
40133,Seminole County,Oklahoma,2012,6,40,628,5,109,1884,25392,4232,5078,3376,13.3
40137,Stephens County,Oklahoma,2012,10,71,1192,6,173,2920,44904,4490,7484,9911,22.07
40143,Tulsa County,Oklahoma,2012,77,676,11548,82,4093,81368,615594,7994,7507,83468,13.56
41001,Baker County,Oregon,2012,3,34,611,5,197,3965,15990,5330,3198,789,4.93
41005,Clackamas County,Oregon,2012,19,254,3686,61,3119,81865,383021,20159,6279,40843,10.66
41009,Columbia County,Oregon,2012,4,18,318,7,216,4910,49215,12303,7030,18387,37.36
41017,Deschutes County,Oregon,2012,11,223,4189,33,1423,35473,161345,14667,4889,20579,12.75
41019,Douglas County,Oregon,2012,5,64,1075,27,826,18343,106918,21383,3959,32757,30.64
41029,Jackson County,Oregon,2012,13,215,3550,38,1734,45082,205860,15835,5417,26906,13.07
41035,Klamath County,Oregon,2012,4,90,1624,20,434,10586,65900,16475,3295,19874,30.16
41039,Lane County,Oregon,2012,17,320,5234,60,2959,69973,355081,20887,5918,45160,12.72
41043,Linn County,Oregon,2012,6,119,1663,18,680,14147,118273,19712,6570,39244,33.18
41047,Marion County,Oregon,2012,10,289,4540,42,1913,47625,319915,31991,7617,63583,19.87
41051,Multnomah County,Oregon,2012,29,438,5733,152,5905,157858,760235,26215,5001,46507,6.12
41059,Umatilla County,Oregon,2012,6,104,1663,11,395,8833,77006,12834,7000,22924,29.77
41065,Hart County,Georgia,2012,3,18,786,8,215,4562,25375,8458,3171,1894,7.46
41065,Wasco County,Oregon,2012,3,18,786,8,215,4562,25375,8458,3171,1894,7.46
41067,Washington County,Oregon,2012,19,257,3658,88,4288,120564,548598,28873,6234,44655,8.14
42001,Adams County,Pennsylvania,2012,9,53,823,14,669,12160,101242,11249,7231,24764,24.46
42003,Allegheny County,Pennsylvania,2012,141,1194,19332,227,13773,277800,1230881,8729,5422,174993,14.22
42005,Armstrong County,Pennsylvania,2012,10,119,1580,16,487,7173,68058,6805,4253,17303,25.42
42007,Beaver County,Pennsylvania,2012,25,197,3350,31,1374,21654,170065,6802,5485,32752,19.26
42009,Bedford County,Pennsylvania,2012,10,73,1062,12,382,6761,49576,4957,4131,9198,18.55
42011,Berks County,Pennsylvania,2012,37,289,4654,79,3520,61232,413515,11176,5234,59733,14.45
42013,Blair County,Pennsylvania,2012,25,250,3726,18,1027,19969,126540,5061,7030,31950,25.25
42015,Bradford County,Pennsylvania,2012,12,81,1114,15,694,11479,63002,5250,4200,15187,24.11
42017,Bucks County,Pennsylvania,2012,44,438,6422,106,7652,154962,625361,14212,5899,91304,14.6
42019,Butler County,Pennsylvania,2012,22,294,3845,33,1761,30181,184899,8404,5603,46653,25.23
42021,Cambria County,Pennsylvania,2012,38,274,4703,28,1110,19222,141513,3724,5054,33026,23.34
42025,Carbon County,Pennsylvania,2012,14,100,1933,10,433,8049,64804,4628,6480,11274,17.4
42029,Chester County,Pennsylvania,2012,31,291,4776,73,5885,124993,506106,16326,6932,67931,13.42
42033,Clearfield County,Pennsylvania,2012,18,130,2294,17,555,10217,81406,4522,4788,13483,16.56
42037,Columbia County,Pennsylvania,2012,13,103,1561,11,748,11611,67043,5157,6094,19679,29.35
42041,Cumberland County,Pennsylvania,2012,21,209,2747,36,3460,61120,239252,11392,6645,62877,26.28
42043,Dauphin County,Pennsylvania,2012,33,245,3575,53,2801,51709,269997,8181,5094,49932,18.49
42045,Delaware County,Pennsylvania,2012,48,455,7054,128,4935,114256,560756,11682,4380,46485,8.29
42047,Elk County,Pennsylvania,2012,6,29,476,7,245,3536,31616,5269,4516,5929,18.75
42049,Erie County,Pennsylvania,2012,37,311,5055,38,2298,41132,281523,7608,7408,52804,18.76
42051,Fayette County,Pennsylvania,2012,26,209,3681,32,1046,18068,135270,5202,4227,22546,16.67
42059,Greene County,Pennsylvania,2012,9,65,1077,9,480,9949,38029,4225,4225,5842,15.36
42061,Huntingdon County,Pennsylvania,2012,10,74,1163,4,276,5431,45941,4594,11485,15678,34.13
42063,Indiana County,Pennsylvania,2012,11,102,1599,9,550,9438,88220,8020,9802,24391,27.65
42065,Jefferson County,Pennsylvania,2012,10,57,817,9,351,6025,44801,4480,4977,9352,20.87
42069,Lackawanna County,Pennsylvania,2012,32,267,3985,45,2946,51734,214195,6693,4759,51792,24.18
42071,Lancaster County,Pennsylvania,2012,51,608,10266,110,7049,114508,526869,10330,4789,104502,19.83
42073,Lawrence County,Pennsylvania,2012,18,200,2891,9,592,11174,89867,4992,9985,27967,31.12
42075,Lebanon County,Pennsylvania,2012,12,120,1905,29,1457,25418,135516,11293,4672,29999,22.14
42077,Lehigh County,Pennsylvania,2012,28,322,4603,75,4212,76054,354771,12670,4730,65964,18.59
42079,Luzerne County,Pennsylvania,2012,48,386,6438,59,3367,55850,321122,6690,5442,66146,20.6
42085,Mercer County,Pennsylvania,2012,23,216,3165,15,705,13580,115638,5027,7709,28919,25.01
42089,Monroe County,Pennsylvania,2012,19,164,2525,20,1314,28388,168629,8875,8431,31674,18.78
42091,Montgomery County,Pennsylvania,2012,59,511,7365,154,10004,224403,808700,13706,5251,86302,10.67
42099,Perry County,Pennsylvania,2012,6,37,541,9,403,7093,45811,7635,5090,12147,26.52
42101,Philadelphia County,Pennsylvania,2012,190,1317,20975,606,11027,250549,1551797,8167,2560,67373,4.34
42107,Schuylkill County,Pennsylvania,2012,21,150,3032,33,1224,20391,147120,7005,4458,20771,14.12
42109,Snyder County,Pennsylvania,2012,9,109,1475,13,418,7534,39878,4430,3067,8449,21.19
42111,Somerset County,Pennsylvania,2012,20,109,1646,20,400,6467,77012,3850,3850,13909,18.06
42115,Susquehanna County,Pennsylvania,2012,7,50,836,10,246,4384,42924,6132,4292,6824,15.9
42117,Tioga County,Pennsylvania,2012,9,97,1412,7,319,5534,42444,4716,6063,11527,27.16
42121,Venango County,Pennsylvania,2012,9,82,1364,13,377,6073,54192,6021,4168,9630,17.77
42123,Warren County,Pennsylvania,2012,6,58,856,8,383,5806,41258,6876,5157,12339,29.91
42125,Washington County,Pennsylvania,2012,21,163,2700,33,1504,25959,208273,9917,6311,35573,17.08
42127,Wayne County,Pennsylvania,2012,10,63,885,14,559,10028,52231,5223,3730,10252,19.63
42129,Westmoreland County,Pennsylvania,2012,54,410,6716,53,2627,51454,362885,6720,6846,59802,16.48
44001,Bristol County,Rhode Island,2012,5,63,1217,7,433,9077,49267,9853,7038,15308,31.07
44003,Kent County,Rhode Island,2012,19,238,4706,23,1582,36262,164629,8664,7157,21123,12.83
44007,Providence County,Rhode Island,2012,55,632,11747,136,5535,110258,631212,11476,4641,56881,9.01
44009,Washington County,Rhode Island,2012,14,167,3781,30,1669,35314,126291,9020,4209,12997,10.29
45003,Aiken County,South Carolina,2012,31,266,4581,30,1330,24707,162910,5255,5430,30656,18.82
45007,Anderson County,South Carolina,2012,37,291,4683,33,1706,28275,188822,5103,5721,44358,23.49
45013,Beaufort County,South Carolina,2012,22,213,3361,33,1893,38368,167409,7609,5073,30901,18.46
45015,Berkeley County,South Carolina,2012,25,206,3232,25,1242,21632,189535,7581,7581,37007,19.53
45019,Charleston County,South Carolina,2012,55,448,7514,94,4167,81099,364628,6629,3879,57557,15.79
45025,Chesterfield County,South Carolina,2012,14,91,1508,11,346,4632,46079,3291,4189,9451,20.51
45027,Clarendon County,South Carolina,2012,12,59,1077,6,255,3561,34325,2860,5720,7089,20.65
45029,Colleton County,South Carolina,2012,8,68,1041,10,324,5247,38116,4764,3811,6762,17.74
45031,Darlington County,South Carolina,2012,19,129,2615,15,509,8290,68055,3581,4537,10300,15.13
45033,Dillon County,South Carolina,2012,9,71,1035,9,212,3208,31529,3503,3503,4549,14.43
45035,Dorchester County,South Carolina,2012,19,159,2658,17,1114,20115,142632,7506,8390,30544,21.41
45041,Florence County,South Carolina,2012,33,264,4530,37,1122,18829,137996,4181,3729,26910,19.5
45043,Georgetown County,South Carolina,2012,15,103,1400,15,646,11696,60258,4017,4017,14442,23.97
45045,Greenville County,South Carolina,2012,82,628,10252,88,4522,84579,465966,5682,5295,91087,19.55
45051,Horry County,South Carolina,2012,76,548,9893,55,2591,48890,281217,3700,5113,64580,22.96
45053,Jasper County,South Carolina,2012,5,37,587,5,204,4189,25716,5143,5143,4610,17.93
45063,Lexington County,South Carolina,2012,53,386,6135,40,2221,38798,269784,5090,6744,62074,23.01
45067,Marion County,South Carolina,2012,9,61,1009,14,211,3249,32410,3601,2315,743,2.29
45069,Marlboro County,South Carolina,2012,9,62,959,7,240,3427,28231,3136,4033,4613,16.34
45075,Orangeburg County,South Carolina,2012,35,275,4673,19,759,10648,91455,2613,4813,30128,32.94
45079,Richland County,South Carolina,2012,55,512,7421,51,3063,51730,393001,7145,7705,84811,21.58
45085,Sumter County,South Carolina,2012,27,211,3294,21,978,11403,107774,3991,5132,33384,30.98
45087,Union County,South Carolina,2012,10,69,1000,5,162,2395,28202,2820,5640,6619,23.47
45091,York County,South Carolina,2012,36,245,4298,41,1772,30136,234057,6501,5708,40022,17.1
46013,Brown County,South Dakota,2012,5,144,2820,6,442,9659,37565,7513,6260,8715,23.2
46019,Butte County,South Dakota,2012,3,34,904,3,79,1481,10215,3405,3405,-5661,-55.42
46023,Charles Mix County,South Dakota,2012,4,36,499,4,126,1520,9194,2298,2298,-3256,-35.41
46099,Minnehaha County,South Dakota,2012,19,327,6048,23,2515,42744,174761,9197,7598,43946,25.15
46103,Pennington County,South Dakota,2012,9,267,7289,21,667,13371,104222,11580,4962,-2854,-2.74
46109,Roberts County,South Dakota,2012,3,30,311,4,79,1085,10323,3441,2580,-1607,-15.57
47003,Itasca County,Minnesota,2012,9,78,1307,7,194,3885,45271,5030,6467,8643,19.09
47003,Bedford County,Tennessee,2012,9,78,1307,7,194,3885,45271,5030,6467,8643,19.09
47011,Bradley County,Tennessee,2012,14,117,1714,17,444,8166,101072,7219,5945,19015,18.81
47013,Campbell County,Tennessee,2012,9,71,1172,11,259,4003,40478,4497,3679,5422,13.39
47031,Coffee County,Tennessee,2012,15,96,1557,11,301,5054,53149,3543,4831,10131,19.06
47035,Cumberland County,Tennessee,2012,14,118,1871,9,418,8443,56900,4064,6322,12983,22.82
47037,Davidson County,Tennessee,2012,81,810,12996,133,5185,121056,649402,8017,4882,69345,10.68
47041,DeKalb County,Tennessee,2012,3,21,345,5,67,1089,18865,6288,3773,2895,15.35
47047,Fayette County,Tennessee,2012,7,70,821,4,179,3496,38673,5524,9668,15094,39.03
47051,Franklin County,Tennessee,2012,9,71,875,9,200,3482,40673,4519,4519,8439,20.75
47065,Hamilton County,Tennessee,2012,55,450,7534,62,2619,47788,345739,6286,5576,58745,16.99
47077,Henderson County,Tennessee,2012,9,60,944,4,156,2108,28014,3112,7003,7189,25.66
47093,Knox County,Tennessee,2012,48,449,7438,77,4169,84468,440757,9182,5724,61055,13.85
47097,Lauderdale County,Tennessee,2012,6,49,626,7,101,1456,27668,4611,3952,4191,15.15
47103,Lincoln County,Tennessee,2012,6,58,854,7,108,1319,33373,5562,4767,6667,19.98
47115,Marion County,Tennessee,2012,8,68,959,5,121,2198,28215,3526,5643,5754,20.39
47119,Maury County,Tennessee,2012,22,136,2182,16,699,14796,81991,3726,5124,16948,20.67
47123,Monroe County,Tennessee,2012,11,73,1114,9,306,6562,45094,4099,5010,7625,16.91
47125,Montgomery County,Tennessee,2012,27,288,4387,20,737,15180,184688,6840,9234,36034,19.51
47139,Polk County,Tennessee,2012,8,57,818,3,78,1408,16611,2076,5537,2363,14.23
47141,Putnam County,Tennessee,2012,16,154,2287,18,418,7715,73492,4593,4082,13905,18.92
47143,Rhea County,Tennessee,2012,7,56,777,8,221,3710,32332,4618,4041,5597,17.31
47151,Scott County,Tennessee,2012,5,33,508,3,56,820,22136,4427,7378,5369,24.25
47155,Sevier County,Tennessee,2012,25,168,3265,24,1152,22462,92219,3688,3842,15921,17.26
47157,Shelby County,Tennessee,2012,155,1371,22565,182,6580,143934,939533,6061,5162,132148,14.07
47163,Sullivan County,Tennessee,2012,23,192,3174,23,1370,21659,156388,6799,6799,35260,22.55
47167,Tipton County,Tennessee,2012,12,100,1422,10,375,7254,61518,5126,6151,14195,23.07
47169,Trousdale County,Tennessee,2012,3,21,272,3,58,1103,7787,2595,2595,-4737,-60.83
47177,Warren County,Tennessee,2012,14,130,2027,8,225,4123,39745,2838,4968,9128,22.97
47179,Washington County,Tennessee,2012,16,124,2077,22,1317,21737,124775,7798,5671,28031,22.47
47187,Williamson County,Tennessee,2012,12,121,1879,35,2012,46864,193118,16093,5517,32786,16.98
48001,Anderson County,Texas,2012,12,66,1167,5,222,4038,58065,4838,11613,16181,27.87
48005,Angelina County,Texas,2012,22,138,2508,10,601,11249,87520,3978,8752,20973,23.96
48015,Austin County,Texas,2012,6,30,536,5,155,2409,28561,4760,5712,4961,17.37
48027,Bell County,Texas,2012,48,307,5535,30,1751,32101,324973,6770,10832,54619,16.81
48037,Bowie County,Texas,2012,25,159,2607,14,461,9506,93129,3725,6652,20201,21.69
48039,Brazoria County,Texas,2012,34,279,4509,28,2126,38838,324284,9537,11581,58418,18.01
48041,Brazos County,Texas,2012,17,130,2157,20,1828,30203,200261,11780,10013,47257,23.6
48061,Cameron County,Texas,2012,60,426,6819,41,2515,47971,416098,6934,10148,73618,17.69
48085,Collin County,Texas,2012,43,404,6712,93,6512,151842,836154,19445,8990,71652,8.57
48113,Dallas County,Texas,2012,261,2121,38422,391,18357,407873,2455921,9409,6281,202868,8.26
48121,Denton County,Texas,2012,45,416,6558,58,3488,76199,707971,15732,12206,75687,10.69
48135,Ector County,Texas,2012,21,157,3286,16,1007,20889,144524,6882,9032,22133,15.31
48141,El Paso County,Texas,2012,127,1129,18531,115,4043,83422,832915,6558,7242,119397,14.33
48157,Fort Bend County,Texas,2012,42,342,7240,82,4937,92500,624926,14879,7621,65125,10.42
48167,Galveston County,Texas,2012,37,283,4631,46,2286,43086,301053,8136,6544,47786,15.87
48183,Gregg County,Texas,2012,34,239,4275,14,821,17888,123098,3620,8792,28740,23.35
48199,Hardin County,Texas,2012,11,55,1029,5,275,5253,55117,5010,11023,14791,26.84
48201,Harris County,Texas,2012,373,3143,55411,766,34898,691675,4264193,11432,5566,373127,8.75
48203,Harrison County,Texas,2012,16,99,1642,10,333,7114,66271,4141,6627,12710,19.18
48213,Henderson County,Texas,2012,24,153,2486,11,364,8054,78951,3289,7177,18797,23.81
48215,Hidalgo County,Texas,2012,123,817,13672,66,5168,90666,808835,6575,12255,149712,18.51
48221,Hood County,Texas,2012,8,65,893,6,531,10517,52129,6516,8688,17363,33.31
48245,Jefferson County,Texas,2012,40,301,5135,42,1968,35053,251604,6290,5990,44846,17.82
48249,Jim Wells County,Texas,2012,8,63,895,10,304,5483,41644,5205,4164,7710,18.51
48251,Johnson County,Texas,2012,23,175,2866,13,877,16851,153405,6669,11800,34125,22.25
48257,Kaufman County,Texas,2012,14,108,1675,11,458,10421,106578,7612,9688,22129,20.76
48277,Lamar County,Texas,2012,12,111,1951,6,229,4991,49657,4138,8276,10783,21.71
48279,Lamb County,Texas,2012,5,41,633,6,136,2315,13861,2772,2310,-2947,-21.26
48323,Maverick County,Texas,2012,17,105,1541,9,436,8266,55808,3282,6200,15146,27.14
48325,Medina County,Texas,2012,8,48,739,5,186,3434,46804,5850,9360,13318,28.45
48329,Midland County,Texas,2012,15,109,2223,13,922,18504,147356,9823,11335,28131,19.09
48337,Montague County,Texas,2012,4,27,342,4,72,1342,19476,4869,4869,3105,15.94
48339,Montgomery County,Texas,2012,39,317,5677,51,3948,77467,484622,12426,9502,66257,13.67
48341,Moore County,Texas,2012,5,33,707,5,131,2384,22438,4487,4487,736,3.28
48349,Navarro County,Texas,2012,13,108,1765,6,323,5616,48177,3705,8029,13549,28.12
48361,Orange County,Texas,2012,18,110,1903,12,575,9922,82881,4604,6906,18149,21.9
48363,Palo Pinto County,Texas,2012,5,26,414,7,80,1541,27859,5571,3979,2812,10.09
48365,Panola County,Texas,2012,6,26,391,4,159,2617,23998,3999,5999,4537,18.91
48365,Wyoming County,West Virginia,2012,6,26,391,4,159,2617,23998,3999,5999,4537,18.91
48367,Parker County,Texas,2012,10,74,1137,9,415,9533,119483,11948,13275,30731,25.72
48375,Potter County,Texas,2012,23,153,2870,16,1152,21610,122759,5337,7672,25535,20.8
48397,Rockwall County,Texas,2012,3,26,462,6,550,12758,82705,27568,13784,56344,68.13
48399,Runnels County,Texas,2012,4,22,388,3,79,1366,10338,2584,3446,-3696,-35.75
48401,Rusk County,Texas,2012,11,52,1072,7,365,7369,53802,4891,7686,10116,18.8
48419,Shelby County,Texas,2012,7,40,841,6,170,3319,26075,3725,4345,445,1.71
48425,Somervell County,Texas,2012,3,18,289,3,85,1623,8556,2852,2852,-4405,-51.48
48427,Starr County,Texas,2012,17,126,1755,8,418,7861,62019,3648,7752,19154,30.88
48439,Tarrant County,Texas,2012,175,1448,23250,239,12074,269677,1882350,10756,7875,173964,9.24
48449,Titus County,Texas,2012,6,50,850,9,172,3581,32627,5437,3625,2925,8.96
48451,Tom Green County,Texas,2012,16,115,1988,10,544,12061,113300,7081,11330,23569,20.8
48453,Travis County,Texas,2012,64,562,9901,146,11004,241267,1097072,17141,7514,97225,8.86
48479,Webb County,Texas,2012,31,223,3661,32,2092,39313,260722,8410,8147,46304,17.76
48481,Wharton County,Texas,2012,6,38,530,9,481,9536,41149,6858,4572,10002,24.31
48485,Wichita County,Texas,2012,20,170,2874,19,1032,19595,131691,6584,6931,25673,19.49
48497,Wise County,Texas,2012,10,68,1100,7,171,3223,60414,6041,8630,13869,22.96
49003,Box Elder County,Utah,2012,6,114,1958,6,368,7319,50201,8366,8366,16464,32.8
49013,Duchesne County,Utah,2012,5,36,729,5,260,4951,19004,3800,3800,-112,-0.59
49035,Salt Lake County,Utah,2012,64,1006,19570,140,7808,178995,1064021,16625,7600,60094,5.65
49049,Utah County,Utah,2012,29,403,7059,46,2556,54620,539704,18610,11732,61330,11.36
49053,Washington County,Utah,2012,10,131,2036,18,839,19703,144146,14414,8008,30594,21.22
50011,Franklin County,Vermont,2012,7,50,875,17,681,11938,48307,6901,2841,8889,18.4
50015,Lamoille County,Vermont,2012,5,44,714,8,431,7380,24945,4989,3118,4429,17.76
50017,Orange County,Vermont,2012,9,59,723,9,253,3746,28917,3213,3213,5076,17.55
50019,Orleans County,Vermont,2012,9,71,1188,13,402,6912,27161,3017,2089,1148,4.23
50021,Rutland County,Vermont,2012,14,115,1747,19,824,15066,60791,4342,3199,12716,20.92
50023,Washington County,Vermont,2012,6,64,1206,29,1344,23102,59405,9900,2048,16183,27.24
50025,Windham County,Vermont,2012,8,52,849,21,740,14470,43998,5499,2095,4687,10.65
50027,Windsor County,Vermont,2012,9,138,3270,25,567,10580,56134,6237,2245,-2344,-4.18
51001,Accomack County,Virginia,2012,10,58,1263,10,231,3665,33264,3326,3326,398,1.2
51013,Arlington County,Virginia,2012,9,50,1072,43,1781,44583,221463,24607,5150,36550,16.5
51015,Augusta County,Virginia,2012,13,81,1347,10,258,4069,73579,5659,7357,14820,20.14
51027,Buchanan County,Virginia,2012,6,60,991,7,186,2851,23816,3969,3402,1787,7.5
51041,Chesterfield County,Virginia,2012,27,257,4084,44,2915,55097,323878,11995,7360,54587,16.85
51047,Culpeper County,Virginia,2012,6,40,878,10,339,6739,47845,7974,4784,8341,17.43
51053,Dinwiddie County,Virginia,2012,4,27,467,5,168,2709,28224,7056,5644,8088,28.66
51059,Fairfax County,Virginia,2012,40,334,4930,202,8639,240854,1120475,28011,5546,26890,2.4
51061,Fauquier County,Virginia,2012,6,30,539,14,554,12924,66565,11094,4754,14508,21.8
51065,Fluvanna County,Virginia,2012,5,27,346,4,135,2042,25885,5177,6471,7075,27.33
51083,Halifax County,Virginia,2012,7,54,828,11,213,3398,35719,5102,3247,4280,11.98
51085,Hanover County,Virginia,2012,8,72,1224,13,978,18447,100337,12542,7718,28898,28.8
51087,Henrico County,Virginia,2012,34,345,5475,64,3590,72560,315636,9283,4931,49686,15.74
51089,Henry County,Virginia,2012,11,100,1761,10,234,3031,53104,4827,5310,9334,17.58
51103,Lancaster County,Virginia,2012,4,27,384,4,111,2398,11124,2781,2781,-3540,-31.82
51107,Loudoun County,Virginia,2012,20,152,2332,52,3497,85898,337881,16894,6497,39241,11.61
51121,Montgomery County,Virginia,2012,7,80,1268,13,779,12868,95649,13664,7357,31124,32.54
51135,Nottoway County,Virginia,2012,5,39,587,5,64,1093,15752,3150,3150,-1723,-10.94
51153,Prince William County,Virginia,2012,21,209,3229,72,3411,82211,429665,20460,5967,44007,10.24
51155,Pulaski County,Virginia,2012,8,73,1202,7,338,5305,34733,4341,4961,7560,21.77
51165,Rockingham County,Virginia,2012,10,67,1004,11,330,5346,77136,7713,7012,17400,22.56
51169,Scott County,Virginia,2012,7,43,755,7,288,4538,22955,3279,3279,1457,6.35
51171,Shenandoah County,Virginia,2012,10,82,1040,11,234,3609,42530,4253,3866,8630,20.29
51191,Washington County,Virginia,2012,12,97,1800,13,545,8951,55093,4591,4237,9409,17.08
51199,York County,Virginia,2012,9,90,1428,7,576,10089,65871,7319,9410,21165,32.13
51590,Danville city,Virginia,2012,15,139,2155,14,497,7721,42709,2847,3050,10498,24.58
51640,Galax city,Virginia,2012,4,64,879,4,170,2433,6855,1713,1713,-3536,-51.58
51640,Lexington city,Virginia,2012,4,64,879,4,170,2433,6855,1713,1713,-3536,-51.58
51670,Hopewell city,Virginia,2012,6,50,797,9,143,2397,22308,3718,2478,-782,-3.51
51680,Lynchburg city,Virginia,2012,13,130,2243,17,833,13814,77276,5944,4545,16517,21.37
51683,Manassas city,Virginia,2012,4,29,386,21,492,11403,40307,10076,1919,7260,18.01
51690,Martinsville city,Virginia,2012,5,53,766,7,262,4756,13490,2698,1927,-2000,-14.83
51700,Newport News city,Virginia,2012,23,242,3895,42,1252,22193,180094,7830,4287,27797,15.43
51710,Norfolk city,Virginia,2012,33,294,4590,50,1794,29505,246141,7458,4922,43077,17.5
51740,Portsmouth city,Virginia,2012,19,169,2969,14,596,11058,96467,5077,6890,18906,19.6
51760,Richmond city,Virginia,2012,32,255,4400,65,1894,35892,210741,6585,3242,26462,12.56
51770,Roanoke city,Virginia,2012,18,134,2616,26,953,17047,98092,5449,3772,13605,13.87
51800,Suffolk city,Virginia,2012,8,77,1134,13,702,11477,85258,10657,6558,25121,29.46
51810,Virginia Beach city,Virginia,2012,41,427,6203,78,4145,73754,445038,10854,5705,76156,17.11
51820,Dakota County,Nebraska,2012,7,55,1082,7,390,8105,21069,3009,3009,-1129,-5.36
51820,Waynesboro city,Virginia,2012,7,55,1082,7,390,8105,21069,3009,3009,-1129,-5.36
51840,Winchester city,Virginia,2012,8,46,776,11,312,5956,27012,3376,2455,86,0.32
53005,Benton County,Washington,2012,9,203,3887,23,1095,27178,182391,20265,7930,34759,19.06
53007,Chelan County,Washington,2012,6,135,2892,22,628,14842,73497,12249,3340,9504,12.93
53011,Clark County,Washington,2012,12,176,2548,63,2692,72901,436372,36364,6926,62666,14.36
53015,Cowlitz County,Washington,2012,7,112,2001,15,602,15371,101657,14522,6777,23129,22.75
53025,Grant County,Washington,2012,5,58,909,26,614,13411,91332,18266,3512,26054,28.53
53027,Grays Harbor County,Washington,2012,7,70,1890,31,669,16183,71770,10252,2315,937,1.31
53033,King County,Washington,2012,64,761,13814,513,17274,515712,2011323,31426,3920,-82958,-4.12
53035,Kitsap County,Washington,2012,7,105,1447,49,1838,49473,254323,36331,5190,59217,23.28
53047,Okanogan County,Washington,2012,5,48,1317,19,419,9735,41181,8236,2167,-400,-0.97
53053,Pierce County,Washington,2012,30,387,5901,165,4794,132102,811009,27033,4915,31218,3.85
53061,Snohomish County,Washington,2012,21,268,4214,162,5386,155916,732152,34864,4519,27917,3.81
53063,Spokane County,Washington,2012,26,612,11488,80,3667,93122,475453,18286,5943,29607,6.23
53065,Stevens County,Washington,2012,4,25,346,9,263,5846,43472,10868,4830,14021,32.25
53067,Thurston County,Washington,2012,7,202,3347,49,1811,48608,258489,36927,5275,59535,23.03
53073,Whatcom County,Washington,2012,9,102,1584,42,1859,44161,204880,22764,4878,39358,19.21
54005,Boone County,West Virginia,2012,7,78,1098,7,194,3679,24353,3479,3479,3066,12.59
54011,Cabell County,West Virginia,2012,20,162,2822,16,621,13157,96943,4847,6058,16613,17.14
54019,Fayette County,West Virginia,2012,12,75,1312,12,276,5042,45861,3821,3821,5127,11.18
54025,Greenbrier County,West Virginia,2012,13,131,2216,6,271,5351,35876,2759,5979,8204,22.87
54027,Hampshire County,West Virginia,2012,7,46,645,4,85,1418,23680,3382,5920,4226,17.85
54033,Harrison County,West Virginia,2012,17,125,2387,15,434,8377,69105,4065,4607,9044,13.09
54035,Jackson County,West Virginia,2012,7,58,879,3,166,3068,29280,4182,9760,10343,35.32
54039,Kanawha County,West Virginia,2012,43,325,5783,41,1634,31474,192234,4470,4688,35220,18.32
54045,Logan County,West Virginia,2012,8,53,965,12,275,4962,36313,4539,3026,2166,5.96
54049,Marion County,West Virginia,2012,12,84,1498,8,286,4857,56745,4728,7093,11543,20.34
54051,Marshall County,West Virginia,2012,7,51,878,6,226,4639,32801,4685,5466,5160,15.73
54055,Mercer County,West Virginia,2012,15,111,1961,12,402,7354,62417,4161,5201,10737,17.2
54057,Mineral County,West Virginia,2012,6,39,584,7,232,3759,27857,4642,3979,4242,15.23
54059,Mingo County,West Virginia,2012,6,29,673,4,56,874,26189,4364,6547,2734,10.44
54061,Monongalia County,West Virginia,2012,11,91,1554,16,760,16170,100917,9174,6307,18870,18.7
54067,Nicholas County,West Virginia,2012,9,60,1045,6,164,1746,26261,2917,4376,3309,12.6
54069,Ohio County,West Virginia,2012,7,42,699,11,412,7728,44011,6287,4001,7628,17.33
54097,Upshur County,West Virginia,2012,4,30,500,5,163,3230,24440,6110,4888,4982,20.38
54099,Wayne County,West Virginia,2012,5,35,529,6,114,1797,41873,8374,6978,12795,30.56
54103,Wetzel County,West Virginia,2012,7,44,673,7,117,2353,16345,2335,2335,-2904,-17.77
54109,Panola County,Texas,2012,7,80,1221,6,152,2537,23207,3315,3867,2623,11.3
54109,Wyoming County,West Virginia,2012,7,80,1221,6,152,2537,23207,3315,3867,2623,11.3
55005,Barron County,Wisconsin,2012,10,164,3237,12,344,5933,45767,4576,3813,3360,7.34
55009,Brown County,Wisconsin,2012,25,1041,19680,31,2054,35302,252686,10107,8151,39030,15.45
55013,Burnett County,Wisconsin,2012,3,16,219,4,180,2692,15337,5112,3834,2627,17.13
55017,Chippewa County,Wisconsin,2012,8,139,2493,12,685,9740,63048,7881,5254,17808,28.25
55021,Hawkins County,Tennessee,2012,9,53,994,7,295,5186,56464,6273,8066,12846,22.75
55021,Columbia County,Wisconsin,2012,9,53,994,7,295,5186,56464,6273,8066,12846,22.75
55027,Dodge County,Wisconsin,2012,9,283,5558,11,620,9671,88181,9797,8016,19944,22.62
55043,Grant County,Wisconsin,2012,10,161,2773,10,309,4346,50867,5086,5086,10508,20.66
55045,Jasper County,Iowa,2012,6,142,2651,10,265,4623,36759,6126,3675,4527,12.32
55045,Green County,Wisconsin,2012,6,142,2651,10,265,4623,36759,6126,3675,4527,12.32
55059,Kenosha County,Wisconsin,2012,13,185,3300,30,1342,26520,167220,12863,5574,28525,17.06
55061,Kewaunee County,Wisconsin,2012,3,13,198,4,193,3098,20499,6833,5124,6998,34.14
55069,Lincoln County,Wisconsin,2012,5,36,512,5,360,5674,28499,5699,5699,9515,33.39
55075,Marinette County,Wisconsin,2012,6,118,2078,10,405,6087,41347,6891,4134,10029,24.26
55079,Milwaukee County,Wisconsin,2012,67,677,10774,211,7034,147531,954606,14247,4524,71182,7.46
55083,Oconto County,Wisconsin,2012,7,65,1347,5,230,3774,37417,5345,7483,7825,20.91
55099,Price County,Wisconsin,2012,6,55,1050,4,172,2998,13844,2307,3461,-2561,-18.5
55105,Rock County,Wisconsin,2012,17,293,5472,24,1023,21478,160065,9415,6669,22169,13.85
55111,Sauk County,Wisconsin,2012,11,177,3331,12,508,8485,62385,5671,5198,10897,17.47
55115,Shawano County,Wisconsin,2012,6,29,489,8,176,3230,41504,6917,5188,7957,19.17
55129,Washburn County,Wisconsin,2012,6,36,742,6,205,4336,15848,2641,2641,-4055,-25.59
55133,Waukesha County,Wisconsin,2012,16,222,3683,55,3851,75187,392799,24549,7141,70909,18.05
55135,Waupaca County,Wisconsin,2012,9,201,3892,9,525,7909,51930,5770,5770,10837,20.87
55137,Waushara County,Wisconsin,2012,6,47,981,9,194,3032,24417,4069,2713,-1254,-5.14
56007,Carbon County,Wyoming,2012,6,56,1049,3,123,3601,15708,2618,5236,-1650,-10.5
56013,Fremont County,Wyoming,2012,6,53,1231,7,377,7064,41009,6834,5858,7602,18.54
56021,Laramie County,Wyoming,2012,8,65,891,9,508,12231,94690,11836,10521,26721,28.22
56025,Natrona County,Wyoming,2012,7,73,1518,10,437,10571,78562,11223,7856,17197,21.89
