GeoID,County,State,Year,D_Etab,D_Emp,D_Pay,G_Etab,G_Emp,G_Pay,Pop_2009,D_Cap,G_Cap,FD_num_2009,FD_pct_2009
1003,Baldwin County,Alabama,2009,32,297,4165,24,1137,23063,179406,5606,7475,41078,22.9
1009,Blount County,Alabama,2009,9,67,872,6,115,2064,57341,6371,9556,16468,28.72
1015,Calhoun County,Alabama,2009,28,224,3199,25,745,12387,118363,4227,4734,28906,24.42
1017,Chambers County,Alabama,2009,9,75,926,7,210,3635,34384,3820,4912,8284,24.09
1021,Chilton County,Alabama,2009,9,66,922,7,227,4257,43484,4831,6212,9994,22.98
1025,Clarke County,Alabama,2009,15,130,1840,6,141,2547,26038,1735,4339,8603,33.04
1047,Dallas County,Alabama,2009,12,95,1259,9,265,4972,43759,3646,4862,10166,23.23
1051,Elmore County,Alabama,2009,14,113,1385,10,442,6394,78632,5616,7863,23608,30.02
1053,Escambia County,Alabama,2009,13,104,1425,8,317,5023,38249,2942,4781,11074,28.95
1061,Geneva County,Alabama,2009,6,46,670,11,234,3229,26653,4442,2423,2187,8.21
1063,Greene County,Alabama,2009,4,33,462,5,88,881,9182,2295,1836,-4539,-49.43
1073,Jefferson County,Alabama,2009,94,981,14155,108,5063,94352,658441,7004,6096,126608,19.23
1077,Lauderdale County,Alabama,2009,26,187,2569,15,408,6671,92526,3558,6168,26270,28.39
1083,Limestone County,Alabama,2009,16,122,1782,12,411,9034,81326,5082,6777,16931,20.82
1087,Macon County,Alabama,2009,3,29,416,5,150,2142,21190,7063,4238,6779,31.99
1089,Madison County,Alabama,2009,54,485,7085,35,2187,45876,330856,6126,9453,68761,20.78
1095,Marshall County,Alabama,2009,23,173,2522,19,511,8288,92213,4009,4853,21709,23.54
1097,Mobile County,Alabama,2009,91,801,12136,60,2349,42174,411994,4527,6866,100202,24.32
1099,Monroe County,Alabama,2009,7,58,811,7,159,2211,23218,3316,3316,2383,10.26
1103,Morgan County,Alabama,2009,26,198,2917,22,633,12881,118954,4575,5407,24229,20.37
1107,Pickens County,Alabama,2009,9,79,1145,4,143,1975,19814,2201,4953,4425,22.33
1109,Pike County,Alabama,2009,7,55,732,9,181,3327,32560,4651,3617,4516,13.87
1111,Randolph County,Alabama,2009,6,42,671,4,108,2039,22864,3810,5716,3197,13.98
1113,Russell County,Alabama,2009,13,123,2071,8,382,6201,52162,4012,6520,12851,24.64
1117,Shelby County,Alabama,2009,22,205,2893,26,1352,29488,192708,8759,7411,34566,17.94
1121,Talladega County,Alabama,2009,23,167,2434,7,324,6347,82674,3594,11810,27722,33.53
1125,Tuscaloosa County,Alabama,2009,33,300,4090,27,1392,27218,192792,5842,7140,45104,23.4
1131,Wilcox County,Alabama,2009,5,33,516,10,79,1153,11870,2374,1187,-6574,-55.38
2020,Anchorage Municipality,Alaska,2009,5,13,375,37,1570,44686,287677,57535,7775,97847,34.01
2050,Bethel Census Area,Alaska,2009,15,265,3853,25,408,6253,16860,1124,674,6323,37.5
2122,Kenai Peninsula Borough,Alaska,2009,6,50,1172,21,640,17949,54796,9132,2609,1477,2.7
2188,Northwest Arctic Borough,Alaska,2009,4,27,378,6,104,2172,7467,1866,1244,-7348,-98.41
2290,Yukon-Koyukuk Census Area,Alaska,2009,5,11,185,12,52,835,5495,1099,457,-11448,-208.33
4001,Apache County,Arizona,2009,11,68,1402,10,328,6298,71008,6455,7100,11602,16.34
4003,Cochise County,Arizona,2009,28,201,2930,17,1048,20113,130081,4645,7651,33868,26.04
4005,Coconino County,Arizona,2009,15,137,1905,19,1433,26234,133477,8898,7025,33924,25.42
4009,Graham County,Arizona,2009,3,28,333,7,359,5654,37525,12508,5360,20972,55.89
4012,La Paz County,Arizona,2009,5,23,388,11,201,3155,20514,4102,1864,-1913,-9.33
4013,Maricopa County,Arizona,2009,209,2720,35571,512,38008,685499,3803779,18199,7429,525931,13.83
4015,Mohave County,Arizona,2009,26,222,3278,19,1429,31020,199696,7680,10510,40404,20.23
4017,Navajo County,Arizona,2009,20,163,2265,18,770,16123,107571,5378,5976,23296,21.66
4019,Pima County,Arizona,2009,73,731,11031,128,9511,177656,975580,13364,7621,142664,14.62
4021,Pinal County,Arizona,2009,29,251,3390,33,2381,36982,349830,12063,10600,71416,20.41
4023,Santa Cruz County,Arizona,2009,16,96,1100,9,282,5830,47011,2938,5223,13456,28.62
4025,Yavapai County,Arizona,2009,24,218,2937,34,2359,44807,211172,8798,6210,46508,22.02
4027,Yuma County,Arizona,2009,20,203,2834,34,1357,24006,193714,9685,5697,36820,19.01
5003,Ashley County,Arkansas,2009,9,84,1056,8,130,2173,21920,2435,2740,2693,12.29
5005,Baxter County,Arkansas,2009,7,48,633,7,257,4122,41561,5937,5937,10933,26.31
5007,Benton County,Arkansas,2009,26,215,3415,30,890,18253,216620,8331,7220,31316,14.46
5009,Boone County,Arkansas,2009,9,77,1159,4,188,3129,36844,4093,9211,12072,32.77
5009,Miami County,Indiana,2009,9,77,1159,4,188,3129,37127,4125,9281,12206,32.88
5027,Columbia County,Arkansas,2009,5,65,833,4,106,2314,24622,4924,6155,7085,28.78
5031,Craighead County,Arkansas,2009,20,175,2236,19,483,8666,95482,4774,5025,22820,23.9
5033,Crawford County,Arkansas,2009,12,109,1602,8,178,3219,61595,5132,7699,14868,24.14
5035,Crittenden County,Arkansas,2009,11,114,1324,11,326,5747,50929,4629,4629,14002,27.49
5051,Garland County,Arkansas,2009,18,143,2284,18,532,10361,95840,5324,5324,16827,17.56
5057,Hempstead County,Arkansas,2009,5,34,489,8,128,2254,22615,4523,2826,525,2.32
5061,Howard County,Arkansas,2009,5,42,607,5,68,1073,13741,2748,2748,-2486,-18.09
5065,Izard County,Arkansas,2009,7,41,535,4,105,1420,13679,1954,3419,-428,-3.13
5069,Jefferson County,Arkansas,2009,18,191,2666,15,532,8939,77759,4319,5183,21378,27.49
5085,Lonoke County,Arkansas,2009,11,87,1068,11,425,7120,67481,6134,6134,17666,26.18
5091,Miller County,Arkansas,2009,10,59,1048,11,215,3750,43284,4328,3934,4327,10.0
5093,Mississippi County,Arkansas,2009,12,110,1563,15,371,6061,46857,3904,3123,8859,18.91
5101,Newton County,Arkansas,2009,3,17,230,3,30,493,8311,2770,2770,-4640,-55.83
5103,Ouachita County,Arkansas,2009,4,41,398,6,185,3008,26024,6506,4337,8506,32.69
5107,Phillips County,Arkansas,2009,7,41,488,9,165,2318,21976,3139,2441,779,3.54
5113,Polk County,Arkansas,2009,6,44,631,6,55,892,20583,3430,3430,25,0.12
5119,Pulaski County,Arkansas,2009,50,490,7257,72,2677,56087,380053,7601,5278,56842,14.96
5123,St. Francis County,Arkansas,2009,6,44,606,6,140,1819,28336,4722,4722,5494,19.39
5125,Saline County,Arkansas,2009,20,132,1751,15,403,7197,105362,5268,7024,23450,22.26
5139,Union County,Arkansas,2009,10,83,1056,10,234,3969,41944,4194,4194,8767,20.9
5143,Washington County,Arkansas,2009,26,175,2726,26,1374,24199,199774,7683,7683,38270,19.16
6001,Alameda County,California,2009,49,865,11676,359,11847,344802,1498539,30582,4174,5550,0.37
6007,Butte County,California,2009,15,281,3225,51,1711,51908,219777,14651,4309,27914,12.7
6013,Contra Costa County,California,2009,41,710,9526,192,8993,264449,1037890,25314,5405,31441,3.03
6019,Fresno County,California,2009,51,764,9465,213,5047,139040,921478,18068,4326,46480,5.04
6023,Humboldt County,California,2009,18,161,2308,43,1469,38703,133744,7430,3110,11886,8.89
6025,Imperial County,California,2009,23,223,3055,41,1010,22317,172008,7478,4195,25034,14.55
6029,Kern County,California,2009,53,718,8856,187,5160,128716,830137,15662,4439,61537,7.41
6031,Kings County,California,2009,8,100,1197,30,687,17925,152278,19034,5075,32245,21.18
6037,Los Angeles County,California,2009,580,7582,135301,2027,77889,1795923,9787400,16874,4828,280690,2.87
6041,Marin County,California,2009,12,134,2077,64,2962,99752,250862,20905,3919,6223,2.48
6045,Mendocino County,California,2009,9,64,1008,52,1298,37708,87722,9746,1686,-2310,-2.63
6047,Merced County,California,2009,10,217,2568,57,1304,35386,252302,25230,4426,44544,17.66
6051,Mono County,California,2009,4,24,240,6,142,4449,14008,3502,2334,-3490,-24.91
6053,Monterey County,California,2009,24,242,3749,107,3018,87639,410263,17094,3834,12919,3.15
6055,Napa County,California,2009,3,28,450,35,1488,45924,135280,45093,3865,66359,49.05
6057,Nevada County,California,2009,4,34,572,26,1149,33533,98591,24647,3791,31704,32.16
6059,Orange County,California,2009,123,1699,27378,527,25191,605584,2987177,24285,5668,103798,3.47
6061,Placer County,California,2009,16,258,3724,58,3223,102293,343810,21488,5927,24284,7.06
6065,Riverside County,California,2009,85,1344,19096,344,16322,382416,2146725,25255,6240,124750,5.81
6067,Sacramento County,California,2009,61,1297,17003,249,10256,303877,1408601,23091,5657,52060,3.7
6071,San Bernardino County,California,2009,104,1652,24454,327,14385,327539,2013960,19365,6158,137539,6.83
6073,San Diego County,California,2009,128,2011,31648,622,24419,587660,3061203,23915,4921,91106,2.98
6075,San Francisco County,California,2009,32,271,5177,320,6821,192939,801922,25060,2506,-33525,-4.18
6077,San Joaquin County,California,2009,22,589,7496,158,4212,128469,677736,30806,4289,40598,5.99
6081,San Mateo County,California,2009,22,530,9711,167,6511,196894,713617,32437,4273,5428,0.76
6083,Santa Barbara County,California,2009,21,266,3772,117,3756,97467,420356,20016,3592,27351,6.51
6085,Santa Clara County,California,2009,64,836,11509,342,14432,409013,1765137,27580,5161,19162,1.09
6087,Santa Cruz County,California,2009,10,149,1968,70,3170,81375,260009,26000,3714,40487,15.57
6089,Shasta County,California,2009,14,181,2368,38,1431,42612,177279,12662,4665,19912,11.23
6097,Sonoma County,California,2009,25,296,4060,123,5267,156601,479479,19179,3898,11556,2.41
6099,Stanislaus County,California,2009,26,456,5853,128,3837,104573,511536,19674,3996,35782,7.0
6107,Tulare County,California,2009,28,365,4415,110,2369,58849,436987,15606,3972,37999,8.7
6111,Ventura County,California,2009,56,740,12745,160,6592,167314,815130,14555,5094,38216,4.69
6113,Yolo County,California,2009,7,147,1773,42,1609,42356,199791,28541,4756,49995,25.02
8013,Boulder County,Colorado,2009,9,137,2123,49,2970,78795,293190,32576,5983,54512,18.59
8029,Delta County,Colorado,2009,5,42,564,9,262,6266,31156,6231,3461,4561,14.64
8031,Denver County,Colorado,2009,44,330,5024,107,4142,111436,589011,13386,5504,32509,5.52
8035,Douglas County,Colorado,2009,3,39,593,23,2215,55758,281386,93795,12234,185647,65.98
8043,Fremont County,Colorado,2009,6,39,595,6,196,5223,46871,7811,7811,12143,25.91
8087,Morgan County,Colorado,2009,5,35,428,5,153,3573,28099,5619,5619,6378,22.7
8099,Prowers County,Colorado,2009,4,72,2718,4,84,2035,12593,3148,3148,-16386,-130.12
8123,Weld County,Colorado,2009,15,136,2080,29,1244,30258,248193,16546,8558,37226,15.0
9001,Fairfield County,Connecticut,2009,36,209,3057,197,9299,253338,910421,25289,4621,20271,2.23
9003,Hartford County,Connecticut,2009,68,722,12996,200,9842,225545,891667,13112,4458,57788,6.48
9005,Litchfield County,Connecticut,2009,10,88,1311,39,2188,50652,190015,19001,4872,35950,18.92
9009,New Haven County,Connecticut,2009,62,602,9940,191,8257,197209,860025,13871,4502,50267,5.84
9011,New London County,Connecticut,2009,25,249,5413,50,2482,58279,273630,10945,5472,19275,7.04
10001,Kent County,Delaware,2009,21,218,3064,17,983,18173,160081,7622,9416,37862,23.65
10003,New Castle County,Delaware,2009,36,427,5364,77,4548,104692,536898,14913,6972,69366,12.92
10005,Sussex County,Delaware,2009,40,368,5162,48,1632,37855,194751,4868,4057,37411,19.21
11001,District of Columbia,District of Columbia,2009,22,193,2773,181,4427,119482,592228,26919,3271,17647,2.98
11001,District of Columbia,District of Columbia,2009,22,193,2773,181,4427,119482,592228,26919,3271,17647,2.98
12001,Alachua County,Florida,2009,24,219,3497,42,3146,58478,246657,10277,5872,49703,20.15
12003,Baker County,Florida,2009,4,36,459,6,171,2915,27124,6781,4520,7580,27.95
12009,Brevard County,Florida,2009,47,477,5677,70,4282,93065,542109,11534,7744,83777,15.45
12011,Broward County,Florida,2009,126,1102,14841,366,16799,367393,1733310,13756,4735,152929,8.82
12017,Citrus County,Florida,2009,16,155,2007,18,1235,24482,141381,8836,7854,34140,24.15
12019,Clay County,Florida,2009,20,182,2306,28,1527,30051,189101,9455,6753,38844,20.54
12021,Collier County,Florida,2009,15,162,2410,59,3158,81932,318485,21232,5398,36782,11.55
12027,DeSoto County,Florida,2009,3,30,348,5,169,3134,34592,11530,6918,18691,54.03
12031,Duval County,Florida,2009,94,1026,14382,199,7485,153717,859795,9146,4320,116321,13.53
12033,Escambia County,Florida,2009,41,357,5179,46,1547,30313,297015,7244,6456,49160,16.55
12055,Highlands County,Florida,2009,13,117,1564,18,813,14681,98956,7612,5497,23098,23.34
12057,Hillsborough County,Florida,2009,99,917,13703,279,10799,224564,1214050,12263,4351,111998,9.23
12063,Jackson County,Florida,2009,14,106,1482,11,232,3852,50064,3576,4551,10794,21.56
12071,Lee County,Florida,2009,45,451,6698,119,6377,136602,612297,13606,5145,70263,11.48
12075,Levy County,Florida,2009,11,76,983,10,320,5295,40880,3716,4088,8990,21.99
12079,Madison County,Florida,2009,6,44,499,3,170,2833,19329,3221,6443,5770,29.85
12081,Manatee County,Florida,2009,30,254,3675,60,3114,62514,320711,10690,5345,49209,15.34
12086,Miami-Dade County,Florida,2009,272,1379,21040,576,19533,412651,2463943,9058,4277,220591,8.95
12091,Okaloosa County,Florida,2009,25,196,3259,28,1162,26105,181153,7246,6469,25901,14.3
12095,Orange County,Florida,2009,96,909,13011,230,8995,196516,1131351,11784,4918,106528,9.42
12101,Pasco County,Florida,2009,45,439,5777,71,4085,77363,462607,10280,6515,81413,17.6
12103,Pinellas County,Florida,2009,80,790,10778,186,9663,193716,915330,11441,4921,126255,13.79
12107,Putnam County,Florida,2009,13,115,1595,12,515,9478,74546,5734,6212,18201,24.42
12115,Sarasota County,Florida,2009,23,232,3238,75,4090,88803,377262,16402,5030,51185,13.57
12119,Sumter County,Florida,2009,9,41,683,15,679,12848,90643,10071,6042,19815,21.86
13009,Baldwin County,Georgia,2009,8,76,1127,10,315,5154,47087,5885,4708,10297,21.87
13021,Bibb County,Georgia,2009,29,303,4412,36,1245,27970,155154,5350,4309,28623,18.45
13031,Bulloch County,Georgia,2009,10,96,1276,7,273,4279,68598,6859,9799,21408,31.21
13033,Burke County,Georgia,2009,4,39,383,3,112,1594,23117,5779,7705,10466,45.27
13039,Camden County,Georgia,2009,6,45,606,6,272,5145,50024,8337,8337,16742,33.47
13045,Carroll County,Georgia,2009,24,188,2775,23,1026,18181,110433,4601,4801,26774,24.24
13047,Catoosa County,Georgia,2009,11,98,1621,8,280,4390,63874,5806,7984,15311,23.97
13051,Chatham County,Georgia,2009,31,305,4254,48,2434,41303,262122,8455,5460,54888,20.94
13059,Clarke County,Georgia,2009,13,127,1750,24,1001,19279,116843,8987,4868,24077,20.61
13063,Clayton County,Georgia,2009,34,313,3861,40,1181,24022,260067,7649,6501,47113,18.12
13071,Colquitt County,Georgia,2009,10,90,1116,14,196,3606,45152,4515,3225,7328,16.23
13073,Columbia County,Georgia,2009,10,65,960,19,832,18234,121050,12105,6371,24147,19.95
13077,Coweta County,Georgia,2009,13,120,1615,18,1073,21815,125501,9653,6972,28577,22.77
13081,Crisp County,Georgia,2009,4,40,506,9,246,2937,23378,5844,2597,5225,22.35
13087,Decatur County,Georgia,2009,7,54,836,7,167,3226,28058,4008,4008,2775,9.89
13089,DeKalb County,Georgia,2009,68,656,9269,136,6204,131745,690658,10156,5078,87747,12.7
13091,Dodge County,Georgia,2009,5,41,596,9,128,2028,21659,4331,2406,-127,-0.59
13095,Dougherty County,Georgia,2009,21,221,3006,23,844,14650,94688,4508,4116,25525,26.96
13097,Douglas County,Georgia,2009,14,133,1773,16,1068,19941,131292,9378,8205,33041,25.17
13099,Early County,Georgia,2009,5,41,542,5,120,1767,11101,2220,2220,-2940,-26.48
13103,Effingham County,Georgia,2009,8,61,867,5,168,3517,51908,6488,10381,16039,30.9
13107,Emanuel County,Georgia,2009,7,49,645,6,98,1390,22456,3208,3742,2042,9.09
13111,Fannin County,Georgia,2009,7,68,939,9,280,4539,23661,3380,2629,2729,11.53
13127,Glynn County,Georgia,2009,14,122,1835,19,698,14169,78946,5639,4155,14124,17.89
13129,Gordon County,Georgia,2009,16,96,1460,13,291,5034,54945,3434,4226,10186,18.54
13131,Grady County,Georgia,2009,7,51,612,3,107,2185,24893,3556,8297,8166,32.8
13133,Greene County,Georgia,2009,5,38,503,4,201,4296,15934,3186,3983,535,3.36
13135,Gwinnett County,Georgia,2009,52,497,6399,144,6445,140519,796276,15313,5529,81120,10.19
13137,Habersham County,Georgia,2009,14,85,1526,7,354,6264,42947,3067,6135,9445,21.99
13139,Hall County,Georgia,2009,19,162,2330,34,1562,29953,178503,9394,5250,32363,18.13
13143,Haralson County,Georgia,2009,7,31,410,7,127,1524,28774,4110,4110,3742,13.0
13147,Hart County,Georgia,2009,4,31,373,4,176,2874,25108,6277,6277,8986,35.79
13147,Wasco County,Oregon,2009,4,31,373,4,176,2874,24981,6245,6245,8890,35.59
13151,Henry County,Georgia,2009,19,208,2527,25,1492,30875,199622,10506,7984,42720,21.4
13153,Houston County,Georgia,2009,20,149,2136,21,1001,19797,137416,6870,6543,27463,19.99
13157,Jackson County,Georgia,2009,9,54,807,10,557,10588,60052,6672,6005,14305,23.82
13163,Jefferson County,Georgia,2009,10,62,846,7,222,3393,17067,1706,2438,1510,8.85
13175,Laurens County,Georgia,2009,14,122,1727,12,519,7727,48601,3471,4050,14126,29.07
13179,Liberty County,Georgia,2009,10,104,1381,7,230,3614,67061,6706,9580,20762,30.96
13185,Lowndes County,Georgia,2009,20,189,2766,12,617,12505,107583,5379,8965,27151,25.24
13199,Meriwether County,Georgia,2009,7,53,823,5,138,2379,22446,3206,4489,2200,9.8
13215,Muscogee County,Georgia,2009,32,338,5417,33,1349,29513,188796,5899,5721,32287,17.1
13217,Newton County,Georgia,2009,12,100,1590,19,829,15229,99494,8291,5236,19987,20.09
13223,Paulding County,Georgia,2009,13,111,1487,13,966,18325,140761,10827,10827,36378,25.84
13233,Polk County,Georgia,2009,10,89,1101,8,257,4966,41386,4138,5173,10375,25.07
13245,Richmond County,Georgia,2009,37,329,4639,37,1302,22143,198489,5364,5364,45349,22.85
13247,Rockdale County,Georgia,2009,8,87,1291,18,833,17126,84625,10578,4701,19901,23.52
13251,Screven County,Georgia,2009,6,40,459,3,118,1665,14905,2484,4968,2285,15.33
13255,Spalding County,Georgia,2009,10,140,1765,14,503,8731,64135,6413,4581,18053,28.15
13257,Stephens County,Georgia,2009,4,36,446,3,173,2666,26069,6517,8689,12439,47.72
13261,Sumter County,Georgia,2009,10,76,960,7,244,3574,32724,3272,4674,8575,26.2
13267,Tattnall County,Georgia,2009,7,50,803,6,155,1937,25068,3581,4178,2959,11.8
13273,Terrell County,Georgia,2009,3,26,371,4,94,1334,9596,3198,2399,-3318,-34.58
13273,Crittenden County,Kentucky,2009,3,26,371,4,94,1334,9301,3100,2325,-3588,-38.58
13275,Thomas County,Georgia,2009,12,124,1652,11,287,5888,44689,3724,4062,9916,22.19
13285,Troup County,Georgia,2009,13,113,1620,16,538,14288,66422,5109,4151,9082,13.67
13293,Upson County,Georgia,2009,4,36,469,8,165,2592,27360,6840,3420,6137,22.43
13295,Walker County,Georgia,2009,15,108,1460,9,336,6046,68612,4574,7623,18323,26.71
13297,Walton County,Georgia,2009,10,80,1122,8,611,9742,83353,8335,10419,27123,32.54
13303,Washington County,Georgia,2009,3,24,324,4,99,1849,21240,7080,5310,7070,33.29
13311,White County,Georgia,2009,7,39,539,5,276,4113,26949,3849,5389,6624,24.58
15001,Hawaii County,Hawaii,2009,10,96,1203,40,1968,48534,183629,18362,4590,32594,17.75
15003,Honolulu County,Hawaii,2009,23,1071,26564,184,5825,136868,943177,41007,5125,-1223,-0.13
15009,Maui County,Hawaii,2009,8,44,941,40,1591,40136,153300,19162,3832,23859,15.56
16005,Bannock County,Idaho,2009,7,68,893,9,361,8627,81994,11713,9110,24389,29.74
16017,Bonner County,Idaho,2009,5,42,682,11,296,6400,40809,8161,3709,7859,19.26
16055,Kootenai County,Idaho,2009,7,82,915,16,895,20739,137407,19629,8587,42254,30.75
16069,Nez Perce County,Idaho,2009,3,68,1261,9,382,9104,39049,13016,4338,15853,40.6
16083,Twin Falls County,Idaho,2009,10,138,2051,17,543,11416,76271,7627,4486,15079,19.77
17007,Boone County,Illinois,2009,4,63,1004,9,240,3695,54154,13538,6017,22426,41.41
17019,Champaign County,Illinois,2009,13,214,3083,31,1378,21701,199968,15382,6450,46702,23.35
17021,Christian County,Illinois,2009,5,47,692,8,202,3590,34808,6961,4351,7906,22.71
17029,Coles County,Illinois,2009,8,84,1039,5,270,3741,53612,6701,10722,21583,40.26
17031,Cook County,Illinois,2009,438,3191,49814,1400,39927,853776,5181728,11830,3701,286544,5.53
17037,DeKalb County,Illinois,2009,9,169,2521,15,588,10899,105146,11682,7009,28074,26.7
17043,DuPage County,Illinois,2009,39,415,5363,172,7739,169574,912732,23403,5306,81075,8.88
17049,Effingham County,Illinois,2009,6,41,609,9,347,5332,34275,5712,3808,7316,21.35
17053,Ford County,Illinois,2009,5,77,1247,3,150,2000,14084,2816,4694,1430,10.15
17083,Jersey County,Illinois,2009,3,15,282,4,131,1840,23060,7686,5765,8503,36.87
17089,Kane County,Illinois,2009,26,426,6339,77,3486,71684,511273,19664,6639,66059,12.92
17093,Kendall County,Illinois,2009,7,68,680,13,622,12354,112490,16070,8653,36819,32.73
17097,Lake County,Illinois,2009,43,348,4704,120,5343,113437,701042,16303,5842,70712,10.09
17099,LaSalle County,Illinois,2009,14,255,4073,24,931,17447,113999,8142,4749,23210,20.36
17103,Lee County,Illinois,2009,5,36,436,6,156,2198,36189,7237,6031,11309,31.25
17107,Logan County,Illinois,2009,7,53,875,6,154,3087,30342,4334,5057,4014,13.23
17109,McDonough County,Illinois,2009,5,117,1498,5,347,5795,32611,6522,6522,16003,49.07
17111,McHenry County,Illinois,2009,18,309,4111,43,2013,39150,308067,17114,7164,57742,18.74
17113,McLean County,Illinois,2009,12,205,3056,28,951,19513,168727,14060,6025,33061,19.59
17115,Macon County,Illinois,2009,15,208,3166,13,491,10776,110732,7382,8517,24370,22.01
17119,Madison County,Illinois,2009,31,344,4976,40,1998,40745,268978,8676,6724,47445,17.64
17121,Marion County,Illinois,2009,8,73,1240,5,139,2266,39465,4933,7893,9532,24.15
17137,Morgan County,Illinois,2009,5,77,937,5,195,2941,35602,7120,7120,14996,42.12
17141,Ogle County,Illinois,2009,5,28,386,8,325,4597,53621,10724,6702,19716,36.77
17143,Peoria County,Illinois,2009,19,227,4166,41,1195,25343,186930,9838,4559,19600,10.49
17163,St. Clair County,Illinois,2009,28,253,3485,39,1484,33556,268489,9588,6884,39049,14.54
17173,Shelby County,Illinois,2009,3,11,200,5,116,1255,22386,7462,4477,6759,30.19
17179,Tazewell County,Illinois,2009,22,249,3837,14,640,13564,135054,6138,9646,30215,22.37
17183,Vermilion County,Illinois,2009,18,295,4983,13,552,8376,81710,4539,6285,20862,25.53
17189,Washington County,Illinois,2009,5,59,1108,8,77,1318,14755,2951,1844,-5488,-37.19
17197,Will County,Illinois,2009,31,298,4598,86,4314,87043,674970,21773,7848,74573,11.05
17201,Winnebago County,Illinois,2009,36,467,7423,55,2138,49407,295612,8211,5374,38500,13.02
18001,Adams County,Indiana,2009,6,40,512,6,231,3063,34351,5725,5725,9902,28.83
18011,Boone County,Indiana,2009,3,40,511,8,417,5873,55915,18638,6989,36320,64.96
18017,Cass County,Indiana,2009,6,46,676,8,236,4200,38968,6494,4871,8566,21.98
18019,Clark County,Indiana,2009,18,140,2119,18,605,12119,109067,6059,6059,20235,18.55
18031,Decatur County,Indiana,2009,3,23,282,7,130,1966,25595,8531,3656,8453,33.03
18033,DeKalb County,Indiana,2009,6,37,479,8,233,4602,42053,7008,5256,9784,23.27
18039,Elkhart County,Indiana,2009,24,200,2682,36,1466,25655,197514,8229,5486,38480,19.48
18045,Fountain County,Indiana,2009,5,50,741,4,226,2792,17183,3436,4295,3364,19.58
18047,Franklin County,Indiana,2009,4,45,641,11,172,2159,23195,5798,2108,2502,10.79
18051,Gibson County,Indiana,2009,7,56,705,6,207,3311,33345,4763,5557,8604,25.8
18057,Hamilton County,Indiana,2009,11,87,1335,35,2220,39953,269394,24490,7696,62785,23.31
18061,Harrison County,Indiana,2009,5,33,476,4,176,2223,39148,7829,9787,16441,42.0
18065,Henry County,Indiana,2009,6,52,638,9,211,4041,49305,8217,5478,13169,26.71
18067,Howard County,Indiana,2009,14,113,1572,11,399,9256,82701,5907,7518,17873,21.61
18071,Jackson County,Indiana,2009,8,69,972,10,267,3506,41798,5224,4179,9038,21.62
18081,Johnson County,Indiana,2009,13,117,1436,11,576,11238,138584,10660,12598,36353,26.23
18085,Kosciusko County,Indiana,2009,14,101,1466,13,415,7424,77263,5518,5943,16226,21.0
18087,LaGrange County,Indiana,2009,6,60,1150,6,154,2765,37119,6186,6186,7062,19.03
18089,Lake County,Indiana,2009,58,537,7485,78,3867,74798,495789,8548,6356,83636,16.87
18091,LaPorte County,Indiana,2009,14,101,1329,23,713,11719,111465,7961,4846,22339,20.04
18095,Madison County,Indiana,2009,18,163,2298,22,831,16758,131599,7311,5981,25244,19.18
18097,Marion County,Indiana,2009,109,962,14044,143,5518,112962,898394,8242,6282,123304,13.72
18099,Marshall County,Indiana,2009,10,63,822,11,292,4774,47126,4712,4284,9194,19.51
18105,Monroe County,Indiana,2009,10,90,1258,22,1293,22195,136198,13619,6190,36125,26.52
18107,Montgomery County,Indiana,2009,6,67,925,8,264,5264,38180,6363,4772,9121,23.89
18109,Morgan County,Indiana,2009,7,42,664,10,339,7490,68583,9797,6858,16353,23.84
18123,Perry County,Indiana,2009,3,24,314,4,96,1138,19331,6443,4832,6038,31.23
18127,Porter County,Indiana,2009,10,81,1085,14,872,15566,163572,16357,11683,44556,27.24
18137,Ripley County,Indiana,2009,6,46,550,9,357,5690,28716,4786,3190,6114,21.29
18145,Shelby County,Indiana,2009,5,43,579,8,263,4748,44551,8910,5568,13867,31.13
18151,Steuben County,Indiana,2009,8,62,783,6,203,2183,34194,4274,5699,9863,28.84
18163,Vanderburgh County,Indiana,2009,26,215,3074,35,1346,26559,178995,6884,5114,32061,17.91
18167,Vigo County,Indiana,2009,19,205,2851,17,821,14381,107429,5654,6319,28445,26.48
18175,Washington County,Indiana,2009,6,25,453,6,202,2413,28144,4690,4690,4720,16.77
18177,Wayne County,Indiana,2009,10,96,1277,10,316,5436,68984,6898,6898,17782,25.78
19005,Allamakee County,Iowa,2009,3,37,712,6,222,2814,14263,4754,2377,-38,-0.27
19013,Black Hawk County,Iowa,2009,13,191,2688,22,1445,24629,130595,10045,5936,36549,27.99
19029,Cass County,Iowa,2009,3,27,402,6,223,4132,13949,4649,2324,-452,-3.24
19031,Cedar County,Iowa,2009,4,22,335,5,161,2303,18458,4614,3691,1831,9.92
19037,Chickasaw County,Iowa,2009,3,40,849,5,139,1487,12465,4155,2493,-2506,-20.1
19049,Dallas County,Iowa,2009,8,73,1211,7,856,16518,64489,8061,9212,21943,34.03
19061,Dubuque County,Iowa,2009,11,180,3019,12,1263,21044,92948,8449,7745,30129,32.41
19083,Hardin County,Iowa,2009,4,40,675,6,267,4205,17535,4383,2922,1204,6.87
19125,Marion County,Iowa,2009,6,63,832,6,354,6059,33468,5578,5578,10701,31.97
19127,Marshall County,Iowa,2009,7,79,1482,8,441,7840,40280,5754,5035,8123,20.17
19137,Montgomery County,Iowa,2009,3,25,376,3,187,3389,10803,3601,3601,-798,-7.39
19141,O'Brien County,Iowa,2009,4,53,939,7,214,3045,14412,3603,2058,-1988,-13.79
19153,Polk County,Iowa,2009,28,256,3906,61,5617,102042,425737,15204,6979,84335,19.81
19187,Webster County,Iowa,2009,4,63,628,6,397,7070,38316,9579,6386,19923,52.0
19189,Winnebago County,Iowa,2009,4,55,940,3,149,1935,10917,2729,3639,-1415,-12.96
19189,Lake County,Minnesota,2009,4,55,940,3,149,1935,10872,2718,3624,-1452,-13.36
19193,Woodbury County,Iowa,2009,14,174,2176,20,1108,19156,101581,7255,5079,29608,29.15
19197,Wright County,Iowa,2009,4,39,523,5,167,2123,13262,3315,2652,-351,-2.65
20005,Atchison County,Kansas,2009,3,28,472,4,106,1178,16965,5655,4241,3339,19.68
20021,Cherokee County,Kansas,2009,6,45,552,3,87,1116,21658,3609,7219,6486,29.95
20045,Douglas County,Kansas,2009,7,61,705,17,1417,24065,110039,15719,6472,41246,37.48
20091,Johnson County,Kansas,2009,24,240,3162,64,5627,115126,539396,22474,8428,87620,16.24
20121,Miami County,Kansas,2009,5,41,501,3,209,3579,32445,6489,10815,15685,48.34
20131,Nemaha County,Kansas,2009,5,54,913,8,227,2227,10165,2033,1270,-3827,-37.65
20155,Reno County,Kansas,2009,7,73,1956,12,497,8174,64196,9170,5349,10127,15.78
20159,Rice County,Kansas,2009,4,45,888,4,83,1152,10047,2511,2511,-5426,-54.01
20177,Shawnee County,Kansas,2009,15,146,1837,31,1294,26093,176786,11785,5702,33668,19.04
20209,Wyandotte County,Kansas,2009,17,129,2287,20,800,16583,156416,9200,7820,24433,15.62
21003,Allen County,Kentucky,2009,6,69,782,4,81,1346,19811,3301,4952,4835,24.41
21009,Barren County,Kentucky,2009,11,81,1064,11,206,2924,42171,3833,3833,8092,19.19
21013,Bell County,Kentucky,2009,9,70,1038,12,289,6046,28667,3185,2388,1049,3.66
21017,Bourbon County,Kentucky,2009,3,23,271,3,105,1705,20027,6675,6675,8509,42.49
21019,Boyd County,Kentucky,2009,9,96,1248,9,599,7414,49362,5484,5484,18943,38.38
21021,Boyle County,Kentucky,2009,10,100,1455,7,184,4072,28297,2829,4042,4444,15.7
21045,Casey County,Kentucky,2009,3,28,639,8,99,1254,15946,5315,1993,-2421,-15.18
21049,Clark County,Kentucky,2009,6,59,809,8,198,4172,35607,5934,4450,6975,19.59
21051,Clay County,Kentucky,2009,5,37,447,3,135,1992,21950,4390,7316,7403,33.73
21067,Fayette County,Kentucky,2009,24,212,2903,50,2260,51612,292514,12188,5850,38510,13.17
21085,Grayson County,Kentucky,2009,7,46,614,6,58,898,25619,3659,4269,2667,10.41
21095,Harlan County,Kentucky,2009,10,60,952,9,308,5466,29534,2953,3281,3280,11.11
21111,Jefferson County,Kentucky,2009,75,774,12514,134,5875,132284,736705,9822,5497,74382,10.1
21123,Larue County,Kentucky,2009,4,42,880,4,74,1092,14172,3543,3543,-2936,-20.72
21125,Laurel County,Kentucky,2009,15,99,1812,13,280,7656,58513,3900,4501,5014,8.57
21155,Marion County,Kentucky,2009,4,25,341,3,138,2670,19769,4942,6589,5370,27.16
21161,Mason County,Kentucky,2009,5,43,680,7,178,4299,17464,3492,2494,-2532,-14.5
21173,Montgomery County,Kentucky,2009,6,52,778,7,159,3726,26407,4401,3772,2014,7.63
21175,Morgan County,Kentucky,2009,5,30,429,5,107,1438,13928,2785,2785,-2065,-14.83
21193,Perry County,Kentucky,2009,8,100,1468,9,247,3811,28713,3589,3190,4851,16.89
21195,Pike County,Kentucky,2009,23,234,3481,20,709,12394,65255,2837,3262,20182,30.93
21199,Pulaski County,Kentucky,2009,16,180,2906,17,479,6911,62711,3919,3688,13599,21.69
21203,Rockcastle County,Kentucky,2009,6,38,418,3,76,1046,17074,2845,5691,3254,19.06
21207,Russell County,Kentucky,2009,5,49,572,4,171,2863,17632,3526,4408,3457,19.61
22001,Acadia Parish,Louisiana,2009,15,106,1487,23,487,7774,61451,4096,2671,10467,17.03
22005,Ascension Parish,Louisiana,2009,14,131,1827,21,706,12561,105172,7512,5008,21572,20.51
22009,Avoyelles Parish,Louisiana,2009,18,112,1715,14,207,3117,42034,2335,3002,8066,19.19
22017,Caddo Parish,Louisiana,2009,37,318,5049,32,1591,30810,253245,6844,7913,45819,18.09
22019,Calcasieu Parish,Louisiana,2009,44,328,4862,31,1211,21915,191080,4342,6163,46808,24.5
22021,Caldwell Parish,Louisiana,2009,3,28,389,7,350,5448,10185,3395,1455,-1700,-16.69
22033,East Baton Rouge Parish,Louisiana,2009,59,533,7888,114,3398,63013,437623,7417,3838,64902,14.83
22039,Evangeline Parish,Louisiana,2009,8,57,749,18,194,2341,34078,4259,1893,1915,5.62
22041,Franklin Parish,Louisiana,2009,5,39,495,5,132,2199,20677,4135,4135,2790,13.49
22045,Iberia Parish,Louisiana,2009,17,156,1920,22,559,11585,73372,4316,3335,15897,21.67
22047,Iberville Parish,Louisiana,2009,7,50,835,12,207,3450,33393,4770,2782,1948,5.83
22051,Jefferson Parish,Louisiana,2009,50,578,9095,104,3995,77984,431921,8638,4153,60946,14.11
22053,Jefferson Davis Parish,Louisiana,2009,7,59,684,9,193,3193,31530,4504,3503,5658,17.94
22055,Lafayette Parish,Louisiana,2009,40,290,4603,57,2058,35323,219466,5486,3850,42241,19.25
22057,Lafourche Parish,Louisiana,2009,20,134,2075,16,832,14835,96080,4804,6005,22596,23.52
22063,Livingston Parish,Louisiana,2009,18,152,2211,17,574,9687,126230,7012,7425,26520,21.01
22067,Morehouse Parish,Louisiana,2009,5,49,589,4,155,3267,28147,5629,7036,9302,33.05
22069,Natchitoches Parish,Louisiana,2009,6,53,674,9,230,3971,39425,6570,4380,9201,23.34
22073,Ouachita Parish,Louisiana,2009,29,270,3753,20,959,16015,153058,5277,7652,40795,26.65
22079,Rapides Parish,Louisiana,2009,30,221,3241,14,642,13081,131095,4369,9363,33971,25.91
22085,Sabine Parish,Louisiana,2009,6,41,634,6,245,4640,24199,4033,4033,2694,11.13
22087,St. Bernard Parish,Louisiana,2009,12,104,1959,10,323,5384,32878,2739,3287,2850,8.67
22089,St. Charles Parish,Louisiana,2009,8,72,938,8,323,5210,52719,6589,6589,15319,29.06
22093,St. James Parish,Louisiana,2009,5,35,581,7,236,3809,22231,4446,3175,1684,7.58
22095,St. John the Baptist Parish,Louisiana,2009,9,100,1380,14,280,4767,46336,5148,3309,8272,17.85
22097,St. Landry Parish,Louisiana,2009,25,160,2372,32,709,11707,83825,3353,2619,17411,20.77
22099,St. Martin Parish,Louisiana,2009,9,54,910,16,371,8295,52025,5780,3251,4515,8.68
22103,St. Tammany Parish,Louisiana,2009,38,333,4813,36,1904,35771,231224,6084,6422,50620,21.89
22105,Tangipahoa Parish,Louisiana,2009,30,289,3750,25,1042,18201,120009,4000,4800,38063,31.72
22109,Terrebonne Parish,Louisiana,2009,24,175,2595,19,926,17053,111689,4653,5878,26922,24.1
22111,Union Parish,Louisiana,2009,8,45,649,7,133,2430,22609,2826,3229,495,2.19
22113,Vermilion Parish,Louisiana,2009,12,80,1145,17,375,6759,57684,4807,3393,8625,14.95
22115,Vernon Parish,Louisiana,2009,8,74,941,6,91,1468,50903,6362,8483,15072,29.61
22117,Washington Parish,Louisiana,2009,12,106,1543,12,353,5796,47262,3938,3938,9839,20.82
22119,Webster Parish,Louisiana,2009,11,85,1087,7,274,3877,41131,3739,5875,12346,30.02
22121,West Baton Rouge Parish,Louisiana,2009,6,49,630,5,226,3914,23352,3892,4670,4884,20.91
23001,Androscoggin County,Maine,2009,15,217,3368,20,967,19190,107830,7188,5391,23099,21.42
23007,Franklin County,Maine,2009,7,34,398,12,392,7290,30779,4397,2564,3432,11.15
23009,Hancock County,Maine,2009,15,162,2727,28,740,15483,54499,3633,1946,4688,8.6
23013,Knox County,Maine,2009,5,68,1284,16,553,11159,39924,7984,2495,6013,15.06
23015,Lincoln County,Maine,2009,5,31,777,13,470,9370,34627,6925,2663,2867,8.28
23017,Oxford County,Maine,2009,12,106,1525,13,335,7150,57923,4826,4455,10188,17.59
23019,Penobscot County,Maine,2009,24,304,4774,32,1775,34123,153770,6407,4805,33426,21.74
23023,Sagadahoc County,Maine,2009,3,44,679,8,380,7063,35567,11855,4445,17169,48.27
23025,Somerset County,Maine,2009,8,63,998,13,370,6606,52104,6513,4008,9104,17.47
24001,Allegany County,Maryland,2009,13,128,2152,17,684,10249,75101,5777,4417,16086,21.42
24003,Anne Arundel County,Maryland,2009,34,368,4865,85,4643,123147,532395,15658,6263,45311,8.51
24005,Baltimore County,Maryland,2009,71,873,12199,128,7812,200618,801808,11293,6264,79674,9.94
24011,Caroline County,Maryland,2009,5,66,722,7,183,2839,33013,6602,4716,10922,33.08
24013,Carroll County,Maryland,2009,8,77,1222,22,1751,38886,167028,20878,7592,44325,26.54
24015,Cecil County,Maryland,2009,11,106,1518,20,731,12937,100816,9165,5040,21770,21.59
24017,Charles County,Maryland,2009,10,102,1773,22,1182,29536,144804,14480,6582,25246,17.43
24021,Frederick County,Maryland,2009,17,114,1747,35,2096,47137,230942,13584,6598,34812,15.07
24023,Garrett County,Maryland,2009,5,41,556,5,133,2274,30145,6029,6029,8205,27.22
24025,Harford County,Maryland,2009,14,195,2541,33,2371,50150,243685,17406,7384,52044,21.36
24031,Montgomery County,Maryland,2009,31,306,3911,204,9817,277344,959013,30935,4701,24145,2.52
24033,Prince George's County,Maryland,2009,62,808,10653,155,6857,172841,856161,13809,5523,74881,8.75
24035,Queen Anne's County,Maryland,2009,4,22,371,10,410,8857,47532,11883,4753,15946,33.55
24510,Baltimore city,Maryland,2009,70,562,9029,200,3629,91308,620509,8864,3102,25299,4.08
25001,Barnstable County,Massachusetts,2009,25,331,8481,65,3297,82164,215994,8639,3322,-7439,-3.44
25007,Dukes County,Massachusetts,2009,5,15,598,12,264,9880,16373,3274,1364,-12569,-76.77
25011,Franklin County,Massachusetts,2009,5,45,706,27,653,14378,71392,14278,2644,16712,23.41
25015,Hampshire County,Massachusetts,2009,12,112,1590,32,2135,49249,157910,13159,4934,29185,18.48
25025,Suffolk County,Massachusetts,2009,50,334,5680,205,6729,144226,716214,14324,3493,42843,5.98
26005,Allegan County,Michigan,2009,16,105,1489,20,798,12620,111252,6953,5562,24025,21.6
26007,Alpena County,Michigan,2009,7,47,633,9,260,4561,29755,4250,3306,3873,13.02
26015,Barry County,Michigan,2009,7,53,604,11,363,5886,59469,8495,5406,16638,27.98
26017,Bay County,Michigan,2009,17,172,2653,20,514,11732,107913,6347,5395,17232,15.97
26021,Berrien County,Michigan,2009,25,199,3076,41,1210,23150,157059,6282,3830,24269,15.45
26023,Branch County,Michigan,2009,9,79,993,3,64,1467,45378,5042,15126,20289,44.71
26025,Calhoun County,Michigan,2009,20,171,2180,25,557,10235,136301,6815,5452,26006,19.08
26027,Cass County,Michigan,2009,9,66,1102,14,249,4279,52362,5818,3740,6586,12.58
26029,Charlevoix County,Michigan,2009,6,48,703,8,181,4127,26068,4344,3258,1328,5.09
26031,Cheboygan County,Michigan,2009,5,20,375,7,174,3664,26330,5266,3761,1760,6.68
26033,Chippewa County,Michigan,2009,5,51,702,13,340,6279,39174,7834,3013,8591,21.93
26035,Clare County,Michigan,2009,9,57,951,11,228,3471,30856,3428,2805,1784,5.78
26045,Eaton County,Michigan,2009,11,87,1278,14,368,7281,107430,9766,7673,22081,20.55
26047,Emmet County,Michigan,2009,5,30,434,18,333,7022,32765,6553,1820,1521,4.64
26049,Genesee County,Michigan,2009,63,452,6253,103,2733,52922,427989,6793,4155,63531,14.84
26051,Gladwin County,Michigan,2009,8,72,1195,4,92,1448,25738,3217,6434,4696,18.25
26053,Gogebic County,Michigan,2009,3,26,325,4,106,1823,16390,5463,4097,3159,19.27
26055,Grand Traverse County,Michigan,2009,10,59,774,22,880,16143,86767,8676,3943,18134,20.9
26057,Gratiot County,Michigan,2009,7,42,570,9,214,3379,42285,6040,4698,8527,20.17
26063,Huron County,Michigan,2009,9,47,651,9,221,3029,33269,3696,3696,5046,15.17
26065,Ingham County,Michigan,2009,24,193,2888,52,1442,25622,280889,11703,5401,37463,13.34
26067,Ionia County,Michigan,2009,9,51,800,10,378,5005,63858,7095,6385,15849,24.82
26069,Iosco County,Michigan,2009,8,64,705,8,238,3737,26174,3271,3271,5320,20.33
26073,Isabella County,Michigan,2009,7,70,1270,8,284,5600,70026,10003,8753,18763,26.79
26075,Jackson County,Michigan,2009,17,162,2364,24,790,13642,160114,9418,6671,30079,18.79
26077,Kalamazoo County,Michigan,2009,23,196,3044,45,1342,23567,249023,10827,5533,35364,14.2
26079,Kalkaska County,Michigan,2009,4,27,750,6,174,3290,17223,4305,2870,-3420,-19.86
26081,Kent County,Michigan,2009,60,545,7976,123,3222,71141,601437,10023,4889,57866,9.62
26087,Lapeer County,Michigan,2009,9,85,1208,12,364,7223,88774,9863,7397,21207,23.89
26091,Lenawee County,Michigan,2009,10,116,1862,19,676,9269,100250,10025,5276,23942,23.88
26093,Livingston County,Michigan,2009,8,58,826,24,1015,22904,181082,22635,7545,43799,24.19
26099,Macomb County,Michigan,2009,79,696,8747,150,4567,101063,839435,10625,5596,91917,10.95
26101,Manistee County,Michigan,2009,5,34,444,11,200,3831,24818,4963,2256,809,3.26
26103,Marquette County,Michigan,2009,8,78,1317,15,482,7520,66765,8345,4451,14393,21.56
26105,Mason County,Michigan,2009,6,45,467,6,97,1363,28656,4776,4776,6367,22.22
26115,Monroe County,Michigan,2009,8,76,969,22,681,13825,152296,19037,6922,38256,25.12
26117,Montcalm County,Michigan,2009,18,102,1542,15,322,6032,63496,3527,4233,11512,18.13
26121,Muskegon County,Michigan,2009,21,174,2860,26,604,10363,172755,8226,6644,26057,15.08
26123,Newaygo County,Michigan,2009,11,76,1245,8,256,4281,48649,4422,6081,9855,20.26
26125,Oakland County,Michigan,2009,102,859,11323,267,8972,199354,1200890,11773,4497,104448,8.7
26127,Oceana County,Michigan,2009,5,45,810,9,185,2997,26779,5355,2975,1794,6.7
26133,Osceola County,Michigan,2009,9,47,847,8,137,2437,23522,2613,2940,-1050,-4.46
26137,Otsego County,Michigan,2009,5,52,720,5,143,2468,24190,4838,4838,5047,20.86
26139,Ottawa County,Michigan,2009,17,104,1436,37,1063,19320,262879,15463,7104,39619,15.07
26143,Roscommon County,Michigan,2009,5,22,398,6,131,2184,24499,4899,4083,2056,8.39
26145,Saginaw County,Michigan,2009,33,171,2933,46,1130,21476,200835,6085,4365,25557,12.73
26147,St. Clair County,Michigan,2009,22,153,2085,28,598,12354,164011,7455,5857,25340,15.45
26149,St. Joseph County,Michigan,2009,13,99,1510,16,271,4811,61417,4724,3838,8947,14.57
26151,Sanilac County,Michigan,2009,11,71,891,10,293,4716,43319,3938,4331,9530,22.0
26159,Van Buren County,Michigan,2009,14,89,1295,17,483,7878,76581,5470,4504,14568,19.02
26161,Washtenaw County,Michigan,2009,19,182,2475,61,2604,57406,343520,18080,5631,45610,13.28
26163,Wayne County,Michigan,2009,220,1506,20497,464,8557,174890,1837536,8352,3960,174981,9.52
26165,Wexford County,Michigan,2009,7,41,622,8,137,2849,32658,4665,4082,3245,9.94
27003,Anoka County,Minnesota,2009,15,338,6004,34,1772,43790,329635,21975,9695,46629,14.15
27007,Beltrami County,Minnesota,2009,6,105,1802,7,367,5887,44226,7371,6318,13484,30.49
27015,Brown County,Minnesota,2009,6,35,422,6,460,7909,25890,4315,4315,6994,27.01
27017,Carlton County,Minnesota,2009,4,36,356,5,193,3820,35269,8817,7053,15067,42.72
27019,Carver County,Minnesota,2009,4,25,311,8,710,14764,90242,22560,11280,47587,52.73
27025,Chisago County,Minnesota,2009,3,9,157,6,357,5600,53526,17842,8921,33916,63.36
27033,Cottonwood County,Minnesota,2009,6,66,932,6,174,1922,11632,1938,1938,-1347,-11.58
27041,Douglas County,Minnesota,2009,8,197,3472,6,289,4571,36076,4509,6012,8654,23.99
27049,Goodhue County,Minnesota,2009,6,35,487,10,293,4790,46035,7672,4603,10957,23.8
27053,Hennepin County,Minnesota,2009,65,787,11797,221,9006,222492,1146721,17641,5188,61626,5.37
27057,Hubbard County,Minnesota,2009,5,63,939,4,219,3529,20389,4077,5097,4885,23.96
27067,Kandiyohi County,Minnesota,2009,5,59,776,8,384,7716,42058,8411,5257,13724,32.63
27109,Olmsted County,Minnesota,2009,9,247,4412,26,1368,23077,143521,15946,5520,36920,25.72
27111,Otter Tail County,Minnesota,2009,12,233,4779,11,487,7265,57333,4777,5212,7037,12.27
27119,Polk County,Minnesota,2009,5,45,748,7,290,5172,31423,6284,4489,6916,22.01
27135,Roseau County,Minnesota,2009,5,77,1002,5,59,725,15836,3167,3167,1096,6.92
27137,St. Louis County,Minnesota,2009,18,267,4268,36,1718,34058,200198,11122,5561,34801,17.38
27153,Todd County,Minnesota,2009,5,46,595,9,193,2821,24839,4967,2759,3294,13.26
27159,Wadena County,Minnesota,2009,3,29,505,5,130,1526,13825,4608,2765,-329,-2.38
27163,Washington County,Minnesota,2009,11,276,4839,21,1604,41057,235684,21425,11223,45819,19.44
27171,Wright County,Minnesota,2009,6,51,554,11,873,17010,123320,20553,11210,48537,39.36
28011,Bolivar County,Mississippi,2009,9,65,851,11,184,3773,34450,3827,3131,3638,10.56
28023,Clarke County,Mississippi,2009,7,49,747,4,101,1704,16671,2381,4167,194,1.16
28025,Clay County,Mississippi,2009,4,45,550,6,130,1937,20804,5201,3467,3904,18.77
28031,Covington County,Mississippi,2009,8,61,934,5,101,1498,19516,2439,3903,1070,5.48
28033,DeSoto County,Mississippi,2009,24,264,3418,18,874,19317,159706,6654,8872,37794,23.66
28035,Forrest County,Mississippi,2009,24,268,3881,13,382,5402,74863,3119,5758,26064,34.82
28047,Harrison County,Mississippi,2009,37,408,6307,20,814,15641,184930,4998,9246,44370,23.99
28049,Hinds County,Mississippi,2009,49,500,6858,36,1815,30519,244474,4989,6790,69454,28.41
28051,Holmes County,Mississippi,2009,7,64,828,6,73,1174,19461,2780,3243,1056,5.43
28051,Winston County,Mississippi,2009,7,64,828,6,73,1174,19211,2744,3201,942,4.9
28059,Jackson County,Mississippi,2009,30,268,4241,24,789,12461,139176,4639,5799,31631,22.73
28061,Jasper County,Mississippi,2009,7,54,671,3,68,1025,17344,2477,5781,3563,20.54
28067,Jones County,Mississippi,2009,21,218,2932,11,344,5953,67443,3211,6131,23506,34.85
28073,Lamar County,Mississippi,2009,12,108,1134,10,323,5119,54197,4516,5419,16886,31.16
28075,Lauderdale County,Mississippi,2009,18,217,3410,15,456,8141,80275,4459,5351,18166,22.63
28083,Leflore County,Mississippi,2009,10,108,1406,10,228,3220,32508,3250,3250,7497,23.06
28087,Lowndes County,Mississippi,2009,17,162,2024,11,401,6388,59663,3509,5423,20282,33.99
28089,Madison County,Mississippi,2009,14,156,1944,13,776,14505,94071,6719,7236,27360,29.08
28091,Marion County,Mississippi,2009,9,92,981,5,149,2229,26979,2997,5395,9722,36.04
28095,Monroe County,Mississippi,2009,13,114,1374,9,172,2243,37258,2866,4139,10988,29.49
28101,Newton County,Mississippi,2009,7,57,753,5,127,2210,21790,3112,4358,3043,13.97
28101,Jefferson County,Oregon,2009,7,57,753,5,127,2210,21730,3104,4346,3015,13.87
28101,Lincoln County,West Virginia,2009,7,57,753,5,127,2210,21794,3113,4358,3045,13.97
28107,Panola County,Mississippi,2009,9,83,1033,4,196,3857,34768,3863,8692,12705,36.54
28109,Pearl River County,Mississippi,2009,13,153,2374,8,299,5506,56085,4314,7010,14622,26.07
28113,Pike County,Mississippi,2009,12,98,1396,9,247,4641,40332,3361,4481,8322,20.63
28121,Rankin County,Mississippi,2009,24,270,3413,12,814,15792,140634,5859,11719,43587,30.99
28133,Sunflower County,Mississippi,2009,7,59,779,9,137,2347,29574,4224,3286,3360,11.36
28147,Walthall County,Mississippi,2009,3,23,355,3,84,1336,15505,5168,5168,3034,19.57
28149,Warren County,Mississippi,2009,10,113,1450,5,217,5122,48548,4854,9709,16724,34.45
28151,Washington County,Mississippi,2009,18,154,2425,11,324,6782,51565,2864,4687,11641,22.58
29019,Boone County,Missouri,2009,12,115,1498,26,1371,24254,160565,13380,6175,38154,23.76
29021,Buchanan County,Missouri,2009,11,90,1246,14,730,13135,89233,8112,6373,22176,24.85
29027,Callaway County,Missouri,2009,7,49,676,5,192,3272,44041,6291,8808,13917,31.6
29047,Clay County,Missouri,2009,17,152,1943,32,1996,39476,219669,12921,6864,44017,20.04
29051,Cole County,Missouri,2009,8,62,865,11,837,14719,75408,9426,6855,23837,31.61
29071,Franklin County,Missouri,2009,14,117,1334,18,446,8623,101422,7244,5634,21505,21.2
29077,Greene County,Missouri,2009,32,265,3785,36,1672,28702,274013,8562,7611,50880,18.57
29089,Howard County,Missouri,2009,3,27,291,3,55,680,10172,3390,3390,-1191,-11.71
29095,Jackson County,Missouri,2009,74,1001,16834,98,5656,110273,670763,9064,6844,97675,14.56
29097,Jasper County,Missouri,2009,21,183,2485,11,298,5612,116448,5545,10586,29976,25.74
29099,Jefferson County,Missouri,2009,15,145,1783,26,1116,24688,217764,14517,8375,40055,18.39
29107,Lafayette County,Missouri,2009,5,30,436,7,233,3759,33246,6649,4749,8113,24.4
29109,Lawrence County,Missouri,2009,7,43,607,8,227,3680,38652,5521,4831,7770,20.1
29127,Marion County,Missouri,2009,9,83,1303,7,225,3893,28720,3191,4102,4290,14.94
29143,New Madrid County,Missouri,2009,5,51,632,6,98,1293,18896,3779,3149,1561,8.26
29155,Pemiscot County,Missouri,2009,5,22,439,7,149,2047,18378,3675,2625,-1862,-10.13
29159,Pettis County,Missouri,2009,7,77,915,9,201,4078,41907,5986,4656,9997,23.86
29161,Phelps County,Missouri,2009,6,40,688,8,239,3445,44540,7423,5567,10858,24.38
29165,Platte County,Missouri,2009,5,30,397,12,873,16689,88219,17643,7351,36074,40.89
29169,Pulaski County,Missouri,2009,8,45,653,6,207,2975,50630,6328,8438,14391,28.42
29175,Randolph County,Missouri,2009,5,39,523,3,82,1418,25364,5072,8454,8694,34.28
29183,St. Charles County,Missouri,2009,19,231,3566,40,2490,59063,356902,18784,8922,49426,13.85
29186,Ste. Genevieve County,Missouri,2009,3,41,580,3,105,1764,18156,6052,6052,6770,37.29
29187,St. Francois County,Missouri,2009,10,105,1134,10,327,5396,64864,6486,6486,19655,30.3
29189,St. Louis County,Missouri,2009,78,806,10738,182,9758,232657,998618,12802,5486,95656,9.58
29213,Taney County,Missouri,2009,11,234,1693,13,605,10482,50794,4617,3907,32001,63.0
29229,Wright County,Missouri,2009,7,39,562,6,213,3012,18633,2661,3105,891,4.78
30029,Flathead County,Montana,2009,7,82,1253,14,819,19832,90910,12987,6493,23221,25.54
30031,Gallatin County,Montana,2009,3,39,518,19,932,20939,89187,29729,4694,51892,58.18
31001,Adams County,Nebraska,2009,5,55,627,8,319,4911,31280,6256,3910,9798,31.32
31013,Box Butte County,Nebraska,2009,4,52,894,4,138,1936,11347,2836,2836,-2649,-23.35
31017,Brown County,Nebraska,2009,4,53,928,3,62,640,3115,778,1038,-9194,-295.15
31025,Cass County,Nebraska,2009,4,63,1215,6,93,1388,25122,6280,4187,3317,13.2
31031,Cherry County,Nebraska,2009,4,46,991,3,154,1862,5683,1420,1894,-7514,-132.22
31039,Cuming County,Nebraska,2009,4,58,1095,4,80,1364,9132,2283,2283,-6121,-67.03
31047,Dawson County,Nebraska,2009,7,58,990,5,123,1786,24212,3458,4842,2567,10.6
31053,Dodge County,Nebraska,2009,5,47,661,7,386,6155,36604,7320,5229,12450,34.01
31055,Douglas County,Nebraska,2009,33,343,4379,86,6444,113175,511902,15512,5952,102503,20.02
31059,Fillmore County,Nebraska,2009,3,23,224,6,57,636,5898,1966,983,-7203,-122.13
31067,Gage County,Nebraska,2009,6,50,843,4,100,1250,22364,3727,5591,3251,14.54
31089,Holt County,Nebraska,2009,5,95,1442,9,171,2358,10406,2081,1156,-3750,-36.04
31109,Lancaster County,Nebraska,2009,14,138,1710,38,3193,48477,283097,20221,7449,78350,27.68
31111,Lincoln County,Nebraska,2009,7,105,1491,7,228,2590,36280,5182,5182,11100,30.6
31119,Madison County,Nebraska,2009,5,68,1021,7,515,8473,34609,6921,4944,12757,36.86
31131,Otoe County,Nebraska,2009,5,58,1045,4,33,595,15608,3121,3902,-2089,-13.38
31141,Platte County,Nebraska,2009,5,72,900,6,447,7138,32017,6403,5336,13627,42.56
31153,Sarpy County,Nebraska,2009,10,71,1027,14,1012,16643,156147,15614,11153,44115,28.25
31155,Saunders County,Nebraska,2009,5,73,837,6,119,1630,20515,4103,3419,4494,21.91
31161,Sheridan County,Nebraska,2009,4,36,535,5,131,1062,5498,1374,1099,-6300,-114.59
31179,Wayne County,Nebraska,2009,3,65,1082,4,69,951,9552,3184,2388,-3613,-37.82
32031,Washoe County,Nevada,2009,20,269,3331,65,3325,92905,417722,20886,6426,42359,10.14
33003,Carroll County,New Hampshire,2009,11,80,1332,17,671,14859,47763,4342,2809,4533,9.49
33005,Cheshire County,New Hampshire,2009,4,48,787,21,1315,23191,77302,19325,3681,37479,48.48
33007,Coos County,New Hampshire,2009,7,62,904,13,379,5433,33224,4746,2555,5427,16.33
33009,Grafton County,New Hampshire,2009,13,116,1824,32,1504,31537,88926,6840,2778,14407,16.2
34001,Atlantic County,New Jersey,2009,33,227,3593,84,2372,59217,274049,8304,3262,17877,6.52
34003,Bergen County,New Jersey,2009,55,290,5251,249,11038,280486,900319,16369,3615,15970,1.77
34007,Camden County,New Jersey,2009,46,392,5536,143,4614,97611,513668,11166,3592,50346,9.8
34011,Cumberland County,New Jersey,2009,14,134,1788,40,1121,25074,156531,11180,3913,22297,14.24
34013,Essex County,New Jersey,2009,68,431,8246,328,5742,149664,781943,11499,2383,-21645,-2.77
34015,Gloucester County,New Jersey,2009,24,222,2912,49,2591,53162,287362,11973,5864,47316,16.47
34017,Hudson County,New Jersey,2009,65,355,5429,247,3850,96451,628572,9670,2544,8985,1.43
34019,Hunterdon County,New Jersey,2009,3,23,244,22,1386,30737,128364,42788,5834,80638,62.82
34021,Mercer County,New Jersey,2009,35,300,3837,116,3870,87988,365388,10439,3149,36620,10.02
34023,Middlesex County,New Jersey,2009,57,471,6191,222,6303,148768,805204,14126,3627,45530,5.65
34025,Monmouth County,New Jersey,2009,32,270,3665,159,7212,170108,628669,19645,3953,46749,7.44
34027,Morris County,New Jersey,2009,19,172,2487,99,5512,142544,490779,25830,4957,41948,8.55
34029,Ocean County,New Jersey,2009,40,355,5130,105,5394,130788,573123,14328,5458,49354,8.61
34033,Salem County,New Jersey,2009,8,52,755,15,613,12615,66183,8272,4412,13418,20.27
34035,Somerset County,New Jersey,2009,18,89,1139,65,3983,92885,321564,17864,4947,41076,12.77
34037,Sussex County,New Jersey,2009,8,74,924,27,1723,38567,149487,18685,5536,38303,25.62
34039,Union County,New Jersey,2009,37,378,6397,148,4489,108686,532434,14390,3597,23877,4.48
34041,Warren County,New Jersey,2009,6,76,934,29,1379,32134,108693,18115,3748,30654,28.2
35001,Bernalillo County,New Mexico,2009,51,576,8539,77,4396,101477,655279,12848,8510,73700,11.25
35005,Chaves County,New Mexico,2009,9,75,1128,7,365,7439,65110,7234,9301,18064,27.74
35006,Cibola County,New Mexico,2009,4,30,415,3,126,2335,27097,6774,9032,11647,42.98
35007,Colfax County,New Mexico,2009,3,15,410,4,114,2397,13731,4577,3432,-2216,-16.14
35009,Curry County,New Mexico,2009,8,77,1088,3,182,3404,46555,5819,15518,21512,46.21
35013,Doa Ana County,New Mexico,2009,21,167,2266,24,702,14448,205401,9781,8558,34365,16.73
35025,Lea County,New Mexico,2009,10,103,1454,7,393,8611,64483,6448,9211,18459,28.63
35031,McKinley County,New Mexico,2009,13,153,2766,13,500,10767,70567,5428,5428,10576,14.99
35049,Santa Fe County,New Mexico,2009,8,109,1982,21,1576,38187,143205,17900,6819,32276,22.54
35057,Torrance County,New Mexico,2009,4,29,547,5,65,1146,16414,4103,3282,-1788,-10.89
35061,Valencia County,New Mexico,2009,9,70,1003,11,326,7309,75770,8418,6888,16332,21.55
36005,Bronx County,New York,2009,200,967,15753,971,5608,108429,1376261,6881,1417,-40507,-2.94
36009,Cattaraugus County,New York,2009,16,113,1473,21,722,11013,80491,5030,3832,19202,23.86
36011,Cayuga County,New York,2009,6,64,877,14,664,11173,80172,13362,5726,27305,34.06
36013,Chautauqua County,New York,2009,24,200,2854,34,1163,21130,135197,5633,3976,27106,20.05
36015,Chemung County,New York,2009,15,133,1772,11,745,13130,88849,5923,8077,26219,29.51
36017,Chenango County,New York,2009,10,69,944,11,345,6313,50639,5063,4603,9999,19.75
36021,Columbia County,New York,2009,9,108,1677,23,683,13649,63023,7002,2740,9663,15.33
36023,Cortland County,New York,2009,7,65,816,12,484,9167,49358,7051,4113,12249,24.82
36025,Delaware County,New York,2009,10,47,707,13,438,8059,48182,4818,3706,7348,15.25
36027,Dutchess County,New York,2009,24,237,3385,99,3159,70669,296887,12370,2998,27991,9.43
36029,Erie County,New York,2009,114,1071,14936,234,10983,179150,919334,8064,3928,191647,20.85
36031,Essex County,New York,2009,9,58,659,21,357,6591,39478,4386,1879,3270,8.28
36033,Franklin County,New York,2009,8,65,934,14,276,6397,51706,6463,3693,7000,13.54
36037,Genesee County,New York,2009,5,47,600,9,350,6508,59932,11986,6659,21904,36.55
36043,Herkimer County,New York,2009,9,73,1006,14,307,5384,64381,7153,4598,12594,19.56
36045,Jefferson County,New York,2009,19,138,1923,26,674,14295,115023,6053,4423,18367,15.97
36047,Kings County,New York,2009,341,1730,30163,1804,11384,235151,2487751,7295,1379,-124893,-5.02
36053,Madison County,New York,2009,10,92,1291,16,549,10846,73169,7316,4573,14792,20.22
36055,Monroe County,New York,2009,61,642,9235,177,11799,183397,743386,12186,4199,171922,23.13
36059,Nassau County,New York,2009,83,698,9804,567,12411,309750,1332088,16049,2349,-14338,-1.08
36061,New York County,New York,2009,133,1019,24382,1230,16381,402504,1583431,11905,1287,-224497,-14.18
36063,Niagara County,New York,2009,29,289,3974,32,1800,30527,216043,7449,6751,50387,23.32
36065,Oneida County,New York,2009,33,314,3905,57,1750,32490,234619,7109,4116,45003,19.18
36067,Onondaga County,New York,2009,46,410,5791,118,6652,108277,465633,10122,3946,100297,21.54
36069,Ontario County,New York,2009,12,116,1626,19,1351,22716,107214,8934,5642,30602,28.54
36075,Oswego County,New York,2009,14,123,1485,24,868,14412,122055,8718,5085,27544,22.57
36079,Putnam County,New York,2009,3,40,378,35,903,19006,99666,33222,2847,55350,55.54
36081,Queens County,New York,2009,246,1373,27109,1261,10992,237388,2217166,9012,1758,-95647,-4.31
36085,Richmond County,New York,2009,27,228,3250,194,3755,83536,466965,17295,2407,17296,3.7
36087,Rockland County,New York,2009,18,126,1850,96,2207,58576,308652,17147,3215,15727,5.1
36089,St. Lawrence County,New York,2009,19,160,2040,30,770,15012,112169,5903,3738,20770,18.52
36093,Schenectady County,New York,2009,17,183,2933,31,1665,31175,154050,9061,4969,30237,19.63
36101,Steuben County,New York,2009,15,99,1257,22,1000,17059,98949,6596,4497,23040,23.28
36103,Suffolk County,New York,2009,77,737,9876,508,14377,351535,1487206,19314,2927,20826,1.4
36105,Sullivan County,New York,2009,15,96,1398,29,706,13206,77647,5176,2677,10669,13.74
36107,Tioga County,New York,2009,8,139,1258,12,344,6133,51236,6404,4269,19384,37.83
36109,Tompkins County,New York,2009,4,44,674,18,1337,23283,101497,25374,5638,53191,52.41
36111,Ulster County,New York,2009,14,143,2162,48,1876,39143,182638,13045,3804,28225,15.45
36117,Wayne County,New York,2009,17,118,1600,15,772,13169,93643,5508,6242,23827,25.44
36119,Westchester County,New York,2009,48,260,4086,431,9478,231656,944201,19670,2190,-20529,-2.17
36121,Wyoming County,New York,2009,8,72,1430,9,376,6340,42236,5279,4692,6409,15.17
37001,Alamance County,North Carolina,2009,22,209,2771,23,946,14659,149954,6816,6519,36211,24.15
37003,Alexander County,North Carolina,2009,5,40,494,4,154,2125,37053,7410,9263,15576,42.04
37013,Beaufort County,North Carolina,2009,9,72,932,10,394,6211,47485,5276,4748,12077,25.43
37017,Bladen County,North Carolina,2009,10,69,896,8,168,2647,34852,3485,4356,6713,19.26
37019,Brunswick County,North Carolina,2009,19,131,2047,22,917,14087,105777,5567,4808,23342,22.07
37021,Buncombe County,North Carolina,2009,25,258,3537,49,2971,51519,236349,9453,4823,54240,22.95
37025,Cabarrus County,North Carolina,2009,21,174,2342,28,1066,17530,175993,8380,6285,35443,20.14
37027,Caldwell County,North Carolina,2009,14,132,1721,15,521,7814,82798,5914,5519,21354,25.79
37031,Carteret County,North Carolina,2009,12,127,1525,14,666,10098,65670,5472,4690,20903,31.83
37035,Catawba County,North Carolina,2009,28,265,3245,25,1018,14918,154610,5521,6184,44135,28.55
37037,Chatham County,North Carolina,2009,15,103,1320,14,509,7719,62693,4179,4478,16491,26.3
37039,Cherokee County,North Carolina,2009,7,57,656,6,223,3489,27378,3911,4563,6766,24.71
37047,Columbus County,North Carolina,2009,18,131,1924,12,388,6018,58163,3231,4846,15474,26.6
37049,Craven County,North Carolina,2009,19,133,1900,18,596,9326,101923,5364,5662,22601,22.17
37051,Cumberland County,North Carolina,2009,48,574,7133,46,1493,25386,317252,6609,6896,75527,23.81
37053,Currituck County,North Carolina,2009,4,31,360,9,218,5920,23335,5833,2592,1288,5.52
37055,Dare County,North Carolina,2009,14,110,1530,17,513,13492,33679,2405,1981,2461,7.31
37057,Davidson County,North Carolina,2009,28,274,3317,32,863,14149,162406,5800,5075,39143,24.1
37061,Duplin County,North Carolina,2009,18,106,1550,13,414,6709,57434,3190,4418,13950,24.29
37065,Edgecombe County,North Carolina,2009,11,103,1254,11,264,4386,56237,5112,5112,13953,24.81
37067,Forsyth County,North Carolina,2009,46,552,7075,65,2643,42337,348532,7576,5362,80290,23.04
37069,Franklin County,North Carolina,2009,10,76,939,9,348,5725,59959,5995,6662,16323,27.22
37071,Gaston County,North Carolina,2009,36,291,4035,30,1213,19998,205884,5719,6862,47540,23.09
37081,Guilford County,North Carolina,2009,56,598,7259,94,3503,57673,484180,8646,5150,96192,19.87
37083,Halifax County,North Carolina,2009,19,180,2019,22,400,5856,55033,2896,2501,18302,33.26
37091,Hertford County,North Carolina,2009,11,85,1181,7,252,3605,24580,2234,3511,5804,23.61
37093,Hoke County,North Carolina,2009,5,38,534,7,158,2653,45406,9081,6486,14233,31.35
37097,Iredell County,North Carolina,2009,24,219,2888,30,1230,19689,158387,6599,5279,37484,23.67
37101,Johnston County,North Carolina,2009,25,230,2960,34,1059,17706,166478,6659,4896,35477,21.31
37105,Lee County,North Carolina,2009,12,102,1405,16,451,6763,57359,4779,3584,12364,21.56
37107,Lenoir County,North Carolina,2009,18,128,1744,17,539,9020,59421,3301,3495,15133,25.47
37109,Lincoln County,North Carolina,2009,14,112,1631,12,482,7976,77573,5540,6464,18644,24.03
37111,McDowell County,North Carolina,2009,9,82,943,9,354,5375,44865,4985,4985,13305,29.66
37119,Mecklenburg County,North Carolina,2009,70,719,10174,187,8764,148816,908704,12981,4859,135485,14.91
37127,Nash County,North Carolina,2009,22,191,2783,21,740,11857,95492,4340,4547,23981,25.11
37129,New Hanover County,North Carolina,2009,24,309,4647,41,1957,30512,200178,8340,4882,45468,22.71
37131,Northampton County,North Carolina,2009,7,43,487,5,112,1407,22102,3157,4420,3677,16.64
37135,Orange County,North Carolina,2009,10,82,1131,21,1378,23677,132369,13236,6303,36374,27.48
37137,Pamlico County,North Carolina,2009,4,19,278,4,111,1848,13136,3284,3284,-1847,-14.06
37145,Person County,North Carolina,2009,8,83,978,6,209,3110,39335,4916,6555,12948,32.92
37147,Pitt County,North Carolina,2009,34,272,3364,29,1125,19147,165581,4870,5709,44760,27.03
37151,Randolph County,North Carolina,2009,20,167,2365,22,632,9909,141175,7058,6417,28281,20.03
37153,Richmond County,North Carolina,2009,11,103,1298,11,311,3911,46537,4230,4230,12655,27.19
37155,Robeson County,North Carolina,2009,29,316,3639,27,845,12179,132984,4585,4925,44196,33.23
37157,Rockingham County,North Carolina,2009,20,185,2227,16,435,6197,93547,4677,5846,27149,29.02
37159,Rowan County,North Carolina,2009,26,223,3265,19,783,13087,138562,5329,7292,33257,24.0
37163,Sampson County,North Carolina,2009,15,169,2704,12,438,6957,63127,4208,5260,15142,23.99
37165,Scotland County,North Carolina,2009,13,97,1331,8,190,2899,36313,2793,4539,8920,24.56
37169,Stokes County,North Carolina,2009,7,61,680,9,290,4135,47422,6774,5269,14007,29.54
37171,Surry County,North Carolina,2009,18,200,2839,17,526,8084,73505,4083,4323,20135,27.39
37173,Swain County,North Carolina,2009,6,37,523,4,120,1998,13933,2322,3483,-1140,-8.18
37179,Union County,North Carolina,2009,18,195,2495,28,1199,19686,198533,11029,7090,42708,21.51
37181,Vance County,North Carolina,2009,11,149,1929,8,297,4769,45223,4111,5652,15312,33.86
37183,Wake County,North Carolina,2009,61,706,9016,167,8160,141115,883624,14485,5291,136832,15.49
37189,Watauga County,North Carolina,2009,11,200,2791,10,540,7938,50706,4609,5070,19243,37.95
37191,Wayne County,North Carolina,2009,24,233,3243,19,622,10345,121217,5050,6379,30455,25.12
37193,Wilkes County,North Carolina,2009,10,96,1329,15,420,5431,69258,6925,4617,16570,23.93
37195,Wilson County,North Carolina,2009,18,162,1859,18,491,7746,80664,4481,4481,22766,28.22
37197,Yadkin County,North Carolina,2009,7,48,675,9,217,3215,38293,5470,4254,7233,18.89
38015,Burleigh County,North Dakota,2009,7,105,1450,7,690,10721,80122,11446,11446,34604,43.19
38059,Morton County,North Dakota,2009,3,13,142,6,183,2662,27043,9014,4507,10881,40.24
38099,Walsh County,North Dakota,2009,4,45,587,7,153,1933,11195,2798,1599,-2744,-24.51
39001,Adams County,Ohio,2009,9,57,880,5,105,1545,28500,3166,5700,4995,17.53
39003,Allen County,Ohio,2009,23,373,5033,14,544,9968,106518,4631,7608,36650,34.41
39005,Ashland County,Ohio,2009,8,49,659,10,391,6293,53305,6663,5330,13145,24.66
39007,Ashtabula County,Ohio,2009,25,150,2214,19,508,9470,101584,4063,5346,21598,21.26
39009,Athens County,Ohio,2009,12,89,1511,12,388,8519,64618,5384,5384,9882,15.29
39015,Brown County,Ohio,2009,12,102,1488,7,310,6180,44740,3728,6391,11492,25.69
39017,Butler County,Ohio,2009,34,264,4073,54,2764,55647,366633,10783,6789,51068,13.93
39019,Carroll County,Ohio,2009,6,82,1150,4,106,1490,28917,4819,7229,9512,32.89
39021,Champaign County,Ohio,2009,6,55,629,8,239,3932,40265,6710,5033,11417,28.35
39023,Clark County,Ohio,2009,17,152,2167,23,840,16542,138778,8163,6033,25770,18.57
39027,Clinton County,Ohio,2009,10,73,1132,10,463,8717,42418,4241,4241,8009,18.88
39029,Columbiana County,Ohio,2009,17,145,2039,19,602,9248,107948,6349,5681,23719,21.97
39033,Crawford County,Ohio,2009,8,53,776,8,182,3580,43921,5490,5490,8168,18.6
39035,Cuyahoga County,Ohio,2009,131,1050,15942,317,9807,191062,1285082,9809,4053,130380,10.15
39037,Darke County,Ohio,2009,6,57,682,8,355,6463,52829,8804,6603,17629,33.37
39039,Defiance County,Ohio,2009,6,64,779,5,181,4396,39060,6510,7812,12699,32.51
39043,Erie County,Ohio,2009,11,111,1822,12,303,6574,77085,7007,6423,13861,17.98
39047,Fayette County,Ohio,2009,4,31,390,9,180,4384,28929,7232,3214,4948,17.1
39049,Franklin County,Ohio,2009,111,1489,23517,237,9251,196953,1155408,10409,4875,121299,10.5
39057,Greene County,Ohio,2009,19,174,2067,23,1027,23828,161075,8477,7003,31235,19.39
39059,Guernsey County,Ohio,2009,9,80,1140,11,241,4129,40242,4471,3658,6510,16.18
39061,Hamilton County,Ohio,2009,84,810,10934,160,7534,158025,802149,9549,5013,112731,14.05
39063,Hancock County,Ohio,2009,6,57,830,11,356,7547,74964,12494,6814,22033,29.39
39071,Highland County,Ohio,2009,7,49,847,6,239,4687,43578,6225,7263,10289,23.61
39075,Holmes County,Ohio,2009,6,28,346,9,241,3157,42275,7045,4697,10406,24.62
39077,Huron County,Ohio,2009,13,112,1348,15,350,4559,59754,4596,3983,15090,25.25
39079,Jackson County,Ohio,2009,7,61,863,9,238,4538,33115,4730,3679,4875,14.72
39081,Jefferson County,Ohio,2009,13,116,1776,22,545,10159,69833,5371,3174,10442,14.95
39083,Knox County,Ohio,2009,11,90,1262,12,352,6655,60633,5512,5052,12317,20.31
39085,Lake County,Ohio,2009,24,242,3282,38,1874,36465,229954,9581,6051,42953,18.68
39087,Lawrence County,Ohio,2009,9,70,875,11,403,5711,62667,6963,5697,17060,27.22
39089,Licking County,Ohio,2009,18,154,2571,24,1098,24579,165283,9182,6886,24805,15.01
39091,Logan County,Ohio,2009,8,84,1220,15,286,5038,46055,5756,3070,6887,14.95
39093,Lorain County,Ohio,2009,37,336,4343,53,1978,38011,300893,8132,5677,53145,17.66
39099,Mahoning County,Ohio,2009,37,315,4231,55,1880,31299,240050,6487,4364,49619,20.67
39103,Medina County,Ohio,2009,13,129,1578,21,1688,29789,171688,13206,8175,46537,27.11
39107,Mercer County,Ohio,2009,5,49,640,7,209,3452,40855,8171,5836,13202,32.31
39109,Miami County,Ohio,2009,14,98,1461,10,445,10090,102526,7323,10252,22637,22.08
39113,Montgomery County,Ohio,2009,71,620,9355,80,3477,80002,535294,7539,6691,72783,13.6
39119,Muskingum County,Ohio,2009,13,111,1575,15,549,9821,85779,6598,5718,18732,21.84
39129,Pickaway County,Ohio,2009,8,72,955,9,297,6163,55323,6915,6147,13455,24.32
39133,Portage County,Ohio,2009,17,138,1677,20,868,18028,161226,9483,8061,32606,20.22
39137,Putnam County,Ohio,2009,6,41,479,7,175,1803,34583,5763,4940,9137,26.42
39139,Richland County,Ohio,2009,17,168,2569,23,786,16586,125308,7371,5448,21121,16.86
39141,Ross County,Ohio,2009,14,122,1731,14,490,8717,77862,5561,5561,17476,22.44
39143,Sandusky County,Ohio,2009,10,95,1241,11,422,7840,61039,6103,5549,15194,24.89
39145,Scioto County,Ohio,2009,16,131,2036,13,431,9679,79241,4952,6095,14817,18.7
39151,Stark County,Ohio,2009,47,415,5706,64,3041,60672,376210,8004,5878,64842,17.24
39153,Summit County,Ohio,2009,58,560,7894,87,5199,103636,542135,9347,6231,89955,16.59
39155,Trumbull County,Ohio,2009,41,368,5181,43,1627,27509,211290,5153,4913,50994,24.13
39157,Tuscarawas County,Ohio,2009,18,152,2260,13,767,12447,92584,5143,7121,25552,27.6
39167,Washington County,Ohio,2009,12,83,1498,15,569,9806,61968,5164,4131,10118,16.33
39169,Wayne County,Ohio,2009,16,157,1755,24,876,12640,114588,7161,4774,30861,26.93
39173,Wood County,Ohio,2009,20,350,4752,21,683,15137,125384,6269,5970,31383,25.03
40019,Carter County,Oklahoma,2009,16,127,2036,8,188,3144,47421,2963,5927,11315,23.86
40027,Cleveland County,Oklahoma,2009,23,197,2944,43,1317,26521,251803,10947,5855,33894,13.46
40031,Comanche County,Oklahoma,2009,22,197,2686,8,229,3899,119952,5452,14994,36134,30.12
40037,Creek County,Oklahoma,2009,11,109,1586,7,320,4623,69535,6321,9933,21533,30.97
40051,Grady County,Oklahoma,2009,6,65,946,5,125,1999,52231,8705,10446,19270,36.89
40071,Kay County,Oklahoma,2009,9,104,1376,10,327,6106,46814,5201,4681,11440,24.44
40079,Le Flore County,Oklahoma,2009,17,143,1923,6,214,3269,49989,2940,8331,19226,38.46
40089,McCurtain County,Oklahoma,2009,6,40,565,8,184,3531,33002,5500,4125,5106,15.47
40091,McIntosh County,Oklahoma,2009,5,24,419,5,208,3838,20160,4032,4032,1103,5.47
40101,Muskogee County,Oklahoma,2009,17,142,1881,11,328,5878,70677,4157,6425,19106,27.03
40109,Oklahoma County,Oklahoma,2009,101,827,12523,171,4553,94655,711595,7045,4161,88711,12.47
40111,Okmulgee County,Oklahoma,2009,8,63,851,8,170,2946,39817,4977,4977,7914,19.88
40113,Osage County,Oklahoma,2009,7,46,684,3,102,1549,47445,6777,15815,21154,44.59
40123,Pontotoc County,Oklahoma,2009,8,60,768,5,89,1349,37283,4660,7456,10219,27.41
40137,Stephens County,Oklahoma,2009,10,74,1186,10,176,2800,44799,4479,4479,6570,14.67
40143,Tulsa County,Oklahoma,2009,82,751,11012,76,4408,80047,597748,7289,7865,114972,19.23
41001,Baker County,Oregon,2009,3,38,590,8,247,4251,16225,5408,2028,890,5.49
41003,Benton County,Oregon,2009,5,44,487,13,742,17010,85390,17078,6568,31537,36.93
41019,Douglas County,Oregon,2009,5,66,962,27,840,17795,107378,21475,3976,35231,32.81
41029,Jackson County,Oregon,2009,13,240,3572,34,1591,41891,202301,15561,5950,31212,15.43
41035,Klamath County,Oregon,2009,4,92,1547,14,385,10573,66460,16615,4747,22915,34.48
41039,Lane County,Oregon,2009,18,254,3648,61,2784,69573,350850,19491,5751,41781,11.91
41041,Lincoln County,Oregon,2009,6,38,455,17,552,12286,45989,7664,2705,7461,16.22
41043,Linn County,Oregon,2009,8,109,1939,20,662,14548,116001,14500,5800,24071,20.75
41051,Multnomah County,Oregon,2009,27,418,5480,126,5373,136584,727721,26952,5775,59984,8.24
42003,Allegheny County,Pennsylvania,2009,132,1182,16000,195,13202,251648,1222171,9258,6267,217068,17.76
42005,Armstrong County,Pennsylvania,2009,12,125,1501,17,532,7614,69120,5760,4065,18808,27.21
42007,Beaver County,Pennsylvania,2009,24,224,3007,26,1214,17209,170524,7105,6558,42641,25.01
42009,Bedford County,Pennsylvania,2009,10,70,959,13,380,6460,49889,4988,3837,9379,18.8
42011,Berks County,Pennsylvania,2009,29,263,3815,76,3831,62280,409904,14134,5393,70920,17.3
42013,Blair County,Pennsylvania,2009,25,282,3979,17,1013,18108,127161,5086,7480,37202,29.26
42017,Bucks County,Pennsylvania,2009,46,978,14289,95,8165,152559,624648,13579,6575,129765,20.77
42021,Cambria County,Pennsylvania,2009,38,290,4073,31,1170,18289,144186,3794,4651,42828,29.7
42025,Carbon County,Pennsylvania,2009,8,62,876,12,494,8290,65204,8150,5433,16666,25.56
42029,Chester County,Pennsylvania,2009,27,267,3752,66,5555,106615,496291,18381,7519,86066,17.34
42031,Clarion County,Pennsylvania,2009,9,140,1678,14,278,4799,40173,4463,2869,10294,25.62
42033,Clearfield County,Pennsylvania,2009,21,164,2317,15,584,10515,81942,3902,5462,21698,26.48
42037,Columbia County,Pennsylvania,2009,11,110,1408,12,763,11332,67220,6110,5601,22468,33.42
42041,Cumberland County,Pennsylvania,2009,18,198,2425,38,3690,59221,233910,12995,6155,71892,30.73
42043,Dauphin County,Pennsylvania,2009,26,242,3791,50,2888,48627,267090,10272,5341,52642,19.71
42045,Delaware County,Pennsylvania,2009,44,394,4949,111,5306,124456,558094,12683,5027,59205,10.61
42047,Elk County,Pennsylvania,2009,6,34,382,9,234,3092,32208,5368,3578,6475,20.1
42049,Erie County,Pennsylvania,2009,36,314,4410,40,2434,42851,279838,7773,6995,59655,21.32
42051,Fayette County,Pennsylvania,2009,23,209,2982,30,1098,18509,137450,5976,4581,29873,21.73
42059,Greene County,Pennsylvania,2009,8,78,982,12,558,9701,38862,4857,3238,9888,25.44
42061,Huntingdon County,Pennsylvania,2009,10,64,852,8,310,5594,45896,4589,5737,10760,23.44
42063,Indiana County,Pennsylvania,2009,11,136,1816,10,552,8354,88836,8076,8883,28113,31.65
42065,Jefferson County,Pennsylvania,2009,13,75,792,10,360,5847,45073,3467,4507,12567,27.88
42069,Lackawanna County,Pennsylvania,2009,29,258,3465,41,3059,49435,214138,7384,5222,60885,28.43
42071,Lancaster County,Pennsylvania,2009,45,678,13180,109,7630,116817,516577,11479,4739,100996,19.55
42073,Lawrence County,Pennsylvania,2009,17,194,2516,10,564,10514,91391,5375,9139,29123,31.87
42075,Lebanon County,Pennsylvania,2009,12,108,1571,36,1370,20421,132959,11079,3693,30404,22.87
42077,Lehigh County,Pennsylvania,2009,24,253,3714,71,3978,65279,347237,14468,4890,68709,19.79
42079,Luzerne County,Pennsylvania,2009,46,427,6188,63,3675,55757,320527,6967,5087,81131,25.31
42083,McKean County,Pennsylvania,2009,10,100,1260,10,331,6025,43701,4370,4370,10827,24.78
42085,Mercer County,Pennsylvania,2009,21,213,2864,19,768,13155,116816,5562,6148,30130,25.79
42089,Monroe County,Pennsylvania,2009,15,165,2401,28,1343,26023,169390,11292,6049,33279,19.65
42091,Montgomery County,Pennsylvania,2009,41,399,5200,135,9640,203897,795494,19402,5892,100906,12.68
42097,Northumberland County,Pennsylvania,2009,14,104,1284,17,718,9786,94774,6769,5574,25247,26.64
42101,Philadelphia County,Pennsylvania,2009,188,1316,19045,501,10262,225834,1514694,8056,3023,115235,7.61
42103,Pike County,Pennsylvania,2009,3,12,204,11,317,5880,57671,19223,5242,30381,52.68
42107,Schuylkill County,Pennsylvania,2009,17,139,2207,34,1427,21036,148358,8726,4363,31150,21.0
42109,Snyder County,Pennsylvania,2009,9,95,1163,14,543,7713,39550,4394,2825,11563,29.24
42111,Somerset County,Pennsylvania,2009,16,91,1259,18,386,5857,78025,4876,4334,14574,18.68
42117,Tioga County,Pennsylvania,2009,9,102,1400,8,283,4170,41818,4646,5227,11610,27.76
42121,Venango County,Pennsylvania,2009,9,71,1177,15,382,5671,55087,6120,3672,9205,16.71
42123,Warren County,Pennsylvania,2009,5,55,782,8,260,4609,41831,8366,5228,12650,30.24
42125,Washington County,Pennsylvania,2009,21,172,2289,37,1423,23926,207571,9884,5610,38772,18.68
42127,Wayne County,Pennsylvania,2009,10,59,716,15,612,10170,52552,5255,3503,11973,22.78
42129,Westmoreland County,Pennsylvania,2009,49,460,6214,50,2535,47393,365259,7454,7305,72937,19.97
42133,York County,Pennsylvania,2009,43,388,5415,66,4428,74760,433022,10070,6560,87501,20.21
44003,Kent County,Rhode Island,2009,17,264,4743,23,1472,32696,166766,9809,7250,26485,15.88
44005,Newport County,Rhode Island,2009,7,82,1419,8,634,15188,82896,11842,10362,24551,29.62
44007,Providence County,Rhode Island,2009,49,640,10837,125,4963,110745,626304,12781,5010,51643,8.25
44009,Washington County,Rhode Island,2009,13,180,3574,33,1705,39968,127605,9815,3866,12985,10.18
45003,Aiken County,South Carolina,2009,31,276,3721,30,1363,23579,158499,5112,5283,41632,26.27
45007,Anderson County,South Carolina,2009,35,293,3993,26,1488,25712,186544,5329,7174,49768,26.68
45009,Bamberg County,South Carolina,2009,8,60,854,3,92,1331,16022,2002,5340,2644,16.5
45013,Beaufort County,South Carolina,2009,15,184,2376,36,1746,35681,159737,10649,4437,32836,20.56
45015,Berkeley County,South Carolina,2009,24,226,3137,19,933,15408,175092,7295,9215,40914,23.37
45019,Charleston County,South Carolina,2009,56,438,6460,87,4451,74961,346795,6192,3986,81081,23.38
45023,Chester County,South Carolina,2009,8,66,786,12,241,4411,33210,4151,2767,4520,13.61
45025,Chesterfield County,South Carolina,2009,11,79,1162,11,352,5198,46638,4239,4239,9766,20.94
45027,Clarendon County,South Carolina,2009,11,71,972,6,305,4259,34942,3176,5823,10614,30.38
45029,Colleton County,South Carolina,2009,8,73,891,13,415,5856,38864,4858,2989,9353,24.07
45031,Darlington County,South Carolina,2009,17,154,2121,14,515,8845,68705,4041,4907,18460,26.87
45033,Dillon County,South Carolina,2009,11,90,1031,9,228,3680,31817,2892,3535,8064,25.34
45035,Dorchester County,South Carolina,2009,16,170,2217,18,1139,18626,133560,8347,7420,36577,27.39
45041,Florence County,South Carolina,2009,33,337,4440,42,1220,20479,136120,4124,3240,38828,28.52
45045,Greenville County,South Carolina,2009,74,602,8553,84,4097,78890,446655,6035,5317,91798,20.55
45049,Hampton County,South Carolina,2009,8,66,896,8,182,3087,21205,2650,2650,1206,5.69
45051,Horry County,South Carolina,2009,69,558,8013,51,2550,45482,265640,3849,5208,81399,30.64
45055,Kershaw County,South Carolina,2009,13,104,1518,9,386,5828,61143,4703,6793,16563,27.09
45057,Lancaster County,South Carolina,2009,8,77,1215,18,513,7701,75394,9424,4188,16899,22.41
45063,Lexington County,South Carolina,2009,50,437,5491,43,2057,34716,258983,5179,6022,72236,27.89
45067,Marion County,South Carolina,2009,11,67,881,9,256,4077,33277,3025,3697,6406,19.25
45069,Marlboro County,South Carolina,2009,7,62,773,8,223,3418,29189,4169,3648,5678,19.45
45075,Orangeburg County,South Carolina,2009,33,296,3987,24,908,11882,92755,2810,3864,39097,42.15
45079,Richland County,South Carolina,2009,48,492,6605,56,2996,51281,380245,7921,6790,81293,21.38
45085,Sumter County,South Carolina,2009,23,214,2784,15,755,10562,107004,4652,7133,35060,32.77
45089,Williamsburg County,South Carolina,2009,11,66,1068,9,283,4372,34622,3147,3846,5385,15.55
45091,York County,South Carolina,2009,37,304,4514,37,1563,27189,223616,6043,6043,46387,20.74
46023,Charles Mix County,South Dakota,2009,4,38,491,5,102,1389,9079,2269,1815,-4178,-46.02
46099,Minnehaha County,South Dakota,2009,15,163,2472,23,2311,35957,168482,11232,7325,50998,30.27
46109,Roberts County,South Dakota,2009,4,48,938,4,80,1118,10013,2503,2503,-5452,-54.45
47003,Itasca County,Minnesota,2009,5,53,797,12,247,4420,45066,9013,3755,10780,23.92
47003,Bedford County,Tennessee,2009,5,53,797,12,247,4420,44845,8969,3737,10674,23.8
47009,Blount County,Tennessee,2009,13,106,1545,16,837,13977,122689,9437,7668,29159,23.77
47011,Bradley County,Tennessee,2009,13,108,1530,16,477,9942,98360,7566,6147,18676,18.99
47023,Chester County,Tennessee,2009,5,42,578,5,104,1374,16864,3372,3372,318,1.89
47025,Claiborne County,Tennessee,2009,4,31,362,6,232,3142,32056,8014,5342,12336,38.48
47031,Coffee County,Tennessee,2009,12,87,1165,10,262,4877,52813,4401,5281,11369,21.53
47035,Cumberland County,Tennessee,2009,9,98,1335,9,458,8302,55672,6185,6185,15898,28.56
47037,Davidson County,Tennessee,2009,76,963,15040,132,4880,116040,621008,8171,4704,69436,11.18
47041,DeKalb County,Tennessee,2009,4,21,309,6,98,1316,18720,4680,3120,481,2.57
47045,Dyer County,Tennessee,2009,12,79,1135,9,176,3003,38254,3187,4250,6678,17.46
47049,Fentress County,Tennessee,2009,4,55,635,7,114,1547,17975,4493,2567,2165,12.04
47051,Franklin County,Tennessee,2009,7,64,717,8,167,3219,41141,5877,5142,10109,24.57
47053,Gibson County,Tennessee,2009,14,98,1319,14,433,5592,49575,3541,3541,12750,25.72
47059,Greene County,Tennessee,2009,10,106,1486,12,526,7714,68744,6874,5728,19193,27.92
47065,Hamilton County,Tennessee,2009,53,389,5981,65,2320,45419,332659,6276,5117,54102,16.26
47077,Henderson County,Tennessee,2009,8,39,638,5,121,1908,27748,3468,5549,3938,14.19
47079,Henry County,Tennessee,2009,8,62,773,6,107,2033,32234,4029,5372,6694,20.77
47081,Hickman County,Tennessee,2009,4,42,646,6,84,1273,24597,6149,4099,4495,18.27
47093,Knox County,Tennessee,2009,43,420,6550,73,4592,79987,429475,9987,5883,79062,18.41
47097,Lauderdale County,Tennessee,2009,6,48,596,8,118,1545,27860,4643,3482,3994,14.34
47115,Marion County,Tennessee,2009,7,51,726,4,127,2120,28143,4020,7035,7145,25.39
47119,Maury County,Tennessee,2009,17,165,1981,16,812,13836,80685,4746,5042,25576,31.7
47123,Monroe County,Tennessee,2009,12,86,1066,8,293,5457,44341,3695,5542,11733,26.46
47143,Rhea County,Tennessee,2009,7,48,714,7,195,2731,31717,4531,4531,5703,17.98
47145,Roane County,Tennessee,2009,10,61,946,7,414,7205,54367,5436,7766,14605,26.86
47149,Rutherford County,Tennessee,2009,28,307,4092,33,1919,40905,259078,9252,7850,48782,18.83
47155,Sevier County,Tennessee,2009,16,122,2151,24,1148,22073,89096,5568,3712,15185,17.04
47157,Shelby County,Tennessee,2009,120,1246,17652,170,6443,143221,922541,7687,5426,131917,14.3
47167,Tipton County,Tennessee,2009,14,119,1250,8,393,6522,60866,4347,7608,22101,36.31
47177,Warren County,Tennessee,2009,13,125,1846,11,195,4139,39709,3054,3609,6594,16.61
47179,Washington County,Tennessee,2009,14,121,1838,22,1143,18899,121692,8692,5531,27901,22.93
47187,Williamson County,Tennessee,2009,10,102,1465,32,2080,40398,180332,18033,5635,44901,24.9
48037,Bowie County,Texas,2009,22,140,2168,13,471,9133,92231,4192,7094,20941,22.7
48039,Brazoria County,Texas,2009,32,284,4038,30,2055,37852,309236,9663,10307,59423,19.22
48041,Brazos County,Texas,2009,14,105,1884,21,1498,26612,191434,13673,9115,40531,21.17
48049,Brown County,Texas,2009,9,88,1428,7,157,2864,38001,4222,5428,6571,17.29
48061,Cameron County,Texas,2009,65,444,6362,48,2586,53381,400303,6158,8339,75920,18.97
48071,Chambers County,Texas,2009,5,41,930,7,178,2790,34230,6846,4890,5501,16.07
48085,Collin County,Texas,2009,41,429,5429,83,6227,121799,765791,18677,9226,109458,14.29
48091,Comal County,Texas,2009,10,91,1135,7,842,17479,106350,10635,15192,36960,34.75
48113,Dallas County,Texas,2009,251,2136,34522,360,17594,357895,2346378,9348,6517,270310,11.52
48135,Ector County,Texas,2009,18,150,2212,17,895,17895,136930,7607,8054,28459,20.78
48139,Ellis County,Texas,2009,21,136,1975,17,854,15983,147392,7018,8670,30886,20.96
48141,El Paso County,Texas,2009,123,982,14263,111,3970,74306,786759,6396,7087,138136,17.56
48157,Fort Bend County,Texas,2009,29,275,3689,67,3782,74304,569130,19625,8494,77164,13.56
48167,Galveston County,Texas,2009,27,228,3410,41,2132,41405,287428,10645,7010,46167,16.06
48183,Gregg County,Texas,2009,34,247,3757,17,956,19228,121238,3565,7131,34458,28.42
48199,Hardin County,Texas,2009,9,42,750,6,283,5363,54228,6025,9038,13468,24.84
48201,Harris County,Texas,2009,337,2837,45949,719,31464,617400,4034866,11972,5611,374647,9.29
48203,Harrison County,Texas,2009,16,104,1430,10,332,6553,65185,4074,6518,15734,24.14
48209,Hays County,Texas,2009,11,80,1057,14,1322,26165,153619,13965,10972,41486,27.01
48213,Henderson County,Texas,2009,17,105,1584,14,365,7660,78231,4601,5587,14143,18.08
48215,Hidalgo County,Texas,2009,114,801,11643,63,4932,98899,757468,6644,12023,144349,19.06
48221,Hood County,Texas,2009,7,60,800,17,476,8227,50841,7263,2990,10263,20.19
48223,Hopkins County,Texas,2009,4,32,393,3,106,2093,34919,8729,11639,18394,52.68
48233,Hutchinson County,Texas,2009,5,33,402,4,241,3818,22184,4436,5546,6240,28.13
48245,Jefferson County,Texas,2009,37,269,4175,48,1864,35263,251332,6792,5236,41481,16.5
48249,Jim Wells County,Texas,2009,8,64,756,12,316,6059,40633,5079,3386,7312,18.0
48251,Johnson County,Texas,2009,20,164,2380,16,714,13862,150583,7529,9411,31444,20.88
48257,Kaufman County,Texas,2009,15,120,1779,8,439,8914,101709,6780,12713,27113,26.66
48277,Lamar County,Texas,2009,10,118,1669,6,200,4537,49600,4960,8266,14207,28.64
48291,Liberty County,Texas,2009,10,72,1376,15,500,7916,75041,7504,5002,13405,17.86
48323,Maverick County,Texas,2009,16,114,1562,11,487,8957,53434,3339,4857,14580,27.29
48329,Midland County,Texas,2009,12,114,1611,12,904,19066,136238,11353,11353,34399,25.25
48339,Montgomery County,Texas,2009,40,358,4901,45,3412,67010,445836,11145,9907,76217,17.1
48341,Moore County,Texas,2009,4,39,546,3,127,2144,21575,5393,7191,7568,35.08
48349,Navarro County,Texas,2009,13,145,1774,8,322,7035,47584,3660,5948,15424,32.41
48363,Palo Pinto County,Texas,2009,4,28,361,8,93,1717,28071,7017,3508,5162,18.39
48367,Parker County,Texas,2009,9,82,1193,8,483,9274,115802,12866,14475,36157,31.22
48375,Potter County,Texas,2009,20,157,2428,15,1113,19186,120118,6005,8007,31120,25.91
48395,Robertson County,Texas,2009,6,33,419,4,121,2045,16604,2767,4151,674,4.06
48401,Rusk County,Texas,2009,10,50,1010,5,195,3868,52799,5279,10559,12649,23.96
48419,Shelby County,Texas,2009,7,41,562,5,192,3315,25520,3645,5104,4584,17.96
48439,Tarrant County,Texas,2009,165,1506,20495,222,12145,243274,1784078,10812,8036,233574,13.09
48441,Taylor County,Texas,2009,18,140,1906,13,1046,18744,130247,7235,10019,35076,26.93
48451,Tom Green County,Texas,2009,14,122,1633,13,687,13624,108879,7777,8375,26282,24.14
48471,Walker County,Texas,2009,7,45,555,6,307,5812,66748,9535,11124,23449,35.13
48477,Washington County,Texas,2009,4,20,344,5,303,5831,33459,8364,6691,12226,36.54
48479,Webb County,Texas,2009,28,197,2809,46,2224,44116,245908,8782,5345,40300,16.39
48481,Wharton County,Texas,2009,7,39,553,7,475,9945,40998,5856,5856,9988,24.36
48483,Wheeler County,Texas,2009,3,15,223,4,92,1360,5375,1791,1343,-7751,-144.2
48485,Wichita County,Texas,2009,19,189,2618,13,1002,16526,130913,6890,10070,37931,28.97
49003,Box Elder County,Utah,2009,6,62,705,4,400,6805,49372,8228,12343,24772,50.17
49007,Carbon County,Utah,2009,4,46,554,5,168,3867,21143,5285,4228,4324,20.45
49011,Davis County,Utah,2009,17,192,2352,22,1768,35491,301965,17762,13725,63968,21.18
49013,Duchesne County,Utah,2009,3,26,567,5,264,4783,18536,6178,3707,3061,16.51
49021,Iron County,Utah,2009,4,90,1065,5,300,6100,45693,11423,9138,25502,55.81
49027,Millard County,Utah,2009,5,40,457,5,176,2217,12343,2468,2468,-534,-4.33
49035,Salt Lake County,Utah,2009,54,721,11863,139,8126,185260,1016795,18829,7315,81272,7.99
49049,Utah County,Utah,2009,22,245,2952,47,2920,60291,504801,22945,10740,78283,15.51
49053,Washington County,Utah,2009,10,168,2455,16,846,19390,137088,13708,8568,33110,24.15
49057,Weber County,Utah,2009,20,253,5124,30,1711,35408,228118,11405,7603,29026,12.72
50001,Addison County,Vermont,2009,4,31,345,18,586,10290,36847,9211,2047,10806,29.33
50011,Franklin County,Vermont,2009,5,39,590,17,593,10491,47620,9524,2801,12342,25.92
50015,Lamoille County,Vermont,2009,4,45,712,9,385,7227,24193,6048,2688,4158,17.19
50017,Orange County,Vermont,2009,6,35,364,8,188,2768,28965,4827,3620,5110,17.64
50019,Orleans County,Vermont,2009,7,60,913,18,402,6991,27234,3890,1513,-5,-0.02
50023,Washington County,Vermont,2009,9,96,1465,25,944,18300,59353,6594,2374,10273,17.31
50025,Windham County,Vermont,2009,7,53,826,19,689,13363,44441,6348,2339,6476,14.57
50027,Windsor County,Vermont,2009,10,130,2371,27,540,9613,56708,5670,2100,3641,6.42
51001,Accomack County,Virginia,2009,10,89,1225,10,243,4432,33415,3341,3341,5457,16.33
51011,Appomattox County,Virginia,2009,5,23,369,3,165,2370,14812,2962,4937,992,6.7
51013,Arlington County,Virginia,2009,7,39,852,41,1642,43456,202637,28948,4942,41521,20.49
51015,Augusta County,Virginia,2009,12,70,1137,11,295,4437,73844,6153,6713,14817,20.07
51031,Campbell County,Virginia,2009,11,123,1700,9,316,5296,54472,4952,6052,14885,27.33
51041,Chesterfield County,Virginia,2009,30,363,4468,45,2747,51346,313096,10436,6957,66410,21.21
51047,Culpeper County,Virginia,2009,4,31,432,11,213,4008,46236,11559,4203,14948,32.33
51051,Dickenson County,Virginia,2009,5,26,377,5,156,2302,15925,3185,3185,-598,-3.76
51059,Fairfax County,Virginia,2009,42,305,4050,194,9007,244313,1065142,25360,5490,34846,3.27
51061,Fauquier County,Virginia,2009,5,30,453,12,532,12900,64907,12981,5408,18885,29.1
51065,Fluvanna County,Virginia,2009,4,9,213,3,141,2085,25576,6394,8525,9388,36.71
51079,Greene County,Virginia,2009,4,19,303,3,108,1981,18237,4559,6079,3325,18.23
51083,Halifax County,Virginia,2009,7,66,746,9,170,2887,36293,5184,4032,7829,21.57
51085,Hanover County,Virginia,2009,9,107,1219,16,1073,17442,99651,11072,6228,33847,33.97
51087,Henrico County,Virginia,2009,26,348,4481,66,3381,67275,304763,11721,4617,56503,18.54
51089,Henry County,Virginia,2009,12,149,1894,14,291,4871,54402,4533,3885,13631,25.06
51103,Lancaster County,Virginia,2009,3,22,304,6,124,2527,11403,3801,1900,-3583,-31.42
51107,Loudoun County,Virginia,2009,15,128,1870,50,3300,80537,303661,20244,6073,42354,13.95
51121,Montgomery County,Virginia,2009,6,82,1046,18,683,11849,93772,15628,5209,31542,33.64
51133,Northumberland County,Virginia,2009,4,14,288,3,93,1380,12379,3094,4126,-2052,-16.58
51141,Patrick County,Virginia,2009,3,17,171,6,105,1298,18562,6187,3093,3470,18.69
51143,Pittsylvania County,Virginia,2009,13,93,1213,10,263,3957,63386,4875,6338,15666,24.72
51147,Prince Edward County,Virginia,2009,4,61,772,5,94,1694,23260,5815,4652,6496,27.93
51153,Prince William County,Virginia,2009,21,213,2835,63,3684,83503,389001,18523,6174,53019,13.63
51155,Pulaski County,Virginia,2009,8,82,1162,8,340,5983,34988,4373,4373,7991,22.84
51163,Rockbridge County,Virginia,2009,5,38,417,3,55,985,22269,4453,7423,6918,31.07
51165,Rockingham County,Virginia,2009,10,63,851,11,287,4531,75850,7585,6895,17398,22.94
51167,Russell County,Virginia,2009,5,32,432,5,151,2275,29012,5802,5802,7640,26.33
51169,Scott County,Virginia,2009,8,50,753,5,301,4516,23212,2901,4642,4929,21.23
51171,Shenandoah County,Virginia,2009,8,97,977,9,201,3501,41743,5217,4638,12547,30.06
51191,Washington County,Virginia,2009,11,113,1617,13,523,8502,54722,4974,4209,13502,24.67
51195,Wise County,Virginia,2009,13,79,1290,12,545,8481,41454,3188,3454,8963,21.62
51197,Wythe County,Virginia,2009,6,39,585,5,181,2584,29216,4869,5843,6881,23.55
51520,Bristol city,Virginia,2009,5,34,471,6,414,7149,17842,3568,2973,2283,12.8
51540,Charlottesville city,Virginia,2009,4,61,854,18,814,16929,43054,10763,2391,14140,32.84
51590,Danville city,Virginia,2009,12,125,1828,16,449,6889,43496,3624,2718,8996,20.68
51640,Galax city,Virginia,2009,3,59,799,4,150,2592,6966,2322,1741,-3881,-55.71
51640,Lexington city,Virginia,2009,3,59,799,4,150,2592,7006,2335,1751,-3845,-54.88
51660,Harrisonburg city,Virginia,2009,11,113,1842,16,649,11513,48294,4390,3018,8711,18.04
51680,Lynchburg city,Virginia,2009,11,104,1412,15,610,12782,75137,6830,5009,15911,21.18
51740,Portsmouth city,Virginia,2009,17,160,2171,14,559,10293,95384,5610,6813,23784,24.93
51760,Richmond city,Virginia,2009,24,218,2992,60,1504,32564,203678,8486,3394,24815,12.18
51770,Roanoke city,Virginia,2009,16,161,2332,28,1043,17594,97023,6063,3465,21314,21.97
51810,Virginia Beach city,Virginia,2009,43,471,5992,73,3769,67594,435004,10116,5958,83004,19.08
51820,Dakota County,Nebraska,2009,6,56,881,8,396,7355,20924,3487,2615,1266,6.05
51820,Waynesboro city,Virginia,2009,6,56,881,8,396,7355,20985,3497,2623,1294,6.17
53005,Benton County,Washington,2009,11,196,2787,17,935,26757,171122,15556,10066,35493,20.74
53007,Chelan County,Washington,2009,5,86,1401,20,630,15390,71679,14335,3583,18504,25.82
53009,Clallam County,Washington,2009,5,76,1554,15,724,21445,71077,14215,4738,14205,19.99
53011,Clark County,Washington,2009,14,247,2983,52,2400,62801,421236,30088,8100,65804,15.62
53015,Cowlitz County,Washington,2009,10,215,4260,13,668,16012,102126,10212,7855,16285,15.95
53021,Franklin County,Washington,2009,5,67,1092,16,440,10907,74478,14895,4654,20758,27.87
53025,Grant County,Washington,2009,4,74,1064,22,551,13195,87340,21835,3970,33687,38.57
53027,Grays Harbor County,Washington,2009,10,85,1550,33,671,16317,72468,7246,2196,2090,2.88
53033,King County,Washington,2009,58,780,10991,479,17756,490292,1912012,32965,3991,-8511,-0.45
53041,Lewis County,Washington,2009,7,107,2300,29,717,16028,75316,10759,2597,6631,8.8
53053,Pierce County,Washington,2009,33,881,12415,147,4776,128855,796483,24135,5418,58719,7.37
53057,Skagit County,Washington,2009,6,52,943,28,1028,25667,116557,19426,4162,26905,23.08
53061,Snohomish County,Washington,2009,26,319,4340,150,5608,157579,706302,27165,4708,31447,4.45
53063,Spokane County,Washington,2009,21,382,5843,80,4028,100030,468235,22296,5852,49295,10.53
53067,Thurston County,Washington,2009,10,179,2769,43,1765,49947,249936,24993,5812,38987,15.6
54005,Boone County,West Virginia,2009,8,79,1212,7,266,3404,24766,3095,3538,4502,18.18
54007,Braxton County,West Virginia,2009,6,37,515,4,112,2227,14512,2418,3628,-1176,-8.1
54011,Cabell County,West Virginia,2009,21,203,3076,19,1083,13515,96040,4573,5054,31645,32.95
54019,Fayette County,West Virginia,2009,12,94,1324,14,408,5740,46034,3836,3288,9985,21.69
54025,Greenbrier County,West Virginia,2009,12,143,2076,6,352,5090,35351,2945,5891,13389,37.87
54027,Hampshire County,West Virginia,2009,7,39,547,4,76,1246,23820,3402,5955,3957,16.61
54033,Harrison County,West Virginia,2009,15,129,1780,12,491,8050,68696,4579,5724,18402,26.79
54035,Jackson County,West Virginia,2009,7,57,839,4,184,2636,29155,4165,7288,8684,29.79
54039,Kanawha County,West Virginia,2009,40,337,4994,43,2465,31524,193150,4828,4491,64314,33.3
54045,Logan County,West Virginia,2009,9,67,934,13,312,5799,36645,4071,2818,4294,11.72
54049,Marion County,West Virginia,2009,12,94,1427,10,382,5657,56426,4702,5642,13589,24.08
54051,Marshall County,West Virginia,2009,5,53,761,6,168,4370,33116,6623,5519,7601,22.95
54055,Mercer County,West Virginia,2009,15,128,2105,13,505,7900,62177,4145,4782,13764,22.14
54059,Mingo County,West Virginia,2009,6,43,706,6,73,995,26943,4490,4490,2748,10.2
54061,Monongalia County,West Virginia,2009,11,98,1459,13,1246,14612,94165,8560,7243,36066,38.3
54067,Nicholas County,West Virginia,2009,8,72,934,4,122,1698,26253,3281,6563,7862,29.95
54069,Ohio County,West Virginia,2009,5,37,512,11,377,7246,44355,8871,4032,11648,26.26
54077,Preston County,West Virginia,2009,9,78,1432,5,123,1695,33333,3703,6666,5868,17.6
54079,Putnam County,West Virginia,2009,10,79,1466,9,521,5367,55178,5517,6130,15616,28.3
54081,Raleigh County,West Virginia,2009,22,185,2692,16,677,10396,78782,3581,4923,23758,30.16
54083,Randolph County,West Virginia,2009,6,63,757,8,261,3791,29381,4896,3672,7331,24.95
54097,Upshur County,West Virginia,2009,5,36,509,5,141,2413,24124,4824,4824,4265,17.68
54099,Wayne County,West Virginia,2009,6,49,559,8,114,1476,42637,7106,5329,11226,26.33
54103,Wetzel County,West Virginia,2009,7,42,597,6,130,2334,16588,2369,2764,-1417,-8.54
54107,Wood County,West Virginia,2009,19,178,2413,14,472,8675,86841,4570,6202,22728,26.17
55005,Barron County,Wisconsin,2009,10,218,3902,8,300,4864,45876,4587,5734,9173,20.0
55013,Burnett County,Wisconsin,2009,3,11,116,6,163,2402,15609,5203,2601,977,6.26
55021,Hawkins County,Tennessee,2009,5,41,424,9,374,5858,56856,11371,6317,22224,39.09
55021,Columbia County,Wisconsin,2009,5,41,424,9,374,5858,56469,11293,6274,22025,39.0
55025,Dane County,Wisconsin,2009,24,383,5976,77,4239,80741,484979,20207,6298,72676,14.99
55035,Eau Claire County,Wisconsin,2009,8,79,945,14,986,13234,98274,12284,7019,36512,37.15
55043,Grant County,Wisconsin,2009,10,170,3011,12,310,4768,50916,5091,4243,8091,15.89
55045,Jasper County,Iowa,2009,6,87,1644,8,292,5440,36879,6146,4609,5933,16.09
55045,Green County,Wisconsin,2009,6,87,1644,8,292,5440,36672,6112,4584,5840,15.92
55055,Jefferson County,Wisconsin,2009,6,27,428,15,615,9573,83480,13913,5565,26193,31.38
55059,Kenosha County,Wisconsin,2009,10,96,1312,26,1215,27120,165502,16550,6365,34571,20.89
55073,Marathon County,Wisconsin,2009,18,308,5682,28,1160,17368,133793,7432,4778,24429,18.26
55075,Marinette County,Wisconsin,2009,6,32,440,11,556,7558,41792,6965,3799,12734,30.47
55079,Milwaukee County,Wisconsin,2009,64,851,12171,198,7413,145075,942668,14729,4760,102305,10.85
55083,Oconto County,Wisconsin,2009,6,53,1072,6,238,3755,37655,6275,6275,8154,21.65
55085,Oneida County,Wisconsin,2009,5,29,425,7,326,5588,36175,7235,5167,10319,28.53
55093,Pierce County,Wisconsin,2009,3,39,819,6,317,4943,40613,13537,6768,21722,53.49
55095,Polk County,Wisconsin,2009,8,44,567,13,351,5975,44376,5547,3413,7439,16.76
55099,Price County,Wisconsin,2009,7,74,1100,6,193,2922,14297,2042,2382,-587,-4.11
55101,Racine County,Wisconsin,2009,13,242,3411,39,918,18324,195130,15010,5003,35008,17.94
55105,Rock County,Wisconsin,2009,16,324,4982,25,1087,23374,160411,10025,6416,31440,19.6
55111,Sauk County,Wisconsin,2009,11,268,5014,16,559,8223,61562,5596,3847,9839,15.98
55115,Shawano County,Wisconsin,2009,6,35,399,7,191,3069,41889,6981,5984,11513,27.48
55125,Vilas County,Wisconsin,2009,5,33,578,9,374,6570,21524,4304,2391,746,3.47
55135,Waupaca County,Wisconsin,2009,11,218,4649,9,509,8182,52392,4762,5821,5733,10.94
55137,Waushara County,Wisconsin,2009,6,49,970,8,221,3517,24554,4092,3069,87,0.35
56007,Carbon County,Wyoming,2009,4,52,1020,5,143,3575,15977,3994,3195,-2878,-18.01
56021,Laramie County,Wyoming,2009,5,65,768,11,501,11787,90430,18086,8220,35389,39.13
56025,Natrona County,Wyoming,2009,9,106,1565,10,401,9890,75238,8359,7523,17441,23.18
