GeoID,County,State,Year,D_Etab,D_Emp,D_Pay,G_Etab,G_Emp,G_Pay,Pop_2011,D_Cap,G_Cap,FD_num_2011,FD_pct_2011
1001,Autauga County,Alabama,2011,9,78,1325,5,269,4670,55208,6134,11041,9283,16.81
1009,Blount County,Alabama,2011,11,70,1077,7,106,2057,57554,5232,8222,6724,11.68
1015,Calhoun County,Alabama,2011,30,221,3701,24,723,12541,117797,3926,4908,29503,25.05
1021,Chilton County,Alabama,2011,10,62,1080,7,215,4235,43687,4368,6241,4685,10.72
1041,Crenshaw County,Alabama,2011,5,41,659,6,95,1702,13899,2779,2316,-4635,-33.35
1043,Cullman County,Alabama,2011,25,181,2792,13,426,6670,80401,3216,6184,22904,28.49
1045,Dale County,Alabama,2011,10,78,1087,8,144,2682,50112,5011,6264,7390,14.75
1047,Dallas County,Alabama,2011,13,117,1450,8,248,5080,43256,3327,5407,12602,29.13
1051,Elmore County,Alabama,2011,15,115,1612,7,322,5836,80009,5333,11429,17950,22.43
1053,Escambia County,Alabama,2011,14,124,1637,6,247,4032,38201,2728,6366,12039,31.51
1055,Etowah County,Alabama,2011,25,230,3230,17,452,9137,104358,4174,6138,29026,27.81
1061,Geneva County,Alabama,2011,7,52,987,11,234,3410,26759,3822,2432,-808,-3.02
1069,Houston County,Alabama,2011,31,221,3483,16,832,17278,102470,3305,6404,36258,35.38
1071,Jackson County,Alabama,2011,12,77,1295,11,217,3749,53209,4434,4837,6123,11.51
1073,Jefferson County,Alabama,2011,98,1047,15288,102,4680,93733,657973,6714,6450,189952,28.87
1087,Macon County,Alabama,2011,4,46,621,5,132,2044,21281,5320,4256,2038,9.58
1089,Madison County,Alabama,2011,57,493,8243,38,2314,46629,339527,5956,8934,89342,26.31
1091,Marengo County,Alabama,2011,8,64,1015,5,116,2428,20651,2581,4130,-1104,-5.35
1095,Marshall County,Alabama,2011,22,196,2683,22,579,8199,93892,4267,4267,27361,29.14
1097,Mobile County,Alabama,2011,96,913,12720,59,2359,45065,413242,4304,7004,149617,36.21
1099,Monroe County,Alabama,2011,10,75,1336,6,145,2136,22796,2279,3799,-1113,-4.88
1101,Montgomery County,Alabama,2011,39,416,5893,35,1465,28597,229168,5876,6547,67879,29.62
1103,Morgan County,Alabama,2011,27,210,3183,19,616,12551,120013,4444,6316,30818,25.68
1107,Pickens County,Alabama,2011,10,77,1256,4,141,1979,19354,1935,4838,23,0.12
1111,Randolph County,Alabama,2011,6,40,624,4,122,1964,22743,3790,5685,-358,-1.57
1113,Russell County,Alabama,2011,15,157,2146,8,335,5666,54831,3655,6853,16757,30.56
1115,St. Clair County,Alabama,2011,18,129,2120,12,276,5038,83963,4664,6996,13852,16.5
1117,Shelby County,Alabama,2011,26,246,4131,28,1370,29461,197992,7615,7071,45600,23.03
1121,Talladega County,Alabama,2011,28,197,2813,11,332,6709,81777,2920,7434,26686,32.63
1123,Tallapoosa County,Alabama,2011,14,119,1621,6,262,4933,41397,2956,6899,11982,28.94
1125,Tuscaloosa County,Alabama,2011,36,341,4578,27,1277,26027,196719,5464,7285,62951,32.0
1131,Wilcox County,Alabama,2011,5,39,582,9,75,1246,11442,2288,1271,-6331,-55.33
2050,Bethel Census Area,Alaska,2011,14,243,4378,23,436,6467,17415,1243,757,-168,-0.96
2110,Juneau City and Borough,Alaska,2011,3,31,875,6,337,8634,32152,10717,5358,9827,30.56
2122,Kenai Peninsula Borough,Alaska,2011,5,46,1156,19,582,17443,56302,11260,2963,14100,25.04
4001,Apache County,Arizona,2011,12,86,1528,10,293,5908,72186,6015,7218,10191,14.12
4003,Cochise County,Arizona,2011,27,205,3032,15,993,18209,133111,4930,8874,41579,31.24
4005,Coconino County,Arizona,2011,19,136,2354,17,1322,24702,134269,7066,7898,38824,28.92
4009,Graham County,Arizona,2011,3,32,363,6,340,5648,37134,12378,6189,19560,52.67
4013,Maricopa County,Arizona,2011,224,2622,41576,485,38846,676383,3875065,17299,7989,948474,24.48
4017,Navajo County,Arizona,2011,20,151,2425,16,691,15485,107545,5377,6721,25605,23.81
4019,Pima County,Arizona,2011,76,814,13052,115,9240,176109,988407,13005,8594,253580,25.66
4021,Pinal County,Arizona,2011,24,242,3767,31,2274,36040,378760,15781,12218,81794,21.6
5005,Baxter County,Arkansas,2011,8,52,909,7,252,4199,41347,5168,5906,5210,12.6
5007,Benton County,Arkansas,2011,32,269,4962,27,895,19315,229154,7161,8487,35299,15.4
5009,Boone County,Arkansas,2011,12,122,1773,5,179,3488,37070,3089,7414,7699,20.77
5009,Miami County,Indiana,2011,12,122,1773,5,179,3488,37070,3089,7414,7699,20.77
5015,Carroll County,Arkansas,2011,7,44,687,6,168,2635,27462,3923,4577,1326,4.83
5027,Columbia County,Arkansas,2011,6,80,1031,5,90,2477,24703,4117,4940,2630,10.65
5031,Craighead County,Arkansas,2011,23,173,2667,17,495,9192,98392,4277,5787,23399,23.78
5033,Crawford County,Arkansas,2011,13,101,1562,8,171,3138,61807,4754,7725,9231,14.94
5035,Crittenden County,Arkansas,2011,11,117,1487,10,381,5997,50511,4591,5051,15075,29.84
5051,Garland County,Arkansas,2011,19,168,2352,14,453,9736,96852,5097,6918,23999,24.78
5057,Hempstead County,Arkansas,2011,5,44,582,5,102,2488,22486,4497,4497,754,3.35
5059,Hot Spring County,Arkansas,2011,8,87,1067,6,129,2243,33136,4142,5522,6089,18.38
5061,Howard County,Arkansas,2011,5,39,661,4,63,887,13820,2764,3455,-5229,-37.84
5063,Independence County,Arkansas,2011,9,59,925,5,145,2701,36881,4097,7376,3529,9.57
5065,Izard County,Arkansas,2011,8,42,590,4,103,1475,13569,1696,3392,-2265,-16.69
5069,Jefferson County,Arkansas,2011,18,174,2798,13,469,10408,76032,4224,5848,17799,23.41
5085,Lonoke County,Arkansas,2011,13,91,1379,9,396,7128,69497,5345,7721,15024,21.62
5091,Miller County,Arkansas,2011,9,65,994,7,233,3678,43757,4861,6251,6761,15.45
5093,Mississippi County,Arkansas,2011,13,129,1791,15,343,6181,46024,3540,3068,11489,24.96
5107,Phillips County,Arkansas,2011,6,44,520,8,137,2186,21407,3567,2675,495,2.31
5113,Polk County,Arkansas,2011,6,58,789,6,65,889,20558,3426,3426,-1131,-5.5
5119,Pulaski County,Arkansas,2011,54,533,8072,61,2870,60316,386982,7166,6343,104644,27.04
5123,St. Francis County,Arkansas,2011,8,65,863,7,97,1586,27989,3498,3998,1819,6.5
5139,Union County,Arkansas,2011,11,102,1252,8,211,4712,41398,3763,5174,10149,24.52
5143,Washington County,Arkansas,2011,32,212,3950,31,1419,27801,208038,6501,6710,44419,21.35
6001,Alameda County,California,2011,55,857,13081,387,11749,326445,1530998,27836,3956,251343,16.42
6007,Butte County,California,2011,14,229,3250,46,1723,47792,219952,15710,4781,60263,27.4
6013,Contra Costa County,California,2011,43,693,10972,210,8697,250735,1065452,24777,5073,209591,19.67
6017,El Dorado County,California,2011,8,123,2087,32,1669,48170,180918,22614,5653,63457,35.08
6019,Fresno County,California,2011,57,897,10558,233,4901,135984,939479,16482,4032,166707,17.74
6023,Humboldt County,California,2011,19,145,2072,44,1506,38073,135215,7116,3073,40718,30.11
6029,Kern County,California,2011,57,690,9571,181,5436,124650,848140,14879,4685,158392,18.68
6031,Kings County,California,2011,8,101,1269,32,641,14072,151886,18985,4746,39939,26.3
6037,Los Angeles County,California,2011,576,7734,145114,2011,70028,1814338,9876727,17147,4911,1319428,13.36
6045,Mendocino County,California,2011,12,113,1528,47,1337,35866,87334,7277,1858,30157,34.53
6047,Merced County,California,2011,12,183,2329,56,1336,35963,259333,21611,4630,61042,23.54
6053,Monterey County,California,2011,19,261,3946,112,3165,86033,420542,22133,3754,88407,21.02
6055,Napa County,California,2011,4,47,981,38,1446,41215,137750,34437,3625,74840,54.33
6057,Nevada County,California,2011,5,56,819,25,1154,32415,98697,19739,3947,47534,48.16
6059,Orange County,California,2011,132,1929,32145,555,23732,630274,3050867,23112,5497,509862,16.71
6061,Placer County,California,2011,14,311,5197,64,3205,97440,356312,25450,5567,99369,27.89
6065,Riverside County,California,2011,91,1510,23336,353,14194,380499,2234301,24552,6329,349004,15.62
6071,San Bernardino County,California,2011,109,1699,30315,335,12798,330203,2061040,18908,6152,284844,13.82
6073,San Diego County,California,2011,124,2067,33676,615,23146,592243,3137372,25301,5101,488058,15.56
6075,San Francisco County,California,2011,34,287,6540,319,7060,204705,815677,23990,2556,106182,13.02
6081,San Mateo County,California,2011,23,547,11937,168,6646,194548,728404,31669,4335,131640,18.07
6083,Santa Barbara County,California,2011,18,260,3893,119,4080,105909,425481,23637,3575,108240,25.44
6085,Santa Clara County,California,2011,56,870,13471,326,14182,385526,1812166,32360,5558,326858,18.04
6087,Santa Cruz County,California,2011,12,162,2372,69,2915,77061,264882,22073,3838,86815,32.77
6089,Shasta County,California,2011,13,180,2691,38,1369,38531,177572,13659,4672,46667,26.28
6097,Sonoma County,California,2011,26,289,4658,134,5426,153239,487423,18747,3637,126868,26.03
6099,Stanislaus County,California,2011,25,491,6433,134,3876,95187,517614,20704,3862,117208,22.64
6101,Sutter County,California,2011,4,92,1216,27,580,17146,94485,23621,3499,44352,46.94
6107,Tulare County,California,2011,32,407,4944,107,1997,52625,446864,13964,4176,78815,17.64
6111,Ventura County,California,2011,59,810,14092,170,5890,162290,830196,14071,4883,141372,17.03
6113,Yolo County,California,2011,9,141,1940,39,1651,40717,201959,22439,5178,67207,33.28
8005,Arapahoe County,Colorado,2011,34,427,6847,77,4458,125989,585844,17230,7608,128236,21.89
8013,Boulder County,Colorado,2011,10,139,2105,49,3064,85779,300897,30089,6140,108024,35.9
8037,Eagle County,Colorado,2011,7,28,535,16,611,20246,52072,7438,3254,13519,25.96
8043,Fremont County,Colorado,2011,6,56,705,6,188,5377,47379,7896,7896,10992,23.2
8069,Larimer County,Colorado,2011,11,128,1483,31,2239,59398,305237,27748,9846,97029,31.79
8083,Montezuma County,Colorado,2011,3,18,249,5,189,5035,25474,8491,5094,7397,29.04
8087,Morgan County,Colorado,2011,5,33,492,5,157,3355,28453,5690,5690,3131,11.0
8099,Prowers County,Colorado,2011,4,77,2993,3,79,1864,12529,3132,4176,-25051,-199.94
8123,Weld County,Colorado,2011,17,146,2409,32,1325,34756,258783,15222,8086,50665,19.58
9001,Fairfield County,Connecticut,2011,37,259,4066,203,9808,271500,927897,25078,4570,224158,24.16
9003,Hartford County,Connecticut,2011,75,822,14366,214,10008,224112,896776,11957,4190,225814,25.18
9005,Litchfield County,Connecticut,2011,8,67,1394,41,2182,52445,189002,23625,4609,70714,37.41
9007,Middlesex County,Connecticut,2011,9,106,2371,36,1647,39402,166176,18464,4616,47671,28.69
9009,New Haven County,Connecticut,2011,68,791,12898,183,7909,188566,863827,12703,4720,196365,22.73
9011,New London County,Connecticut,2011,23,282,5174,50,2572,58181,273013,11870,5460,65444,23.97
10001,Kent County,Delaware,2011,22,244,3460,19,867,16980,165097,7504,8689,41161,24.93
10003,New Castle County,Delaware,2011,41,541,6738,86,3986,100818,541866,13216,6300,138954,25.64
10005,Sussex County,Delaware,2011,43,418,6020,47,1654,35925,200353,4659,4262,68786,34.33
11001,District of Columbia,District of Columbia,2011,26,140,3100,174,4642,126233,619602,23830,3560,98070,15.83
11001,District of Columbia,District of Columbia,2011,26,140,3100,174,4642,126233,619602,23830,3560,98070,15.83
12001,Alachua County,Florida,2011,27,234,3845,45,3124,53124,249806,9252,5551,83034,33.24
12003,Baker County,Florida,2011,4,31,490,7,162,2968,27043,6760,3863,3520,13.02
12009,Brevard County,Florida,2011,45,466,6357,73,4322,88794,544319,12095,7456,140278,25.77
12011,Broward County,Florida,2011,143,1204,19025,364,16463,351192,1786955,12496,4909,407343,22.8
12019,Clay County,Florida,2011,20,161,2252,26,1474,28559,192278,9613,7395,51936,27.01
12021,Collier County,Florida,2011,17,184,2942,59,3493,80218,327632,19272,5553,98359,30.02
12027,DeSoto County,Florida,2011,4,37,487,5,167,3173,34841,8710,6968,9325,26.76
12031,Duval County,Florida,2011,112,1135,17152,188,7468,152273,872297,7788,4639,236060,27.06
12033,Escambia County,Florida,2011,45,382,6168,45,1612,32864,299357,6652,6652,65174,21.77
12037,Franklin County,Florida,2011,5,40,560,6,106,1984,11469,2293,1911,-4392,-38.29
12045,Gulf County,Florida,2011,7,37,742,4,109,2342,15758,2251,3939,-4805,-30.49
12055,Highlands County,Florida,2011,13,131,1739,20,719,13909,98477,7575,4923,27137,27.56
12057,Hillsborough County,Florida,2011,119,1055,16391,279,10897,209898,1271110,10681,4555,288621,22.71
12059,Holmes County,Florida,2011,4,39,537,4,118,1570,19838,4959,4959,872,4.4
12071,Lee County,Florida,2011,58,550,8612,115,6027,128659,631031,10879,5487,164503,26.07
12073,Leon County,Florida,2011,38,340,4635,42,2655,45023,278334,7324,6627,92535,33.25
12075,Levy County,Florida,2011,11,68,1043,8,271,4926,40151,3650,5018,6755,16.82
12079,Madison County,Florida,2011,6,44,587,3,148,2790,19131,3188,6377,514,2.69
12081,Manatee County,Florida,2011,36,311,4634,57,3051,60344,327549,9098,5746,92581,28.26
12083,Marion County,Florida,2011,55,422,6244,55,2506,50831,332275,6041,6041,96594,29.07
12086,Miami-Dade County,Florida,2011,297,1556,27207,605,20751,427454,2569856,8652,4247,541785,21.08
12095,Orange County,Florida,2011,114,1070,17561,226,8899,187714,1170526,10267,5179,244505,20.89
12097,Osceola County,Florida,2011,27,246,3626,56,1916,37060,278637,10319,4975,61906,22.22
12099,Palm Beach County,Florida,2011,82,770,12131,235,12214,275736,1336720,16301,5688,297894,22.29
12101,Pasco County,Florida,2011,52,447,6588,73,4040,75341,466428,8969,6389,127980,27.44
12103,Pinellas County,Florida,2011,95,867,12693,186,9520,187962,918380,9667,4937,266442,29.01
12107,Putnam County,Florida,2011,18,127,2041,12,492,8827,73639,4091,6136,17782,24.15
12115,Sarasota County,Florida,2011,28,259,4058,80,3972,82540,382223,13650,4777,103664,27.12
12119,Sumter County,Florida,2011,8,64,811,13,599,11754,97972,12246,7536,28657,29.25
13009,Baldwin County,Georgia,2011,10,103,1490,11,277,5434,45173,4517,4106,8649,19.15
13017,Ben Hill County,Georgia,2011,3,28,383,5,103,1554,17566,5855,3513,751,4.28
13021,Bibb County,Georgia,2011,31,300,4882,37,1427,28064,156160,5037,4220,45875,29.38
13031,Bulloch County,Georgia,2011,12,125,1620,8,283,4456,72637,6053,9079,17449,24.02
13039,Camden County,Georgia,2011,9,57,980,6,278,4878,50297,5588,8382,7966,15.84
13045,Carroll County,Georgia,2011,25,190,3246,21,904,17161,110727,4429,5272,29596,26.73
13047,Catoosa County,Georgia,2011,12,104,1816,8,258,4541,64756,5396,8094,8974,13.86
13051,Chatham County,Georgia,2011,30,314,4767,48,2222,42297,271590,9053,5658,70936,26.12
13059,Clarke County,Georgia,2011,15,126,2015,19,850,16484,118227,7881,6222,28302,23.94
13063,Clayton County,Georgia,2011,36,304,4634,48,1400,28740,261981,7277,5457,55270,21.1
13071,Colquitt County,Georgia,2011,11,114,1386,12,202,3819,45782,4162,3815,10518,22.97
13073,Columbia County,Georgia,2011,10,77,1141,18,968,18839,128812,12881,7156,36882,28.63
13077,Coweta County,Georgia,2011,13,115,1771,20,1034,20258,129345,9949,6467,34852,26.94
13081,Crisp County,Georgia,2011,4,44,518,11,209,3767,23750,5937,2159,4097,17.25
13087,Decatur County,Georgia,2011,8,59,936,8,181,3399,27649,3456,3456,1129,4.08
13089,DeKalb County,Georgia,2011,80,705,10759,135,6073,129290,698304,8728,5172,182127,26.08
13091,Dodge County,Georgia,2011,5,43,570,8,124,1864,21610,4322,2701,-4,-0.02
13095,Dougherty County,Georgia,2011,21,250,3426,23,843,14359,95046,4526,4132,34321,36.11
13097,Douglas County,Georgia,2011,17,127,2040,15,978,20193,133121,7830,8874,33736,25.34
13099,Early County,Georgia,2011,6,40,679,3,85,1336,10788,1798,3596,-5509,-51.07
13107,Emanuel County,Georgia,2011,7,58,752,5,92,1261,22492,3213,4498,656,2.92
13111,Fannin County,Georgia,2011,7,68,1043,10,282,4922,23635,3376,2363,2170,9.18
13113,Fayette County,Georgia,2011,8,69,1180,16,1256,25971,107151,13393,6696,40530,37.83
13115,Floyd County,Georgia,2011,22,189,2717,20,321,6435,96153,4370,4807,20853,21.69
13117,Forsyth County,Georgia,2011,12,94,1218,32,1722,36768,181812,15151,5681,57884,31.84
13119,Franklin County,Georgia,2011,9,62,970,6,197,2920,21967,2440,3661,1109,5.05
13121,Fulton County,Georgia,2011,78,857,13511,192,8239,183477,947410,12146,4934,215179,22.71
13127,Glynn County,Georgia,2011,14,133,2000,19,704,14477,80097,5721,4215,21592,26.96
13131,Grady County,Georgia,2011,7,50,740,3,107,1754,25091,3584,8363,765,3.05
13135,Gwinnett County,Georgia,2011,57,526,7478,146,6719,138037,822442,14428,5633,185543,22.56
13139,Hall County,Georgia,2011,18,157,2507,34,1504,29568,182271,10126,5360,45692,25.07
13143,Haralson County,Georgia,2011,6,22,370,5,91,1387,28467,4744,5693,5,0.02
13151,Henry County,Georgia,2011,24,229,3121,27,1590,31791,206950,8622,7664,59292,28.65
13153,Houston County,Georgia,2011,21,154,2489,22,1031,20034,143864,6850,6539,34847,24.22
13157,Jackson County,Georgia,2011,10,68,943,7,502,10256,60966,6096,8709,17036,27.94
13163,Jefferson County,Georgia,2011,9,58,902,7,213,3294,16779,1864,2397,23,0.14
13175,Laurens County,Georgia,2011,15,131,2017,11,362,6488,47907,3193,4355,11834,24.7
13179,Liberty County,Georgia,2011,10,106,1494,7,225,3758,65170,6517,9310,13201,20.26
13185,Lowndes County,Georgia,2011,20,223,3204,17,727,13357,111468,5573,6556,31823,28.55
13193,Macon County,Georgia,2011,4,32,435,6,95,1140,14455,3613,2409,-3047,-21.08
13199,Meriwether County,Georgia,2011,9,61,979,6,183,2990,21600,2400,3600,423,1.96
13215,Muscogee County,Georgia,2011,30,382,6766,41,1477,30334,195244,6508,4762,41975,21.5
13217,Newton County,Georgia,2011,16,129,1997,18,782,14963,100453,6278,5580,25698,25.58
13223,Paulding County,Georgia,2011,13,110,1637,12,894,17637,143574,11044,11964,36850,25.67
13245,Richmond County,Georgia,2011,38,380,5521,34,1213,22569,200348,5272,5892,57837,28.87
13247,Rockdale County,Georgia,2011,10,110,1669,21,868,17276,85413,8541,4067,25688,30.08
13255,Spalding County,Georgia,2011,10,137,1832,14,493,8981,64032,6403,4573,18979,29.64
13257,Stephens County,Georgia,2011,4,39,476,4,171,2554,25764,6441,6441,5681,22.05
13261,Sumter County,Georgia,2011,10,90,1058,8,211,3648,32067,3206,4008,7983,24.89
13273,Terrell County,Georgia,2011,3,25,393,4,79,1306,9392,3130,2348,-5665,-60.32
13273,Crittenden County,Kentucky,2011,3,25,393,4,79,1306,9392,3130,2348,-5665,-60.32
13275,Thomas County,Georgia,2011,14,137,1874,8,305,5684,44590,3185,5573,13439,30.14
13285,Troup County,Georgia,2011,14,118,1786,15,532,9621,67619,4829,4507,16784,24.82
13293,Upson County,Georgia,2011,4,38,480,8,166,2676,26922,6730,3365,4822,17.91
13295,Walker County,Georgia,2011,14,104,1629,8,349,6071,68808,4914,8601,14029,20.39
13297,Walton County,Georgia,2011,11,81,1186,8,522,9732,84588,7689,10573,21040,24.87
13303,Washington County,Georgia,2011,4,31,371,3,99,1494,20969,5242,6989,1669,7.96
13311,White County,Georgia,2011,9,55,720,4,240,3722,27398,3044,6849,5332,19.46
13313,Whitfield County,Georgia,2011,24,170,2609,22,574,10365,102915,4288,4677,24746,24.05
15001,Hawaii County,Hawaii,2011,11,91,1347,41,2241,49195,187066,17006,4562,66971,35.8
16005,Bannock County,Idaho,2011,7,71,899,9,386,8005,83628,11946,9292,24104,28.82
16017,Bonner County,Idaho,2011,5,46,603,12,276,6208,40781,8156,3398,9992,24.5
16027,Canyon County,Idaho,2011,12,184,3190,21,698,17745,191354,15946,9112,35636,18.62
16069,Nez Perce County,Idaho,2011,4,67,1211,11,401,9374,39431,9857,3584,12345,31.31
16083,Twin Falls County,Idaho,2011,9,133,1974,17,544,11192,78089,8676,4593,20334,26.04
17007,Boone County,Illinois,2011,6,79,1167,9,197,3477,54132,9022,6014,11771,21.74
17019,Champaign County,Illinois,2011,15,268,4522,33,1328,23337,203174,13544,6156,44770,22.04
17021,Christian County,Illinois,2011,5,43,770,7,215,3669,34699,6939,4957,5011,14.44
17031,Cook County,Illinois,2011,437,3504,54780,1498,41003,885280,5219977,11945,3484,929549,17.81
17037,DeKalb County,Illinois,2011,11,169,2792,12,497,14232,104438,9494,8703,21725,20.8
17043,DuPage County,Illinois,2011,46,459,6717,170,7762,164832,924852,20105,5440,197532,21.36
17053,Ford County,Illinois,2011,5,69,1328,3,145,2054,13878,2775,4626,-5099,-36.74
17073,Henry County,Illinois,2011,8,138,2280,11,215,3598,50283,6285,4571,6679,13.28
17089,Kane County,Illinois,2011,30,464,6928,82,3370,68000,519211,17307,6331,107040,20.62
17091,Kankakee County,Illinois,2011,12,253,4116,20,703,13230,113513,9459,5675,26001,22.91
17097,Lake County,Illinois,2011,43,353,5498,116,5370,116197,701647,16317,6048,144512,20.6
17099,LaSalle County,Illinois,2011,16,286,4761,27,1006,17671,113521,7095,4204,28466,25.08
17103,Lee County,Illinois,2011,5,37,481,7,140,2195,35597,7119,5085,6040,16.97
17107,Logan County,Illinois,2011,7,59,977,4,155,2632,30269,4324,7567,1975,6.52
17109,McDonough County,Illinois,2011,6,114,1519,6,355,6127,32511,5418,5418,11607,35.7
17111,McHenry County,Illinois,2011,21,305,4736,46,1915,36889,308433,14687,6705,66445,21.54
17113,McLean County,Illinois,2011,14,203,3421,30,1041,20036,170893,12206,5696,35897,21.01
17115,Macon County,Illinois,2011,16,213,4089,15,519,10745,110671,6916,7378,14293,12.91
17119,Madison County,Illinois,2011,33,352,6048,46,1831,42066,268650,8140,5840,56615,21.07
17137,Morgan County,Illinois,2011,6,77,1073,6,187,2816,35479,5913,5913,6873,19.37
17141,Ogle County,Illinois,2011,5,36,548,7,295,4384,53070,10614,7581,15277,28.79
17143,Peoria County,Illinois,2011,22,224,4489,46,1561,30282,186741,8488,4059,33985,18.2
17163,St. Clair County,Illinois,2011,31,291,4528,45,1533,35334,270006,8709,6000,55697,20.63
17165,Saline County,Illinois,2011,10,88,1549,7,169,3866,24903,2490,3557,-361,-1.45
17179,Tazewell County,Illinois,2011,19,234,4056,14,732,13372,135839,7149,9702,26978,19.86
17183,Vermilion County,Illinois,2011,20,308,5661,13,580,8776,81407,4070,6262,14666,18.02
17189,Washington County,Illinois,2011,5,58,1108,8,85,1429,14574,2914,1821,-7035,-48.27
17197,Will County,Illinois,2011,30,342,5292,93,4322,84793,680799,22693,7320,129578,19.03
17201,Winnebago County,Illinois,2011,35,510,7847,51,2163,48772,293634,8389,5757,75243,25.62
18011,Boone County,Indiana,2011,4,39,556,8,323,5344,57905,14476,7238,22903,39.55
18017,Cass County,Indiana,2011,7,89,1405,8,224,3752,38909,5558,4863,5796,14.9
18019,Clark County,Indiana,2011,20,185,3140,18,664,12958,111487,5574,6193,23248,20.85
18023,Clinton County,Indiana,2011,6,85,1068,6,117,1778,33032,5505,5505,6279,19.01
18031,Decatur County,Indiana,2011,5,43,978,7,133,1930,25898,5179,3699,-2727,-10.53
18033,DeKalb County,Indiana,2011,9,52,766,8,226,4814,42462,4718,5307,6142,14.46
18039,Elkhart County,Indiana,2011,23,219,4203,39,1387,25477,198267,8620,5083,35829,18.07
18045,Fountain County,Indiana,2011,6,51,868,4,203,2851,17153,2858,4288,-1205,-7.03
18047,Franklin County,Indiana,2011,4,47,602,11,291,5252,23037,5759,2094,5067,22.0
18053,Grant County,Indiana,2011,11,95,1478,7,254,3959,69614,6328,9944,12312,17.69
18057,Hamilton County,Indiana,2011,12,119,1934,33,2003,39111,283366,23613,8586,76947,27.15
18059,Hancock County,Indiana,2011,7,61,938,4,203,3699,70340,10048,17585,15307,21.76
18061,Harrison County,Indiana,2011,5,38,540,3,152,2315,39180,7836,13060,8302,21.19
18065,Henry County,Indiana,2011,7,104,1187,8,209,3943,49212,7030,6151,14101,28.65
18071,Jackson County,Indiana,2011,9,74,1095,8,249,3611,42912,4768,5364,7265,16.93
18073,Jasper County,Indiana,2011,5,49,659,8,266,4248,33423,6684,4177,7858,23.51
18081,Johnson County,Indiana,2011,12,98,1419,10,574,11300,141726,11810,14172,31438,22.18
18085,Kosciusko County,Indiana,2011,14,104,1635,13,550,9036,77347,5524,5949,18048,23.33
18087,LaGrange County,Indiana,2011,9,63,1504,6,160,3064,37463,4162,6243,-2428,-6.48
18089,Lake County,Indiana,2011,63,557,8533,79,3582,72227,494888,7855,6264,123866,25.03
18091,LaPorte County,Indiana,2011,14,117,1549,20,638,11619,111299,7949,5564,26540,23.85
18097,Marion County,Indiana,2011,114,1007,16397,155,5449,115006,911188,7992,5878,187791,20.61
18099,Marshall County,Indiana,2011,10,64,929,10,280,5018,46935,4693,4693,8110,17.28
18105,Monroe County,Indiana,2011,9,92,1265,19,1179,21509,140209,15578,7379,47077,33.58
18107,Montgomery County,Indiana,2011,6,74,901,6,246,5136,38332,6388,6388,10514,27.43
18123,Perry County,Indiana,2011,3,29,343,4,101,1160,19421,6473,4855,2899,14.93
18127,Porter County,Indiana,2011,11,86,1355,15,791,15243,165507,15046,11033,38505,23.26
18137,Ripley County,Indiana,2011,7,43,682,11,204,2718,28642,4091,2603,924,3.23
18149,Starke County,Indiana,2011,6,58,847,6,106,1757,23167,3861,3861,-96,-0.41
18151,Steuben County,Indiana,2011,10,79,1531,8,87,1194,34091,3409,4261,-2135,-6.26
18163,Vanderburgh County,Indiana,2011,30,277,5086,35,1307,26174,180450,6015,5155,37779,20.94
18167,Vigo County,Indiana,2011,20,237,4130,17,765,15098,108343,5417,6373,24053,22.2
18169,Wabash County,Indiana,2011,5,43,569,6,180,3073,32563,6512,5427,6104,18.75
18175,Washington County,Indiana,2011,7,48,747,6,182,2716,28201,4028,4700,1926,6.83
18177,Wayne County,Indiana,2011,11,101,1427,10,310,5494,68628,6238,6862,14334,20.89
18183,Whitley County,Indiana,2011,6,30,491,5,154,2818,33357,5559,6671,3138,9.41
19005,Allamakee County,Iowa,2011,3,38,694,5,251,3168,14219,4739,2843,-65,-0.46
19013,Black Hawk County,Iowa,2011,14,205,3001,22,1378,25886,131572,9398,5980,44966,34.18
19025,Calhoun County,Iowa,2011,3,14,183,4,49,639,10063,3354,2515,-5571,-55.36
19049,Dallas County,Iowa,2011,7,78,1330,9,880,18643,69687,9955,7743,26752,38.39
19057,Des Moines County,Iowa,2011,8,114,1761,7,565,10530,40061,5007,5723,13885,34.66
19061,Dubuque County,Iowa,2011,11,197,3264,14,1337,22621,94580,8598,6755,37081,39.21
19083,Hardin County,Iowa,2011,4,47,751,6,240,4302,17374,4343,2895,726,4.18
19125,Marion County,Iowa,2011,6,63,917,6,341,6114,33267,5544,5544,8385,25.21
19127,Marshall County,Iowa,2011,6,78,1606,9,405,7807,41013,6835,4557,6293,15.34
19137,Montgomery County,Iowa,2011,3,27,418,3,183,3412,10631,3543,3543,-2277,-21.42
19141,O'Brien County,Iowa,2011,5,57,938,7,208,3128,14218,2843,2031,-2488,-17.5
19153,Polk County,Iowa,2011,32,271,4453,68,5486,105137,438721,13710,6451,140254,31.97
19155,Pottawattamie County,Iowa,2011,8,102,1390,13,1116,18507,93494,11686,7191,39198,41.93
19187,Webster County,Iowa,2011,4,60,695,6,396,7630,37746,9436,6291,17512,46.39
19189,Winnebago County,Iowa,2011,5,57,917,3,154,1773,10694,2138,3564,-3700,-34.6
19189,Lake County,Minnesota,2011,5,57,917,3,154,1773,10694,2138,3564,-3700,-34.6
19191,Winneshiek County,Iowa,2011,3,10,131,5,202,2988,21048,7016,4209,4504,21.4
19193,Woodbury County,Iowa,2011,15,186,2681,20,1110,19511,102707,6847,5135,35672,34.73
19197,Wright County,Iowa,2011,4,35,548,6,171,2271,13033,3258,2172,-2905,-22.29
20005,Atchison County,Kansas,2011,3,27,481,3,106,1163,16754,5584,5584,-568,-3.39
20021,Cherokee County,Kansas,2011,6,41,607,5,89,1112,21357,3559,4271,-1375,-6.44
20045,Douglas County,Kansas,2011,8,67,908,16,1426,23241,112462,14057,7028,48284,42.93
20057,Ford County,Kansas,2011,5,50,793,6,213,2974,34381,6876,5730,6265,18.22
20079,Harvey County,Kansas,2011,5,46,568,7,159,1939,34686,6937,4955,6867,19.8
20091,Johnson County,Kansas,2011,22,248,3088,67,5257,116488,552872,25130,8251,160923,29.11
20121,Miami County,Kansas,2011,6,66,1135,3,204,3965,32735,5455,10911,4136,12.63
20131,Nemaha County,Kansas,2011,6,50,733,8,221,2568,10089,1681,1261,-2845,-28.2
20155,Reno County,Kansas,2011,8,90,2229,11,499,7134,64420,8052,5856,6997,10.86
20159,Rice County,Kansas,2011,4,49,864,4,86,1142,10095,2523,2523,-6556,-64.94
20177,Shawnee County,Kansas,2011,17,157,2340,28,1452,22957,178928,10525,6390,48090,26.88
20183,Smith County,Kansas,2011,3,27,485,3,53,651,3791,1263,1263,-10371,-273.57
20209,Wyandotte County,Kansas,2011,21,179,2875,23,747,15870,158020,7524,6870,30429,19.26
21013,Bell County,Kentucky,2011,10,110,1547,6,325,5830,28657,2865,4776,8447,29.48
21017,Bourbon County,Kentucky,2011,3,27,325,3,112,1600,20055,6685,6685,3632,18.11
21019,Boyd County,Kentucky,2011,9,91,1349,9,404,7201,49419,5491,5491,12116,24.52
21021,Boyle County,Kentucky,2011,11,129,1795,7,189,4078,28796,2617,4113,6657,23.12
21037,Campbell County,Kentucky,2011,13,106,1639,17,1048,20552,91064,7004,5356,29814,32.74
21043,Carter County,Kentucky,2011,6,50,753,11,210,3171,27630,4605,2511,1722,6.23
21045,Casey County,Kentucky,2011,3,33,737,9,86,1240,15911,5303,1767,-5018,-31.54
21051,Clay County,Kentucky,2011,5,37,514,5,152,2060,21594,4318,4318,834,3.86
21067,Fayette County,Kentucky,2011,27,283,3794,59,2479,54368,301736,11175,5114,80163,26.57
21095,Harlan County,Kentucky,2011,11,61,1069,10,397,5413,29121,2647,2912,5115,17.56
21111,Jefferson County,Kentucky,2011,81,822,14247,146,5997,133257,746412,9214,5112,161477,21.63
21117,Kenton County,Kentucky,2011,15,149,2017,24,1318,26831,160300,10686,6679,47058,29.36
21121,Knox County,Kentucky,2011,4,25,402,8,286,4608,31882,7970,3985,8106,25.43
21123,Larue County,Kentucky,2011,5,48,810,4,63,1017,14187,2837,3546,-5035,-35.49
21125,Laurel County,Kentucky,2011,17,117,2088,14,336,7669,59358,3491,4239,9230,15.55
21127,Lawrence County,Kentucky,2011,5,28,452,3,125,1691,15943,3188,5314,-2545,-15.96
21131,Leslie County,Kentucky,2011,4,20,349,3,53,851,11237,2809,3745,-6143,-54.67
21133,Letcher County,Kentucky,2011,7,35,609,5,221,3209,24375,3482,4875,927,3.8
21147,McCreary County,Kentucky,2011,4,23,356,4,143,2512,18286,4571,4571,-471,-2.58
21161,Mason County,Kentucky,2011,5,48,744,5,183,4346,17548,3509,3509,-649,-3.7
21173,Montgomery County,Kentucky,2011,6,53,834,5,174,3945,26758,4459,5351,1934,7.23
21187,Owen County,Kentucky,2011,4,21,510,3,58,888,10820,2705,3606,-7974,-73.7
21193,Perry County,Kentucky,2011,8,103,1584,8,256,3915,28691,3586,3586,4164,14.51
21195,Pike County,Kentucky,2011,25,258,3930,19,786,12316,64913,2596,3416,29656,45.69
21199,Pulaski County,Kentucky,2011,21,189,3183,18,396,7258,63510,3024,3528,13752,21.65
21207,Russell County,Kentucky,2011,6,51,691,4,153,2986,17701,2950,4425,53,0.3
21229,Washington County,Kentucky,2011,4,22,310,4,92,1459,11696,2924,2924,-4488,-38.37
22001,Acadia Parish,Louisiana,2011,17,100,1763,23,459,7795,61853,3638,2689,10109,16.34
22003,Allen Parish,Louisiana,2011,12,118,1382,4,125,1680,25755,2146,6438,8825,34.27
22005,Ascension Parish,Louisiana,2011,17,144,2214,22,715,12764,110065,6474,5002,24991,22.71
22009,Avoyelles Parish,Louisiana,2011,20,140,2116,13,180,3325,41791,2089,3214,10572,25.3
22017,Caddo Parish,Louisiana,2011,44,354,6519,32,1702,33787,256952,5839,8029,58092,22.61
22019,Calcasieu Parish,Louisiana,2011,46,349,5600,34,1326,22017,193838,4213,5701,58276,30.06
22021,Caldwell Parish,Louisiana,2011,3,30,433,7,364,5941,10127,3375,1446,540,5.33
22033,East Baton Rouge Parish,Louisiana,2011,66,569,9311,123,3773,67133,441173,6684,3586,109563,24.83
22039,Evangeline Parish,Louisiana,2011,9,62,1006,15,165,2388,33839,3759,2255,213,0.63
22041,Franklin Parish,Louisiana,2011,5,39,504,5,162,2817,20768,4153,4153,1242,5.98
22045,Iberia Parish,Louisiana,2011,18,134,2274,23,559,12778,73445,4080,3193,14829,20.19
22047,Iberville Parish,Louisiana,2011,7,62,979,13,219,3563,33358,4765,2566,2359,7.07
22051,Jefferson Parish,Louisiana,2011,56,585,10034,95,3669,77785,434060,7751,4569,102341,23.58
22055,Lafayette Parish,Louisiana,2011,45,340,5486,56,2046,39206,224591,4990,4010,67610,30.1
22057,Lafourche Parish,Louisiana,2011,20,145,2365,16,919,15324,97087,4854,6067,28843,29.71
22063,Livingston Parish,Louisiana,2011,21,155,2673,15,713,12988,130158,6198,8677,26751,20.55
22067,Morehouse Parish,Louisiana,2011,6,43,717,4,155,3861,27478,4579,6869,1409,5.13
22069,Natchitoches Parish,Louisiana,2011,7,62,861,7,230,4255,39380,5625,5625,7346,18.65
22071,Orleans Parish,Louisiana,2011,36,359,6273,143,2260,47443,360686,10019,2522,44716,12.4
22073,Ouachita Parish,Louisiana,2011,33,327,4488,20,964,18261,154631,4685,7731,52138,33.72
22075,Plaquemines Parish,Louisiana,2011,7,40,848,3,126,2508,23586,3369,7862,-2602,-11.03
22079,Rapides Parish,Louisiana,2011,30,241,3660,16,681,13333,132001,4400,8250,36301,27.5
22085,Sabine Parish,Louisiana,2011,8,62,1087,7,229,4722,24425,3053,3489,401,1.64
22087,St. Bernard Parish,Louisiana,2011,14,127,2379,12,276,5101,39515,2822,3292,2924,7.4
22089,St. Charles Parish,Louisiana,2011,8,74,1056,9,288,5491,52385,6548,5820,10910,20.83
22093,St. James Parish,Louisiana,2011,6,43,732,6,199,3906,21780,3630,3630,-285,-1.31
22095,St. John the Baptist Parish,Louisiana,2011,9,96,1425,12,225,4338,45066,5007,3755,6687,14.84
22097,St. Landry Parish,Louisiana,2011,31,184,3038,29,677,13085,83432,2691,2876,26057,31.23
22101,St. Mary Parish,Louisiana,2011,12,86,1431,14,480,8719,54190,4515,3870,11202,20.67
22103,St. Tammany Parish,Louisiana,2011,41,347,5695,41,1998,40118,236813,5775,5775,67414,28.47
22105,Tangipahoa Parish,Louisiana,2011,34,281,4412,20,912,15919,122684,3608,6134,41352,33.71
22109,Terrebonne Parish,Louisiana,2011,24,174,2986,17,926,17906,111597,4649,6564,30502,27.33
22111,Union Parish,Louisiana,2011,7,44,721,5,120,2627,22757,3251,4551,-1164,-5.11
22113,Vermilion Parish,Louisiana,2011,13,82,1429,14,329,6591,58205,4477,4157,8095,13.91
22117,Washington Parish,Louisiana,2011,15,121,1860,11,309,5873,47123,3141,4283,10461,22.2
22119,Webster Parish,Louisiana,2011,14,92,1362,7,269,3949,41236,2945,5890,9437,22.89
22121,West Baton Rouge Parish,Louisiana,2011,6,50,749,4,185,3290,24110,4018,6027,1961,8.13
23001,Androscoggin County,Maine,2011,14,214,3727,22,898,18746,107426,7673,4883,24560,22.86
23005,Cumberland County,Maine,2011,34,419,7241,70,3886,85275,282663,8313,4038,93920,33.23
23009,Hancock County,Maine,2011,15,174,3121,27,661,15102,54519,3634,2019,10199,18.71
23013,Knox County,Maine,2011,5,74,1347,13,512,10349,39669,7933,3051,11016,27.77
23015,Lincoln County,Maine,2011,5,40,840,13,415,9133,34270,6854,2636,5969,17.42
23017,Oxford County,Maine,2011,13,148,1773,11,308,7329,57756,4442,5250,17730,30.7
23019,Penobscot County,Maine,2011,26,334,5517,31,1588,32760,153749,5913,4959,47284,30.75
23023,Sagadahoc County,Maine,2011,4,43,1072,8,338,6834,35118,8779,4389,6448,18.36
23025,Somerset County,Maine,2011,5,51,855,12,360,6481,51927,10385,4327,14210,27.37
23031,York County,Maine,2011,19,252,4093,45,1776,38856,198223,10432,4404,50326,25.39
24001,Allegany County,Maryland,2011,15,182,2597,16,593,9876,74562,4970,4660,22333,29.95
24003,Anne Arundel County,Maryland,2011,33,425,5776,91,5315,121693,544744,16507,5986,152519,28.0
24005,Baltimore County,Maryland,2011,74,934,13027,139,7531,189616,812797,10983,5847,230083,28.31
24011,Caroline County,Maryland,2011,5,53,722,6,160,2641,32887,6577,5481,6018,18.3
24013,Carroll County,Maryland,2011,8,97,1270,23,1742,36059,167019,20877,7261,68446,40.98
24015,Cecil County,Maryland,2011,9,100,1437,15,605,11441,101561,11284,6770,27083,26.67
24017,Charles County,Maryland,2011,12,133,2123,20,1015,26372,149182,12431,7459,37933,25.43
24021,Frederick County,Maryland,2011,16,135,2091,36,2039,53608,237263,14828,6590,64431,27.16
24023,Garrett County,Maryland,2011,5,50,619,7,147,2572,30148,6029,4306,5003,16.59
24025,Harford County,Maryland,2011,15,191,2853,36,2320,54153,246704,16446,6852,74916,30.37
24027,Howard County,Maryland,2011,9,89,1326,41,2582,65154,293579,32619,7160,103338,35.2
24029,Kent County,Maryland,2011,4,56,776,5,213,5023,20247,5061,4049,3401,16.8
24031,Montgomery County,Maryland,2011,33,293,4663,201,9253,263697,991833,30055,4934,219041,22.08
24033,Prince George's County,Maryland,2011,69,889,12062,158,6595,170350,873679,12662,5529,206395,23.62
24035,Queen Anne's County,Maryland,2011,5,31,533,9,404,8078,48262,9652,5362,14262,29.55
24043,Washington County,Maryland,2011,17,167,2728,24,1180,21151,148766,8750,6198,37292,25.07
24510,Baltimore city,Maryland,2011,67,589,9938,224,3472,95120,620442,9260,2769,78612,12.67
25001,Barnstable County,Massachusetts,2011,27,368,9183,62,3526,81507,215333,7975,3473,47612,22.11
25007,Dukes County,Massachusetts,2011,5,17,709,9,278,9684,16695,3339,1855,-5978,-35.81
25011,Franklin County,Massachusetts,2011,5,52,781,22,633,13670,71679,14335,3258,26235,36.6
25015,Hampshire County,Massachusetts,2011,10,85,1304,32,2234,49657,160127,16012,5003,65626,40.98
25025,Suffolk County,Massachusetts,2011,54,349,6516,206,7342,146701,737126,13650,3578,153510,20.83
26005,Allegan County,Michigan,2011,19,157,2266,20,726,12226,111158,5850,5557,28406,25.55
26007,Alpena County,Michigan,2011,5,52,694,7,237,4806,29344,5868,4192,6079,20.72
26009,Antrim County,Michigan,2011,6,22,358,5,144,3357,23316,3886,4663,-454,-1.95
26015,Barry County,Michigan,2011,7,58,659,10,242,4348,58915,8416,5891,13978,23.73
26017,Bay County,Michigan,2011,18,205,2702,20,555,11594,107409,5967,5370,28677,26.7
26021,Berrien County,Michigan,2011,28,245,4259,43,1211,23455,156875,5602,3648,34309,21.87
26025,Calhoun County,Michigan,2011,25,192,2853,23,483,9624,135096,5403,5873,27287,20.2
26027,Cass County,Michigan,2011,7,66,1096,12,217,4139,52197,7456,4349,7381,14.14
26029,Charlevoix County,Michigan,2011,7,60,945,10,175,3921,26102,3728,2610,171,0.66
26033,Chippewa County,Michigan,2011,6,64,740,12,308,5494,38877,6479,3239,10270,26.42
26035,Clare County,Michigan,2011,9,64,1019,9,211,4331,30996,3444,3444,2421,7.81
26045,Eaton County,Michigan,2011,11,107,1451,16,359,7060,107921,9811,6745,21825,20.22
26049,Genesee County,Michigan,2011,60,483,7084,96,2735,52442,421976,7032,4395,99339,23.54
26051,Gladwin County,Michigan,2011,9,91,1339,3,84,1519,25869,2874,8623,1902,7.35
26055,Grand Traverse County,Michigan,2011,9,56,1006,21,781,16097,88329,9814,4206,22415,25.38
26057,Gratiot County,Michigan,2011,9,60,800,10,195,3164,42112,4679,4211,6097,14.48
26063,Huron County,Michigan,2011,8,52,659,7,183,2835,32764,4095,4680,4615,14.09
26065,Ingham County,Michigan,2011,26,240,4474,49,1197,20540,282753,10875,5770,37477,13.25
26067,Ionia County,Michigan,2011,10,76,1079,10,387,5562,63853,6385,6385,14389,22.53
26075,Jackson County,Michigan,2011,22,183,2782,19,759,13632,159656,7257,8402,34091,21.35
26077,Kalamazoo County,Michigan,2011,24,238,3621,46,1298,23441,252572,10523,5490,47668,18.87
26081,Kent County,Michigan,2011,70,558,8938,115,2988,71953,608468,8692,5291,105214,17.29
26087,Lapeer County,Michigan,2011,9,95,1423,11,376,7613,88081,9786,8007,19506,22.15
26091,Lenawee County,Michigan,2011,11,116,1818,19,625,10338,99337,9030,5228,22471,22.62
26093,Livingston County,Michigan,2011,9,79,1056,21,933,23433,182021,20224,8667,50519,27.75
26099,Macomb County,Michigan,2011,82,751,10401,138,4882,107126,844075,10293,6116,174980,20.73
26101,Manistee County,Michigan,2011,7,61,810,11,195,4345,24772,3538,2252,1765,7.12
26103,Marquette County,Michigan,2011,9,98,1336,13,467,7674,67448,7494,5188,17949,26.61
26105,Mason County,Michigan,2011,5,41,494,6,101,1569,28641,5728,4773,3369,11.76
26107,Mecosta County,Michigan,2011,4,46,649,7,96,1355,43445,10861,6206,11488,26.44
26115,Monroe County,Michigan,2011,7,71,1024,25,734,13457,151475,21639,6059,44978,29.69
26117,Montcalm County,Michigan,2011,19,111,1601,14,393,5920,63261,3329,4518,16587,26.22
26121,Muskegon County,Michigan,2011,23,202,3335,26,589,10274,170004,7391,6538,27071,15.92
26123,Newaygo County,Michigan,2011,10,87,1372,9,252,4298,48319,4831,5368,7444,15.41
26125,Oakland County,Michigan,2011,113,965,14262,251,8546,192118,1212560,10730,4830,248504,20.49
26127,Oceana County,Michigan,2011,6,48,872,7,177,2875,26453,4408,3779,-121,-0.46
26133,Osceola County,Michigan,2011,8,56,960,6,140,2456,23469,2933,3911,-1138,-4.85
26137,Otsego County,Michigan,2011,6,65,900,7,111,2239,24108,4018,3444,845,3.51
26139,Ottawa County,Michigan,2011,19,163,2173,37,931,17889,266901,14047,7213,46855,17.56
26143,Roscommon County,Michigan,2011,5,23,393,5,121,1887,24322,4864,4864,-129,-0.53
26145,Saginaw County,Michigan,2011,35,243,3399,40,1088,21170,198883,5682,4972,49132,24.7
26147,St. Clair County,Michigan,2011,23,175,2248,30,739,12923,161569,7024,5385,35943,22.25
26149,St. Joseph County,Michigan,2011,13,103,1653,15,226,4539,61057,4696,4070,7696,12.6
26151,Sanilac County,Michigan,2011,12,63,994,8,264,4531,42693,3557,5336,6922,16.21
26155,Shiawassee County,Michigan,2011,15,84,1225,12,400,7440,69984,4665,5832,15222,21.75
26159,Van Buren County,Michigan,2011,14,89,1454,17,459,7911,75931,5423,4466,13967,18.39
26161,Washtenaw County,Michigan,2011,20,173,2433,58,2582,60235,349676,17483,6028,82580,23.62
26163,Wayne County,Michigan,2011,241,1731,25818,470,8778,182846,1803100,7481,3836,324636,18.0
26165,Wexford County,Michigan,2011,9,59,947,8,154,2825,32640,3626,4080,1702,5.21
27003,Anoka County,Minnesota,2011,14,300,5505,36,1678,41958,332876,23776,9246,65574,19.7
27007,Beltrami County,Minnesota,2011,10,120,2315,7,346,5885,45045,4504,6435,4720,10.48
27035,Crow Wing County,Minnesota,2011,8,227,4290,14,545,11655,62666,7833,4476,9931,15.85
27041,Douglas County,Minnesota,2011,6,189,3526,6,266,4358,36175,6029,6029,2176,6.02
27045,Fillmore County,Minnesota,2011,5,29,515,7,179,1790,20834,4166,2976,-1087,-5.22
27049,Goodhue County,Minnesota,2011,4,31,394,11,271,4573,46102,11525,4191,15411,33.43
27053,Hennepin County,Minnesota,2011,75,776,13076,212,8819,220185,1169264,15590,5515,214747,18.37
27057,Hubbard County,Minnesota,2011,4,61,1340,4,212,3513,20515,5128,5128,-1964,-9.57
27109,Olmsted County,Minnesota,2011,8,215,4618,23,1411,23533,145811,18226,6339,40089,27.49
27111,Otter Tail County,Minnesota,2011,12,255,4805,10,420,6438,57278,4773,5727,5526,9.65
27115,Pine County,Minnesota,2011,5,50,806,6,191,2651,29617,5923,4936,3741,12.63
27123,Ramsey County,Minnesota,2011,31,218,2833,101,3981,97022,515800,16638,5106,113291,21.96
27135,Roseau County,Minnesota,2011,6,77,992,6,217,2794,15515,2585,2585,1819,11.72
27137,St. Louis County,Minnesota,2011,20,298,5628,35,1590,34068,200393,10019,5725,40190,20.06
27163,Washington County,Minnesota,2011,12,286,5462,21,1531,37618,241394,20116,11494,55013,22.79
27171,Wright County,Minnesota,2011,7,45,569,13,920,16974,126216,18030,9708,45062,35.7
28023,Clarke County,Mississippi,2011,8,57,883,4,100,1744,16696,2087,4174,-2002,-11.99
28025,Clay County,Mississippi,2011,4,50,615,6,125,1929,20482,5120,3413,2109,10.3
28029,Copiah County,Mississippi,2011,12,109,1501,6,132,1790,29276,2439,4879,5754,19.65
28031,Covington County,Mississippi,2011,8,59,940,5,112,1591,19483,2435,3896,-1600,-8.21
28033,DeSoto County,Mississippi,2011,26,269,3628,18,962,20883,164061,6310,9114,47850,29.17
28035,Forrest County,Mississippi,2011,23,253,4128,14,304,5643,75850,3297,5417,17026,22.45
28047,Harrison County,Mississippi,2011,46,475,6523,17,768,15720,191049,4153,11238,65656,34.37
28049,Hinds County,Mississippi,2011,55,588,8064,31,1559,27768,248182,4512,8005,92153,37.13
28059,Jackson County,Mississippi,2011,39,324,5232,21,775,12944,140015,3590,6667,41761,29.83
28061,Jasper County,Mississippi,2011,7,49,698,3,65,1051,16853,2407,5617,-2171,-12.88
28067,Jones County,Mississippi,2011,23,218,3116,13,432,7530,67924,2953,5224,24300,35.78
28075,Lauderdale County,Mississippi,2011,22,217,3623,14,322,6405,80628,3664,5759,15922,19.75
28079,Leake County,Mississippi,2011,6,42,560,4,49,964,23252,3875,5813,-545,-2.34
28085,Lincoln County,Mississippi,2011,9,85,1076,4,274,5426,34870,3874,8717,9554,27.4
28087,Lowndes County,Mississippi,2011,19,169,2274,10,365,6275,59613,3137,5961,20451,34.31
28091,Marion County,Mississippi,2011,9,90,1025,4,142,2289,26676,2964,6669,6594,24.72
28095,Monroe County,Mississippi,2011,13,107,1373,9,188,2315,36611,2816,4067,8934,24.4
28101,Newton County,Mississippi,2011,8,64,859,6,129,2408,21424,2678,3570,965,4.5
28101,Jefferson County,Oregon,2011,8,64,859,6,129,2408,21424,2678,3570,965,4.5
28101,Lincoln County,West Virginia,2011,8,64,859,6,129,2408,21424,2678,3570,965,4.5
28107,Panola County,Mississippi,2011,11,98,1333,4,211,4252,34472,3133,8618,8181,23.73
28109,Pearl River County,Mississippi,2011,16,179,2263,9,298,5964,55448,3465,6160,19346,34.89
28113,Pike County,Mississippi,2011,12,104,1577,7,223,4516,40438,3369,5776,7323,18.11
28117,Prentiss County,Mississippi,2011,10,87,1085,7,168,2516,25356,2535,3622,5072,20.0
28123,Scott County,Mississippi,2011,11,99,1474,6,163,2634,28379,2579,4729,4037,14.23
28133,Sunflower County,Mississippi,2011,9,66,961,8,124,2212,28517,3168,3564,1416,4.97
28141,Tishomingo County,Mississippi,2011,9,54,818,8,150,2343,19630,2181,2453,-744,-3.79
28145,Union County,Mississippi,2011,8,70,910,3,82,1255,27304,3413,9101,2870,10.51
28147,Walthall County,Mississippi,2011,3,29,390,3,87,1384,15380,5126,5126,-383,-2.49
28149,Warren County,Mississippi,2011,10,100,1474,4,261,5052,48314,4831,12078,10411,21.55
28153,Wayne County,Mississippi,2011,9,70,962,5,198,3191,20613,2290,4122,2828,13.72
29019,Boone County,Missouri,2011,14,107,1598,32,1839,29742,166231,11873,5194,53741,32.33
29021,Buchanan County,Missouri,2011,11,91,1348,11,744,13228,89713,8155,8155,25920,28.89
29037,Cass County,Missouri,2011,14,175,2986,9,721,14122,99992,7142,11110,24227,24.23
29047,Clay County,Missouri,2011,15,143,2080,32,2107,43263,225249,15016,7039,68147,30.25
29051,Cole County,Missouri,2011,9,67,955,12,821,14117,76483,8498,6373,25909,33.88
29077,Greene County,Missouri,2011,31,246,3936,43,1815,34070,277412,8948,6451,60561,21.83
29091,Howell County,Missouri,2011,11,96,1260,10,264,3869,40591,3690,4059,9256,22.8
29095,Jackson County,Missouri,2011,76,1007,16978,98,5286,111028,675471,8887,6892,159160,23.56
29099,Jefferson County,Missouri,2011,17,140,2162,24,1026,23688,219551,12914,9147,43670,19.89
29101,Johnson County,Missouri,2011,7,56,765,4,203,3413,53321,7617,13330,11501,21.57
29127,Marion County,Missouri,2011,9,91,1348,7,304,4587,28782,3198,4111,5982,20.78
29157,Perry County,Missouri,2011,3,43,848,3,60,773,19005,6335,6335,-1172,-6.17
29159,Pettis County,Missouri,2011,7,71,996,9,213,4266,42142,6020,4682,7455,17.69
29161,Phelps County,Missouri,2011,7,47,669,8,203,3598,45276,6468,5659,7439,16.43
29169,Pulaski County,Missouri,2011,8,69,830,6,210,3143,53264,6658,8877,11994,22.52
29175,Randolph County,Missouri,2011,4,33,417,3,82,1484,25277,6319,8425,3322,13.14
29183,St. Charles County,Missouri,2011,22,290,4535,41,2523,58771,365544,16615,8915,84703,23.17
29186,Ste. Genevieve County,Missouri,2011,3,40,543,3,119,1948,18205,6068,6068,2581,14.18
29189,St. Louis County,Missouri,2011,80,839,12635,184,9885,231461,999961,12499,5434,261315,26.13
29213,Taney County,Missouri,2011,13,90,2067,12,419,8936,52657,4050,4388,3647,6.93
29229,Wright County,Missouri,2011,6,41,695,5,198,3038,18642,3107,3728,-1046,-5.61
30029,Flathead County,Montana,2011,7,89,1083,14,839,20046,91263,13037,6518,35913,39.35
30031,Gallatin County,Montana,2011,4,38,642,21,1056,23415,91364,22841,4350,50280,55.03
30063,Missoula County,Montana,2011,4,37,401,18,1063,22381,110231,27557,6123,63357,57.48
30093,Silver Bow County,Montana,2011,3,51,565,7,258,5472,34405,11468,4915,17200,49.99
31001,Adams County,Nebraska,2011,5,46,643,7,301,4929,31204,6240,4457,7555,24.21
31017,Brown County,Nebraska,2011,5,56,893,3,59,674,3098,619,1032,-8649,-279.18
31025,Cass County,Nebraska,2011,4,60,1070,5,97,1336,25235,6308,5047,747,2.96
31039,Cuming County,Nebraska,2011,4,62,973,3,82,1430,9116,2279,3038,-5514,-60.49
31047,Dawson County,Nebraska,2011,7,66,1050,4,101,1632,24221,3460,6055,-335,-1.38
31053,Dodge County,Nebraska,2011,5,61,731,7,372,6306,36927,7385,5275,13340,36.13
31055,Douglas County,Nebraska,2011,32,274,4213,89,6407,110876,524121,16378,5889,162753,31.05
31065,Furnas County,Nebraska,2011,5,3,119,4,59,794,4915,983,1228,-9715,-197.66
31089,Holt County,Nebraska,2011,5,98,1527,8,155,2324,10442,2088,1305,-4085,-39.12
31109,Lancaster County,Nebraska,2011,15,129,1837,45,3279,51827,289884,19325,6441,97927,33.78
31111,Lincoln County,Nebraska,2011,7,104,1553,7,168,2516,36029,5147,5147,5352,14.85
31119,Madison County,Nebraska,2011,6,85,1295,8,486,8321,35006,5834,4375,11422,32.63
31141,Platte County,Nebraska,2011,5,79,1063,8,435,7036,32513,6502,4064,12315,37.88
31153,Sarpy County,Nebraska,2011,9,84,968,13,969,15197,162555,18061,12504,51185,31.49
31155,Saunders County,Nebraska,2011,5,61,849,6,114,1556,20839,4167,3473,340,1.63
31185,York County,Nebraska,2011,4,30,541,3,129,1850,13784,3446,4594,-3537,-25.66
32003,Clark County,Nevada,2011,95,1208,21723,242,13285,332184,1962010,20652,8107,313561,15.98
32031,Washoe County,Nevada,2011,20,275,4503,58,3166,86168,424000,21200,7310,98246,23.17
33003,Carroll County,New Hampshire,2011,11,76,1487,17,574,13774,47676,4334,2804,8360,17.54
33005,Cheshire County,New Hampshire,2011,8,68,1036,21,1439,23750,76927,9615,3663,36991,48.09
33007,Coos County,New Hampshire,2011,8,60,1025,10,277,4801,32507,4063,3250,2955,9.09
33009,Grafton County,New Hampshire,2011,13,124,2026,33,1578,31761,89268,6866,2705,35376,39.63
34001,Atlantic County,New Jersey,2011,33,251,4047,91,2230,55447,274606,8321,3017,56614,20.62
34003,Bergen County,New Jersey,2011,59,320,5146,258,10606,283317,912033,15458,3535,226814,24.87
34007,Camden County,New Jersey,2011,56,456,6630,168,4087,96789,512726,9155,3051,108749,21.21
34011,Cumberland County,New Jersey,2011,19,138,2073,41,864,21002,157045,8265,3830,28904,18.4
34013,Essex County,New Jersey,2011,74,480,8926,364,5914,149861,785531,10615,2158,91236,11.61
34015,Gloucester County,New Jersey,2011,29,297,3891,45,2211,51504,289478,9982,6432,79485,27.46
34017,Hudson County,New Jersey,2011,73,401,5846,245,3502,89301,645600,8843,2635,89082,13.8
34021,Mercer County,New Jersey,2011,36,312,4131,102,3688,89550,367384,10205,3601,102262,27.84
34023,Middlesex County,New Jersey,2011,61,472,6858,215,5888,144998,815082,13362,3791,147482,18.09
34025,Monmouth County,New Jersey,2011,40,296,4467,151,6808,169092,629102,15727,4166,162028,25.76
34027,Morris County,New Jersey,2011,16,139,2269,99,5246,136299,494809,30925,4998,145642,29.43
34029,Ocean County,New Jersey,2011,38,362,6076,104,5365,127803,578849,15232,5565,135717,23.45
34031,Passaic County,New Jersey,2011,49,408,7614,235,4529,105437,503282,10271,2141,74049,14.71
34033,Salem County,New Jersey,2011,8,52,845,14,439,10395,65866,8233,4704,14145,21.48
34035,Somerset County,New Jersey,2011,16,77,1208,64,3878,94495,326153,20384,5096,105366,32.31
34037,Sussex County,New Jersey,2011,7,67,919,28,1702,38821,148122,21160,5290,63982,43.2
34039,Union County,New Jersey,2011,45,409,7063,167,4537,112741,540024,12000,3233,99123,18.36
34041,Warren County,New Jersey,2011,5,68,914,29,1455,32617,108138,21627,3728,57859,53.5
35005,Chaves County,New Mexico,2011,10,88,1313,7,436,7468,65739,6573,9391,16244,24.71
35007,Colfax County,New Mexico,2011,3,18,278,4,100,2048,13627,4542,3406,-2448,-17.96
35009,Curry County,New Mexico,2011,9,76,1292,3,271,3587,49806,5534,16602,8653,17.37
35013,Doña Ana County,New Mexico,2011,26,212,2823,27,836,17032,213127,8197,7893,44580,20.92
35025,Lea County,New Mexico,2011,10,105,1630,7,458,9017,65130,6513,9304,16250,24.95
35031,McKinley County,New Mexico,2011,14,162,3075,13,526,11389,72328,5166,5563,11380,15.73
35035,Otero County,New Mexico,2011,10,65,1031,6,173,3584,65644,6564,10940,9665,14.72
35045,San Juan County,New Mexico,2011,18,152,2660,10,705,14532,129694,7205,12969,26695,20.58
35049,Santa Fe County,New Mexico,2011,10,86,1992,23,1698,40766,145837,14583,6340,45890,31.47
36005,Bronx County,New York,2011,197,1131,18000,1115,6450,122642,1397366,7093,1253,31230,2.23
36009,Cattaraugus County,New York,2011,13,115,1566,22,662,10837,79819,6139,3628,21340,26.74
36011,Cayuga County,New York,2011,8,69,1126,14,718,12549,79693,9961,5692,23556,29.56
36013,Chautauqua County,New York,2011,24,219,3007,29,1214,21333,134198,5591,4627,44122,32.88
36015,Chemung County,New York,2011,16,127,1923,13,770,14153,88893,5555,6837,25830,29.06
36017,Chenango County,New York,2011,12,82,1206,12,386,5677,50183,4181,4181,10984,21.89
36019,Clinton County,New York,2011,14,98,1509,21,570,11987,81716,5836,3891,17220,21.07
36021,Columbia County,New York,2011,10,117,1815,19,707,13335,62512,6251,3290,17943,28.7
36023,Cortland County,New York,2011,8,66,957,8,428,7425,49378,6172,6172,12924,26.17
36025,Delaware County,New York,2011,10,56,901,13,455,8417,47578,4757,3659,9807,20.61
36027,Dutchess County,New York,2011,27,239,3722,86,2988,72542,298118,11041,3466,75182,25.22
36029,Erie County,New York,2011,126,1131,16722,247,11334,192263,919747,7299,3723,317730,34.55
36031,Essex County,New York,2011,8,58,692,21,390,7121,39256,4907,1869,7634,19.45
36033,Franklin County,New York,2011,8,56,917,12,329,5349,51541,6442,4295,8745,16.97
36037,Genesee County,New York,2011,6,44,658,7,325,5945,59886,9981,8555,15885,26.53
36039,Greene County,New York,2011,8,52,806,14,399,7821,48850,6106,3489,9519,19.49
36043,Herkimer County,New York,2011,7,78,1074,12,267,5092,64373,9196,5364,14623,22.72
36045,Jefferson County,New York,2011,24,168,2748,25,745,13881,117769,4907,4710,26689,22.66
36047,Kings County,New York,2011,414,2003,34318,2117,12541,254598,2540822,6137,1200,71005,2.79
36053,Madison County,New York,2011,12,102,1676,14,641,10130,72879,6073,5205,18023,24.73
36055,Monroe County,New York,2011,62,661,9470,185,12209,206630,746711,12043,4036,293829,39.35
36059,Nassau County,New York,2011,109,658,10031,557,12207,316761,1346176,12350,2416,230421,17.12
36061,New York County,New York,2011,153,1080,21852,1333,17468,444055,1608215,10511,1206,112948,7.02
36063,Niagara County,New York,2011,30,303,4998,32,1802,31494,215709,7190,6740,57694,26.75
36065,Oneida County,New York,2011,32,315,4253,55,1664,33112,234203,7318,4258,62094,26.51
36067,Onondaga County,New York,2011,49,449,6431,125,6703,115213,467571,9542,3740,170505,36.47
36069,Ontario County,New York,2011,12,139,1801,18,1439,25454,108581,9048,6032,45699,42.09
36075,Oswego County,New York,2011,16,131,1853,23,807,15757,121967,7622,5302,29697,24.35
36079,Putnam County,New York,2011,3,32,411,33,892,19181,99816,33272,3024,65074,65.19
36081,Queens County,New York,2011,309,1305,23867,1410,13388,313510,2255559,7299,1599,167166,7.41
36083,Rensselaer County,New York,2011,14,131,1877,37,1446,28673,159572,11398,4312,44736,28.03
36085,Richmond County,New York,2011,38,283,4188,212,3706,86295,471001,12394,2221,72582,15.41
36087,Rockland County,New York,2011,24,135,2428,93,2377,61607,315439,13143,3391,56181,17.81
36093,Schenectady County,New York,2011,16,180,2936,40,1235,31130,154856,9678,3871,35207,22.74
36101,Steuben County,New York,2011,13,92,1378,20,1027,18424,99145,7626,4957,30083,30.34
36103,Suffolk County,New York,2011,90,733,11149,522,14981,371722,1498838,16653,2871,290907,19.41
36105,Sullivan County,New York,2011,14,95,1370,32,694,13749,77047,5503,2407,17244,22.38
36107,Tioga County,New York,2011,7,43,625,11,338,6027,50872,7267,4624,10774,21.18
36109,Tompkins County,New York,2011,5,46,704,20,1293,24262,101801,20360,5090,52385,51.46
36111,Ulster County,New York,2011,17,171,2759,47,1927,39509,182430,10731,3881,51175,28.05
36117,Wayne County,New York,2011,19,120,1826,11,758,13539,93246,4907,8476,27354,29.34
36119,Westchester County,New York,2011,58,272,4605,467,10609,253762,956265,16487,2047,168273,17.6
37001,Alamance County,North Carolina,2011,27,237,3544,24,907,14764,152696,5655,6362,39177,25.66
37003,Alexander County,North Carolina,2011,6,38,542,4,144,1925,37028,6171,9257,5442,14.7
37007,Anson County,North Carolina,2011,5,36,512,6,118,1669,26508,5301,4418,1636,6.17
37011,Avery County,North Carolina,2011,5,32,478,5,209,3517,17728,3545,3545,-103,-0.58
37013,Beaufort County,North Carolina,2011,9,71,1042,11,414,6566,47655,5295,4332,10998,23.08
37017,Bladen County,North Carolina,2011,10,72,986,8,179,2667,34892,3489,4361,5069,14.53
37019,Brunswick County,North Carolina,2011,23,156,2537,18,855,15124,110167,4789,6120,29805,27.05
37025,Cabarrus County,North Carolina,2011,22,176,3050,28,1076,17545,181134,8233,6469,35626,19.67
37027,Caldwell County,North Carolina,2011,19,192,2535,14,529,7898,82440,4338,5888,26777,32.48
37031,Carteret County,North Carolina,2011,13,115,1666,15,587,10326,67405,5185,4493,18547,27.52
37035,Catawba County,North Carolina,2011,32,281,3876,27,1048,16318,154484,4827,5721,49324,31.93
37037,Chatham County,North Carolina,2011,11,100,1208,12,440,7571,64102,5827,5341,18126,28.28
37039,Cherokee County,North Carolina,2011,10,67,1062,5,212,3488,27173,2717,5434,3096,11.39
37047,Columbus County,North Carolina,2011,18,137,2036,12,366,5642,57683,3204,4806,15462,26.81
37049,Craven County,North Carolina,2011,20,138,2152,16,611,9440,104829,5241,6551,24277,23.16
37051,Cumberland County,North Carolina,2011,48,593,7740,50,1601,28252,330468,6884,6609,91033,27.55
37053,Currituck County,North Carolina,2011,4,33,415,8,211,5486,23903,5975,2987,4017,16.81
37063,Durham County,North Carolina,2011,29,395,5437,50,2072,40356,276543,9535,5530,75762,27.4
37065,Edgecombe County,North Carolina,2011,13,117,1510,10,277,4294,56052,4311,5605,13919,24.83
37067,Forsyth County,North Carolina,2011,53,570,7824,69,2549,43456,354514,6688,5137,104379,29.44
37069,Franklin County,North Carolina,2011,10,70,1001,10,296,5059,60927,6092,6092,11604,19.05
37071,Gaston County,North Carolina,2011,38,309,4699,32,1349,22756,206861,5443,6464,56955,27.53
37081,Guilford County,North Carolina,2011,59,663,8527,103,3434,59681,494891,8387,4804,133310,26.94
37083,Halifax County,North Carolina,2011,17,185,2385,21,366,5849,54110,3182,2576,17660,32.64
37091,Hertford County,North Carolina,2011,10,97,1384,7,238,3405,24712,2471,3530,4866,19.69
37093,Hoke County,North Carolina,2011,6,46,693,6,156,2531,49463,8243,8243,9118,18.43
37097,Iredell County,North Carolina,2011,25,243,3491,31,1136,19315,161018,6440,5194,43662,27.12
37101,Johnston County,North Carolina,2011,24,206,3026,33,1091,18062,172440,7185,5225,40767,23.64
37105,Lee County,North Carolina,2011,12,135,1470,13,505,7269,58539,4878,4503,22251,38.01
37107,Lenoir County,North Carolina,2011,17,154,2205,17,504,9074,59409,3494,3494,18098,30.46
37109,Lincoln County,North Carolina,2011,15,123,1899,15,536,9448,78259,5217,5217,18240,23.31
37111,McDowell County,North Carolina,2011,10,77,1070,11,361,5630,45051,4505,4095,10125,22.47
37113,Macon County,North Carolina,2011,5,47,669,8,343,7329,33884,6776,4235,9131,26.95
37125,Moore County,North Carolina,2011,16,129,1846,16,781,12695,89247,5577,5577,26627,29.84
37127,Nash County,North Carolina,2011,26,249,3424,21,751,12245,95736,3682,4558,35721,37.31
37129,New Hanover County,North Carolina,2011,26,364,5417,40,1900,31650,205954,7921,5148,62742,30.46
37135,Orange County,North Carolina,2011,9,92,1135,20,1320,26012,134815,14979,6740,50130,37.18
37141,Pender County,North Carolina,2011,11,70,963,8,381,6971,53171,4833,6646,12799,24.07
37145,Person County,North Carolina,2011,8,87,1146,6,200,3340,39520,4940,6586,8228,20.82
37147,Pitt County,North Carolina,2011,36,309,4264,26,1127,17500,170761,4743,6567,55869,32.72
37151,Randolph County,North Carolina,2011,20,176,2563,23,576,8558,141852,7092,6167,28174,19.86
37153,Richmond County,North Carolina,2011,13,122,1635,10,275,3932,46647,3588,4664,11951,25.62
37155,Robeson County,North Carolina,2011,30,294,3987,28,810,11722,135176,4505,4827,42868,31.71
37157,Rockingham County,North Carolina,2011,23,185,2563,22,433,6429,93276,4055,4239,23999,25.73
37159,Rowan County,North Carolina,2011,27,226,3348,21,777,13152,137836,5105,6563,36265,26.31
37163,Sampson County,North Carolina,2011,15,176,3248,12,426,6904,63514,4234,5292,9398,14.8
37165,Scotland County,North Carolina,2011,12,91,1417,8,204,3154,36272,3022,4534,5228,14.41
37171,Surry County,North Carolina,2011,22,231,3251,17,526,7513,73487,3340,4322,26068,35.47
37173,Swain County,North Carolina,2011,7,36,552,4,140,2287,14011,2001,3502,-2578,-18.4
37179,Union County,North Carolina,2011,21,201,2902,26,1273,21850,204877,9756,7879,49293,24.06
37183,Wake County,North Carolina,2011,67,743,10885,173,8677,156964,928729,13861,5368,230941,24.87
37189,Watauga County,North Carolina,2011,11,198,3302,10,501,7825,51617,4692,5161,12541,24.3
37191,Wayne County,North Carolina,2011,26,259,3589,24,627,11053,124040,4770,5168,34543,27.85
37193,Wilkes County,North Carolina,2011,10,123,1593,14,380,5121,68944,6894,4924,17600,25.53
37195,Wilson County,North Carolina,2011,20,180,2489,20,491,8506,81135,4056,4056,22831,28.14
37197,Yadkin County,North Carolina,2011,8,48,721,10,209,3222,38340,4792,3834,4185,10.92
38003,Barnes County,North Dakota,2011,3,39,601,4,138,1726,11111,3703,2777,-2920,-26.28
38003,Skamania County,Washington,2011,3,39,601,4,138,1726,11111,3703,2777,-2920,-26.28
38015,Burleigh County,North Dakota,2011,5,62,847,7,675,11001,83283,16656,11897,37057,44.5
38059,Morton County,North Dakota,2011,4,17,147,6,194,2766,27717,6929,4619,6060,21.86
38079,Rolette County,North Dakota,2011,4,47,640,5,156,2429,14193,3548,2838,-1026,-7.23
38099,Walsh County,North Dakota,2011,3,41,529,6,140,2190,11022,3674,1837,-2204,-20.0
38101,Ward County,North Dakota,2011,3,52,697,10,435,7993,64198,21399,6419,38589,60.11
39001,Adams County,Ohio,2011,10,57,973,3,110,1456,28473,2847,9491,782,2.75
39003,Allen County,Ohio,2011,21,214,3364,16,573,10489,105976,5046,6623,24981,23.57
39005,Ashland County,Ohio,2011,9,52,809,12,392,6141,53247,5916,4437,10428,19.58
39007,Ashtabula County,Ohio,2011,23,167,2410,18,484,9242,101070,4394,5615,24992,24.73
39009,Athens County,Ohio,2011,12,86,1628,14,450,9062,65070,5422,4647,10022,15.4
39015,Brown County,Ohio,2011,12,94,1619,6,378,7868,44627,3718,7437,9002,20.17
39017,Butler County,Ohio,2011,37,270,4536,51,2515,55343,370086,10002,7256,78497,21.21
39019,Carroll County,Ohio,2011,7,90,1461,5,100,1453,28820,4117,5764,652,2.26
39021,Champaign County,Ohio,2011,6,50,686,10,226,3971,39819,6636,3981,7194,18.07
39023,Clark County,Ohio,2011,20,149,2242,23,775,16796,137793,6889,5991,30291,21.98
39027,Clinton County,Ohio,2011,9,74,1132,9,392,8148,41894,4654,4654,9326,22.26
39029,Columbiana County,Ohio,2011,19,155,2253,18,568,9349,107408,5653,5967,24982,23.26
39031,Coshocton County,Ohio,2011,5,50,728,6,240,3525,36926,7385,6154,8630,23.37
39035,Cuyahoga County,Ohio,2011,151,1232,19417,312,8769,191192,1270224,8412,4071,260105,20.48
39039,Defiance County,Ohio,2011,7,65,858,5,215,4416,39003,5571,7800,8111,20.8
39043,Erie County,Ohio,2011,12,125,1881,12,314,6653,76685,6390,6390,14562,18.99
39047,Fayette County,Ohio,2011,5,34,433,9,211,4544,28865,5773,3207,4263,14.77
39051,Fulton County,Ohio,2011,8,60,990,5,264,4906,42360,5295,8472,6916,16.33
39059,Guernsey County,Ohio,2011,11,86,1235,11,220,3622,39902,3627,3627,6196,15.53
39061,Hamilton County,Ohio,2011,85,827,12109,164,6790,154345,800567,9418,4881,204082,25.49
39063,Hancock County,Ohio,2011,5,61,768,10,357,7272,74904,14980,7490,26961,35.99
39071,Highland County,Ohio,2011,9,67,966,8,224,4906,43367,4818,5420,6960,16.05
39075,Holmes County,Ohio,2011,7,33,379,14,390,5734,42789,6112,3056,9658,22.57
39079,Jackson County,Ohio,2011,7,56,925,9,247,4686,33127,4732,3680,3385,10.22
39081,Jefferson County,Ohio,2011,14,128,2020,19,625,10170,69025,4930,3632,17091,24.76
39083,Knox County,Ohio,2011,10,86,1243,11,346,6400,61279,6127,5570,12814,20.91
39085,Lake County,Ohio,2011,25,266,3748,32,1754,37869,229965,9198,7186,63494,27.61
39087,Lawrence County,Ohio,2011,9,70,1016,12,355,5582,62409,6934,5200,12875,20.63
39089,Licking County,Ohio,2011,18,177,2621,21,1159,25139,167153,9286,7959,42989,25.72
39091,Logan County,Ohio,2011,9,101,1384,13,266,4974,45622,5069,3509,8914,19.54
39093,Lorain County,Ohio,2011,39,363,5269,56,1881,38128,301839,7739,5389,71347,23.64
39099,Mahoning County,Ohio,2011,41,317,4885,54,1811,31586,237330,5788,4395,63603,26.8
39103,Medina County,Ohio,2011,16,124,2049,19,1858,30434,173483,10842,9130,55508,32.0
39107,Mercer County,Ohio,2011,5,48,663,7,242,3668,40708,8141,5815,10286,25.27
39109,Miami County,Ohio,2011,15,117,1730,9,497,10474,102717,6847,11413,23105,22.49
39113,Montgomery County,Ohio,2011,75,665,10445,73,3593,83179,534484,7126,7321,134531,25.17
39119,Muskingum County,Ohio,2011,15,110,1813,18,500,9534,86236,5749,4790,16118,18.69
39121,Noble County,Ohio,2011,3,21,356,5,77,1144,14751,4917,2950,-2775,-18.81
39129,Pickaway County,Ohio,2011,8,70,915,9,297,6203,55939,6992,6215,12863,22.99
39133,Portage County,Ohio,2011,20,166,2185,17,858,18034,161857,8092,9521,40212,24.84
39139,Richland County,Ohio,2011,17,161,2674,25,762,16487,123128,7242,4925,24652,20.02
39141,Ross County,Ohio,2011,11,112,1700,11,431,8685,77573,7052,7052,17201,22.17
39143,Sandusky County,Ohio,2011,11,91,1288,10,374,7558,60603,5509,6060,13848,22.85
39145,Scioto County,Ohio,2011,17,128,2164,12,462,9747,79240,4661,6603,16088,20.3
39149,Shelby County,Ohio,2011,5,42,548,9,323,7171,49216,9843,5468,15007,30.49
39151,Stark County,Ohio,2011,52,511,7354,63,2855,59341,374475,7201,5944,106123,28.34
39153,Summit County,Ohio,2011,58,586,8834,86,4901,103201,541266,9332,6293,150273,27.76
39155,Trumbull County,Ohio,2011,42,360,5673,45,1543,27015,208814,4971,4640,59019,28.26
39157,Tuscarawas County,Ohio,2011,19,163,2578,16,753,12748,92484,4867,5780,25567,27.64
39159,Union County,Ohio,2011,6,58,774,5,164,4009,53045,8840,10609,12226,23.05
39165,Warren County,Ohio,2011,14,105,2138,24,1772,39118,215336,15381,8972,54622,25.37
39167,Washington County,Ohio,2011,14,93,1763,13,513,9987,61593,4399,4737,11241,18.25
39169,Wayne County,Ohio,2011,18,175,2514,23,852,12196,114637,6368,4984,31042,27.08
39173,Wood County,Ohio,2011,23,334,4738,21,715,14799,127106,5526,6052,37429,29.45
40013,Bryan County,Oklahoma,2011,12,86,1219,5,137,2066,43137,3594,8627,7131,16.53
40019,Carter County,Oklahoma,2011,17,153,2486,8,192,3493,48054,2826,6006,9064,18.86
40027,Cleveland County,Oklahoma,2011,26,225,3625,44,1577,31387,262088,10080,5956,52345,19.97
40031,Comanche County,Oklahoma,2011,21,193,3007,10,245,4378,126096,6004,12609,21629,17.15
40037,Creek County,Oklahoma,2011,13,109,1994,7,299,4831,70601,5430,10085,9989,14.15
40041,Delaware County,Oklahoma,2011,7,20,393,4,81,1182,41617,5945,10404,2715,6.52
40051,Grady County,Oklahoma,2011,8,81,1233,5,135,2296,52748,6593,10549,8171,15.49
40079,Le Flore County,Oklahoma,2011,17,140,2096,7,207,3279,50361,2962,7194,11949,23.73
40089,McCurtain County,Oklahoma,2011,6,40,645,6,177,4002,33308,5551,5551,3527,10.59
40101,Muskogee County,Oklahoma,2011,18,146,2186,12,334,6010,70756,3930,5896,16278,23.01
40109,Oklahoma County,Oklahoma,2011,104,834,13085,180,4365,98786,731010,7028,4061,151481,20.72
40111,Okmulgee County,Oklahoma,2011,8,60,960,9,151,2712,39783,4972,4420,3177,7.99
40121,Pittsburg County,Oklahoma,2011,10,125,1537,5,138,2576,45696,4569,9139,11378,24.9
40123,Pontotoc County,Oklahoma,2011,8,62,828,5,82,1574,37760,4720,7552,4296,11.38
40137,Stephens County,Oklahoma,2011,10,76,1234,8,175,2988,45117,4511,5639,4869,10.79
40143,Tulsa County,Oklahoma,2011,79,812,12140,81,4319,84024,609392,7713,7523,162167,26.61
41001,Baker County,Oregon,2011,3,40,603,7,186,4168,16058,5352,2294,756,4.71
41003,Benton County,Oregon,2011,5,32,492,14,900,18900,86260,17252,6161,39224,45.47
41029,Jackson County,Oregon,2011,13,232,3632,37,1658,43384,204738,15749,5533,56502,27.6
41035,Klamath County,Oregon,2011,4,92,1618,15,405,10250,66294,16573,4419,24997,37.71
41039,Lane County,Oregon,2011,18,262,3902,57,2830,68572,354005,19666,6210,91088,25.73
41041,Lincoln County,Oregon,2011,5,37,595,16,516,11404,45868,9173,2866,14246,31.06
41043,Linn County,Oregon,2011,7,105,2073,21,716,14821,118155,16879,5626,30508,25.82
41051,Multnomah County,Oregon,2011,30,442,6271,134,5620,141046,749699,24989,5594,159010,21.21
42001,Adams County,Pennsylvania,2011,8,62,827,12,658,10826,101457,12682,8454,30438,30.0
42003,Allegheny County,Pennsylvania,2011,135,1339,19072,210,13408,264135,1228183,9097,5848,397490,32.36
42007,Beaver County,Pennsylvania,2011,23,223,3229,29,1560,20501,170307,7404,5872,52234,30.67
42009,Bedford County,Pennsylvania,2011,10,82,1043,11,379,6678,49610,4961,4510,12759,25.72
42011,Berks County,Pennsylvania,2011,31,258,4086,77,3860,62958,412966,13321,5363,103720,25.12
42013,Blair County,Pennsylvania,2011,26,283,3978,16,1054,22686,126959,4883,7934,46124,36.33
42015,Bradford County,Pennsylvania,2011,12,83,1124,16,446,7067,63106,5258,3944,14506,22.99
42017,Bucks County,Pennsylvania,2011,50,975,15113,99,7200,141524,625908,12518,6322,197966,31.63
42019,Butler County,Pennsylvania,2011,18,212,3273,31,1448,27891,184644,10258,5956,47618,25.79
42021,Cambria County,Pennsylvania,2011,38,297,4666,28,1106,18223,142551,3751,5091,47496,33.32
42025,Carbon County,Pennsylvania,2011,10,71,1133,10,431,7800,65088,6508,6508,13891,21.34
42029,Chester County,Pennsylvania,2011,28,302,4359,69,5294,109472,503425,17979,7296,148214,29.44
42031,Clarion County,Pennsylvania,2011,8,125,1788,14,258,4156,39901,4987,2850,7428,18.62
42033,Clearfield County,Pennsylvania,2011,18,155,2368,15,576,9797,81430,4523,5428,21388,26.27
42037,Columbia County,Pennsylvania,2011,13,108,1495,10,751,11278,67081,5160,6708,23915,35.65
42041,Cumberland County,Pennsylvania,2011,18,218,2422,37,3358,58901,237101,13172,6408,103372,43.6
42043,Dauphin County,Pennsylvania,2011,27,275,4128,48,2785,49136,269218,9971,5608,81511,30.28
42045,Delaware County,Pennsylvania,2011,44,379,5418,108,4810,114481,559228,12709,5178,134892,24.12
42047,Elk County,Pennsylvania,2011,5,32,453,7,214,3017,31795,6359,4542,5390,16.95
42049,Erie County,Pennsylvania,2011,37,321,4984,41,2568,46158,281296,7602,6860,82538,29.34
42051,Fayette County,Pennsylvania,2011,24,209,3343,34,1192,19287,135997,5666,3999,36388,26.76
42059,Greene County,Pennsylvania,2011,9,70,1058,8,518,9922,38363,4262,4795,11530,30.06
42061,Huntingdon County,Pennsylvania,2011,10,72,967,6,310,5312,46006,4600,7667,10810,23.5
42063,Indiana County,Pennsylvania,2011,12,121,1674,9,532,9124,88619,7384,9846,23606,26.64
42065,Jefferson County,Pennsylvania,2011,11,63,802,11,372,6020,44914,4083,4083,10804,24.05
42069,Lackawanna County,Pennsylvania,2011,32,241,3871,43,2688,47616,214369,6699,4985,75088,35.03
42071,Lancaster County,Pennsylvania,2011,47,768,13908,113,7532,115924,523906,11146,4636,167850,32.04
42073,Lawrence County,Pennsylvania,2011,17,191,2741,9,558,11199,90499,5323,10055,26166,28.91
42077,Lehigh County,Pennsylvania,2011,25,315,4410,80,4119,74206,353415,14136,4417,112127,31.73
42079,Luzerne County,Pennsylvania,2011,46,425,6657,58,3637,54903,320960,6977,5533,108675,33.86
42083,McKean County,Pennsylvania,2011,8,78,1096,11,337,6315,43128,5391,3920,9421,21.84
42085,Mercer County,Pennsylvania,2011,22,211,3047,18,782,14020,116147,5279,6452,33420,28.77
42089,Monroe County,Pennsylvania,2011,14,152,2319,23,1666,30908,169877,12134,7385,53588,31.55
42091,Montgomery County,Pennsylvania,2011,48,452,6089,135,9200,201974,805240,16775,5964,238492,29.62
42097,Northumberland County,Pennsylvania,2011,13,100,1395,19,793,10240,94395,7261,4968,26137,27.69
42101,Philadelphia County,Pennsylvania,2011,208,1446,21513,550,9553,234654,1540322,7405,2800,281923,18.3
42107,Schuylkill County,Pennsylvania,2011,21,159,2741,35,1396,20635,147519,7024,4214,37346,25.32
42109,Snyder County,Pennsylvania,2011,8,91,1118,13,480,7109,39777,4972,3059,13434,33.77
42115,Susquehanna County,Pennsylvania,2011,7,51,754,12,289,4698,43225,6175,3602,7375,17.06
42117,Tioga County,Pennsylvania,2011,9,92,1507,9,292,4522,42234,4692,4692,6474,15.33
42121,Venango County,Pennsylvania,2011,9,88,1331,16,377,5785,54682,6075,3417,10431,19.08
42123,Warren County,Pennsylvania,2011,7,58,835,8,269,4638,41501,5928,5187,7997,19.27
42125,Washington County,Pennsylvania,2011,21,172,2531,32,1476,25058,208027,9906,6500,50772,24.41
42127,Wayne County,Pennsylvania,2011,9,58,799,15,617,10281,52725,5858,3515,15571,29.53
42129,Westmoreland County,Pennsylvania,2011,54,506,7021,49,2636,50288,364510,6750,7438,109242,29.97
42133,York County,Pennsylvania,2011,41,420,5868,64,4130,70369,436643,10649,6822,128540,29.44
44001,Bristol County,Rhode Island,2011,6,62,1247,6,358,8003,49227,8204,8204,9898,20.11
44003,Kent County,Rhode Island,2011,20,261,4802,24,1605,36600,165261,8263,6885,42327,25.61
44005,Newport County,Rhode Island,2011,7,82,1458,10,652,15498,83199,11885,8319,24834,29.85
44007,Providence County,Rhode Island,2011,56,652,12236,129,5058,113564,629324,11237,4878,116546,18.52
44009,Washington County,Rhode Island,2011,16,191,3826,32,1618,34700,126525,7907,3953,33432,26.42
45003,Aiken County,South Carolina,2011,31,316,4575,29,1224,23156,161566,5211,5571,51068,31.61
45007,Anderson County,South Carolina,2011,40,318,5300,28,1586,27131,188153,4703,6719,58020,30.84
45009,Bamberg County,South Carolina,2011,9,69,1134,5,97,1885,15817,1757,3163,-2627,-16.61
45011,Barnwell County,South Carolina,2011,6,47,662,4,197,2678,22455,3742,5613,2093,9.32
45013,Beaufort County,South Carolina,2011,19,227,3325,33,1635,34889,164029,8633,4970,51123,31.17
45015,Berkeley County,South Carolina,2011,24,201,3281,19,933,16785,183692,7653,9668,38085,20.73
45019,Charleston County,South Carolina,2011,52,452,7090,98,3976,81092,357315,6871,3646,110686,30.98
45025,Chesterfield County,South Carolina,2011,13,94,1360,12,337,4716,46503,3577,3875,10279,22.1
45027,Clarendon County,South Carolina,2011,11,72,1084,4,316,3481,34684,3153,8671,8110,23.38
45029,Colleton County,South Carolina,2011,8,77,1066,11,295,5149,38454,4806,3495,7525,19.57
45031,Darlington County,South Carolina,2011,18,170,2336,13,575,8248,68162,3786,5243,23877,35.03
45033,Dillon County,South Carolina,2011,9,81,1063,8,191,2942,31747,3527,3968,5377,16.94
45035,Dorchester County,South Carolina,2011,18,179,2595,17,1041,18919,140167,7787,8245,39313,28.05
45041,Florence County,South Carolina,2011,34,343,5152,41,1094,18868,137628,4047,3356,44150,32.08
45045,Greenville County,South Carolina,2011,80,643,9960,86,4187,79107,458817,5735,5335,146705,31.97
45051,Horry County,South Carolina,2011,77,647,9926,55,2310,45394,275375,3576,5006,109768,39.86
45053,Jasper County,South Carolina,2011,5,42,625,6,181,3832,25278,5055,4213,2335,9.24
45055,Kershaw County,South Carolina,2011,13,114,1695,7,358,4858,62120,4778,8874,14532,23.39
45057,Lancaster County,South Carolina,2011,11,83,1305,22,496,8615,77846,7076,3538,14468,18.59
45061,Lee County,South Carolina,2011,4,29,415,5,99,1370,18872,4718,3774,-855,-4.53
45063,Lexington County,South Carolina,2011,55,431,6353,42,2042,36240,266311,4842,6340,88490,33.23
45067,Marion County,South Carolina,2011,9,72,977,10,212,3682,32780,3642,3278,4704,14.35
45069,Marlboro County,South Carolina,2011,8,54,855,7,229,3489,28549,3568,4078,2583,9.05
45073,Oconee County,South Carolina,2011,20,143,2281,16,614,10327,74237,3711,4639,20752,27.95
45075,Orangeburg County,South Carolina,2011,34,303,4476,22,755,12050,91685,2696,4167,39411,42.99
45079,Richland County,South Carolina,2011,50,503,8741,53,2774,49014,389202,7784,7343,88148,22.65
45085,Sumter County,South Carolina,2011,27,215,3186,20,943,10967,107298,3974,5364,37459,34.91
45087,Union County,South Carolina,2011,10,72,964,5,151,2310,28665,2866,5733,4309,15.03
45089,Williamsburg County,South Carolina,2011,11,89,1388,8,238,3751,34103,3100,4262,5106,14.97
45091,York County,South Carolina,2011,37,314,4675,40,1568,27007,230063,6217,5751,61318,26.65
46019,Butte County,South Dakota,2011,4,41,969,4,95,1638,10306,2576,2576,-9153,-88.81
46099,Minnehaha County,South Dakota,2011,14,190,3040,21,2430,40852,171433,12245,8163,69494,40.54
46103,Pennington County,South Dakota,2011,9,82,1665,19,703,13420,102387,11376,5388,21837,21.33
46109,Roberts County,South Dakota,2011,4,50,845,4,79,1074,10290,2572,2572,-6173,-59.99
47001,Anderson County,Tennessee,2011,11,120,1743,14,651,11411,75170,6833,5369,21689,28.85
47003,Itasca County,Minnesota,2011,8,78,1282,9,207,3880,45240,5655,5026,5527,12.22
47003,Bedford County,Tennessee,2011,8,78,1282,9,207,3880,45240,5655,5026,5527,12.22
47011,Bradley County,Tennessee,2011,12,115,1642,17,474,9089,99851,8320,5873,21260,21.29
47013,Campbell County,Tennessee,2011,9,60,1126,8,249,3812,40567,4507,5070,3515,8.66
47019,Carter County,Tennessee,2011,10,100,1453,8,294,5077,57369,5736,7171,12086,21.07
47023,Chester County,Tennessee,2011,5,46,700,5,116,1455,17128,3425,3425,-2104,-12.28
47031,Coffee County,Tennessee,2011,14,103,1476,10,249,4688,52916,3779,5291,10751,20.32
47035,Cumberland County,Tennessee,2011,12,98,1696,9,448,8299,56529,4710,6281,11538,20.41
47037,Davidson County,Tennessee,2011,76,1023,17703,130,5043,117559,635827,8366,4890,138939,21.85
47045,Dyer County,Tennessee,2011,12,79,1406,8,166,3101,38110,3175,4763,2420,6.35
47047,Fayette County,Tennessee,2011,8,66,813,5,172,3239,38568,4821,7713,7384,19.15
47049,Fentress County,Tennessee,2011,5,59,736,5,80,1140,17994,3598,3598,-294,-1.63
47051,Franklin County,Tennessee,2011,9,60,900,10,192,3479,40819,4535,4081,4546,11.14
47055,Giles County,Tennessee,2011,10,107,1380,6,104,1800,29322,2932,4887,5332,18.18
47057,Grainger County,Tennessee,2011,8,48,729,4,103,1601,22750,2843,5687,-415,-1.82
47061,Grundy County,Tennessee,2011,8,48,704,5,77,1566,13587,1698,2717,-3221,-23.71
47065,Hamilton County,Tennessee,2011,51,409,6913,64,2438,49014,341098,6688,5329,79622,23.34
47077,Henderson County,Tennessee,2011,9,63,891,4,137,2007,28011,3112,7002,2885,10.3
47093,Knox County,Tennessee,2011,47,494,7381,69,4168,78362,436744,9292,6329,127806,29.26
47115,Marion County,Tennessee,2011,8,56,891,4,118,2123,28096,3512,7024,926,3.3
47117,Marshall County,Tennessee,2011,9,62,1048,6,158,2989,30842,3426,5140,1326,4.3
47119,Maury County,Tennessee,2011,20,139,2087,15,657,13657,81485,4074,5432,24163,29.65
47123,Monroe County,Tennessee,2011,11,82,1138,9,316,6285,44927,4084,4991,10014,22.29
47125,Montgomery County,Tennessee,2011,24,225,3720,17,534,11519,176503,7354,10382,29276,16.59
47133,Overton County,Tennessee,2011,7,61,979,7,109,1842,22156,3165,3165,-1735,-7.83
47143,Rhea County,Tennessee,2011,7,59,792,8,205,3647,32076,4582,4009,4681,14.59
47145,Roane County,Tennessee,2011,10,82,1287,7,389,7021,53926,5392,7703,11983,22.22
47147,Robertson County,Tennessee,2011,10,82,1283,10,317,6992,66702,6670,6670,12265,18.39
47151,Scott County,Tennessee,2011,5,35,579,4,67,849,22102,4420,5525,-1665,-7.53
47155,Sevier County,Tennessee,2011,21,167,2810,22,1144,21276,91101,4338,4140,30996,34.02
47157,Shelby County,Tennessee,2011,135,1449,21098,186,6498,143193,933457,6914,5018,252622,27.06
47163,Sullivan County,Tennessee,2011,22,195,3117,23,1236,21822,156886,7131,6821,41204,26.26
47177,Warren County,Tennessee,2011,13,140,2070,9,237,4043,39903,3069,4433,8837,22.15
47179,Washington County,Tennessee,2011,15,144,2187,22,1123,19260,123862,8257,5630,35585,28.73
48001,Anderson County,Texas,2011,14,89,1444,4,200,3953,58394,4171,14598,9654,16.53
48037,Bowie County,Texas,2011,26,153,2613,12,484,9219,92922,3573,7743,22474,24.19
48039,Brazoria County,Texas,2011,31,280,4190,30,2118,40405,319159,10295,10638,77016,24.13
48041,Brazos County,Texas,2011,16,137,2343,20,1781,32523,197416,12338,9870,55737,28.23
48049,Brown County,Texas,2011,10,88,1626,5,159,3020,37998,3799,7599,1663,4.38
48061,Cameron County,Texas,2011,62,454,6913,43,2561,54757,413291,6665,9611,107261,25.95
48085,Collin County,Texas,2011,48,432,7048,87,6573,138797,813338,16944,9348,181035,22.26
48113,Dallas County,Texas,2011,264,2271,39897,355,17742,371560,2408170,9121,6783,509858,21.17
48121,Denton County,Texas,2011,44,457,6895,49,3268,63865,685709,15584,13994,122378,17.85
48135,Ector County,Texas,2011,21,152,2702,16,1102,18861,139645,6649,8727,34592,24.77
48141,El Paso County,Texas,2011,122,1035,15857,115,4566,80410,820216,6723,7132,197158,24.04
48149,Fayette County,Texas,2011,6,23,458,6,230,4956,24753,4125,4125,564,2.28
48157,Fort Bend County,Texas,2011,39,283,5428,77,4339,91554,606063,15540,7870,114669,18.92
48167,Galveston County,Texas,2011,32,270,4342,43,2189,45386,295576,9236,6873,69947,23.66
48183,Gregg County,Texas,2011,34,284,4158,17,959,21220,122657,3607,7215,46807,38.16
48199,Hardin County,Texas,2011,10,51,965,8,273,5429,55061,5506,6882,7045,12.79
48201,Harris County,Texas,2011,369,3112,54340,722,33310,677660,4179796,11327,5789,838216,20.05
48203,Harrison County,Texas,2011,17,116,1717,11,337,7056,66345,3902,6031,15131,22.81
48213,Henderson County,Texas,2011,19,122,1961,12,372,8309,78792,4146,6566,16244,20.62
48215,Hidalgo County,Texas,2011,120,868,13983,65,5033,104094,795741,6631,12242,206837,25.99
48221,Hood County,Texas,2011,7,51,842,11,353,10804,51558,7365,4687,10313,20.0
48245,Jefferson County,Texas,2011,41,312,5145,41,1817,36280,253456,6181,6181,63885,25.21
48247,Jim Hogg County,Texas,2011,3,22,421,5,88,1016,5291,1763,1058,-9428,-178.19
48249,Jim Wells County,Texas,2011,8,72,908,11,308,6160,41211,5151,3746,9364,22.72
48251,Johnson County,Texas,2011,23,171,2726,17,995,19087,152071,6611,8945,37451,24.63
48257,Kaufman County,Texas,2011,15,118,1903,9,451,10050,105213,7014,11690,20601,19.58
48277,Lamar County,Texas,2011,12,134,1979,7,212,5008,49854,4154,7122,9958,19.97
48279,Lamb County,Texas,2011,5,40,636,6,124,2196,14056,2811,2342,-3890,-27.68
48291,Liberty County,Texas,2011,10,66,1244,15,429,8006,75981,7598,5065,12327,16.22
48323,Maverick County,Texas,2011,20,133,2071,11,473,9749,55292,2764,5026,17727,32.06
48329,Midland County,Texas,2011,13,124,1855,10,1151,19647,140227,10786,14022,42511,30.32
48337,Montague County,Texas,2011,4,20,287,3,72,1309,19755,4938,6585,-742,-3.76
48339,Montgomery County,Texas,2011,40,335,5880,49,3449,77284,471396,11784,9620,102143,21.67
48341,Moore County,Texas,2011,4,41,623,5,128,2012,22076,5519,4415,1308,5.92
48349,Navarro County,Texas,2011,12,148,1882,8,321,7442,48077,4006,6009,15701,32.66
48363,Palo Pinto County,Texas,2011,5,30,416,6,94,1506,28051,5610,4675,1678,5.98
48365,Panola County,Texas,2011,5,20,316,4,182,3070,24008,4801,6002,1608,6.7
48365,Wyoming County,West Virginia,2011,5,20,316,4,182,3070,24008,4801,6002,1608,6.7
48367,Parker County,Texas,2011,9,75,1273,9,452,9378,118318,13146,13146,26082,22.04
48375,Potter County,Texas,2011,21,171,3050,14,1178,20372,122311,5824,8736,34778,28.43
48397,Rockwall County,Texas,2011,3,31,492,7,441,10396,81028,27009,11575,48921,60.38
48401,Rusk County,Texas,2011,9,49,1016,5,191,3863,53697,5966,10739,5101,9.5
48439,Tarrant County,Texas,2011,167,1472,22940,224,12730,250632,1847736,11064,8248,393946,21.32
48441,Taylor County,Texas,2011,19,141,2099,12,1111,19736,132839,6991,11069,39673,29.87
48449,Titus County,Texas,2011,6,53,822,8,169,3518,32454,5409,4056,3063,9.44
48451,Tom Green County,Texas,2011,15,123,1909,14,696,14094,111740,7449,7981,26214,23.46
48453,Travis County,Texas,2011,62,643,10470,133,10670,260275,1061719,17124,7982,270040,25.43
48471,Walker County,Texas,2011,6,31,532,6,307,5963,68407,11401,11401,17477,25.55
48477,Washington County,Texas,2011,4,35,399,5,302,6045,33955,8488,6791,12364,36.41
48479,Webb County,Texas,2011,30,234,3543,38,2133,46834,255981,8532,6736,69093,26.99
48481,Wharton County,Texas,2011,7,40,664,8,485,10278,41289,5898,5161,10853,26.29
48483,Wheeler County,Texas,2011,4,22,319,4,106,1929,5447,1361,1361,-7428,-136.37
48485,Wichita County,Texas,2011,20,216,2889,14,1033,17399,130785,6539,9341,43343,33.14
48497,Wise County,Texas,2011,12,83,1193,9,172,3736,59949,4995,6661,9288,15.49
49007,Carbon County,Utah,2011,4,45,642,5,182,3844,21303,5325,4260,2642,12.4
49011,Davis County,Utah,2011,18,176,2418,21,1554,29671,311838,17324,14849,69592,22.32
49013,Duchesne County,Utah,2011,5,31,632,5,249,4596,18701,3740,3740,-925,-4.95
49027,Millard County,Utah,2011,4,34,468,5,181,2305,12569,3142,2513,-1901,-15.12
49035,Salt Lake County,Utah,2011,63,660,12254,141,8028,168213,1047557,16627,7429,194396,18.56
49049,Utah County,Utah,2011,22,222,3006,48,2887,53302,530658,24120,11055,109943,20.72
49053,Washington County,Utah,2011,11,150,2077,15,851,18604,141245,12840,9416,39745,28.14
49057,Weber County,Utah,2011,19,218,5009,35,1840,36545,233832,12306,6680,40190,17.19
50011,Franklin County,Vermont,2011,7,44,832,16,642,11342,48214,6887,3013,12768,26.48
50015,Lamoille County,Vermont,2011,5,48,757,10,575,7301,24706,4941,2470,8941,36.19
50017,Orange County,Vermont,2011,8,40,556,10,217,3674,29018,3627,2901,2371,8.17
50019,Orleans County,Vermont,2011,7,68,1042,16,396,7240,27191,3884,1699,3972,14.61
50023,Washington County,Vermont,2011,8,87,1229,26,928,19221,59584,7448,2291,22136,37.15
50025,Windham County,Vermont,2011,7,57,948,18,665,13835,44239,6319,2457,12835,29.01
50027,Windsor County,Vermont,2011,9,120,2605,27,621,9858,56605,6289,2096,4253,7.51
51001,Accomack County,Virginia,2011,10,86,1320,11,215,3857,33221,3322,3020,3529,10.62
51013,Arlington County,Virginia,2011,8,32,899,42,1545,45961,215972,26996,5142,62609,28.99
51015,Augusta County,Virginia,2011,14,91,1392,10,269,4154,73638,5259,7363,12691,17.23
51019,Bedford County,Virginia,2011,5,37,495,11,440,7265,75557,15111,6868,27076,35.84
51027,Buchanan County,Virginia,2011,6,70,1093,7,215,3175,23817,3969,3402,1635,6.86
51041,Chesterfield County,Virginia,2011,30,315,4666,40,2396,45043,320279,10675,8006,81410,25.42
51061,Fauquier County,Virginia,2011,6,33,439,14,538,13252,66035,11005,4716,20900,31.65
51079,Greene County,Virginia,2011,3,19,296,3,85,1554,18665,6221,6221,853,4.57
51083,Halifax County,Virginia,2011,8,72,841,9,175,3022,35979,4497,3997,6607,18.36
51085,Hanover County,Virginia,2011,10,106,1251,13,946,17136,99898,9989,7684,36582,36.62
51087,Henrico County,Virginia,2011,33,368,5147,62,3485,69997,310460,9407,5007,103639,33.38
51089,Henry County,Virginia,2011,12,140,2080,13,315,4789,53540,4461,4118,11127,20.78
51125,Nelson County,Virginia,2011,3,16,218,4,87,1218,15018,5006,3754,-1481,-9.86
51139,Page County,Virginia,2011,7,44,600,6,131,2157,23955,3422,3992,591,2.47
51141,Patrick County,Virginia,2011,3,15,203,4,55,665,18333,6111,4583,33,0.18
51153,Prince William County,Virginia,2011,19,181,2967,64,3306,82145,419076,22056,6548,99602,23.77
51155,Pulaski County,Virginia,2011,8,75,1188,7,317,5764,34737,4342,4962,6267,18.04
51165,Rockingham County,Virginia,2011,11,85,1059,10,273,4200,76850,6986,7685,16205,21.09
51167,Russell County,Virginia,2011,6,35,528,4,163,2215,28660,4776,7165,2607,9.1
51169,Scott County,Virginia,2011,8,52,870,6,298,4589,23055,2881,3842,2340,10.15
51171,Shenandoah County,Virginia,2011,9,90,1031,10,200,3432,42263,4695,4226,9582,22.67
51183,Sussex County,Virginia,2011,5,25,350,4,62,1078,12084,2416,3021,-5070,-41.96
51191,Washington County,Virginia,2011,13,120,1689,12,525,8831,54802,4215,4566,16859,30.76
51197,Wythe County,Virginia,2011,8,46,744,5,157,2303,29187,3648,5837,1471,5.04
51199,York County,Virginia,2011,10,124,1529,10,508,10502,65814,6581,6581,21714,32.99
51540,Charlottesville city,Virginia,2011,4,64,1020,20,953,23794,43758,10939,2187,25351,57.93
51590,Danville city,Virginia,2011,14,130,2168,14,379,6496,42642,3045,3045,8137,19.08
51600,Fairfax city,Virginia,2011,4,48,714,16,1455,38777,22463,5615,1403,26733,119.01
51640,Galax city,Virginia,2011,3,54,837,4,168,2832,6846,2282,1711,-4904,-71.63
51640,Lexington city,Virginia,2011,3,54,837,4,168,2832,6846,2282,1711,-4904,-71.63
51660,Harrisonburg city,Virginia,2011,11,117,1856,15,605,11501,49932,4539,3328,13897,27.83
51670,Hopewell city,Virginia,2011,5,56,826,8,223,3311,22498,4499,2812,2009,8.93
51680,Lynchburg city,Virginia,2011,11,110,1606,16,678,12605,76582,6962,4786,21578,28.18
51710,Norfolk city,Virginia,2011,32,317,4597,39,1496,28073,243632,7613,6246,59756,24.53
51740,Portsmouth city,Virginia,2011,18,177,2671,13,559,9835,95726,5318,7363,24013,25.09
51760,Richmond city,Virginia,2011,27,222,3638,57,1613,31934,206325,7641,3619,44877,21.75
51770,Roanoke city,Virginia,2011,17,153,2379,28,872,15625,96776,5692,3456,24960,25.79
51800,Suffolk city,Virginia,2011,8,65,901,14,600,10966,84751,10593,6053,24226,28.58
51810,Virginia Beach city,Virginia,2011,40,449,6187,71,3462,68810,442536,11063,6232,114606,25.9
51820,Dakota County,Nebraska,2011,6,70,1048,8,371,7508,21102,3517,2637,4277,20.27
51820,Waynesboro city,Virginia,2011,6,70,1048,8,371,7508,21102,3517,2637,4277,20.27
53007,Chelan County,Washington,2011,6,74,1510,25,660,15120,73221,12203,2928,18400,25.13
53011,Clark County,Washington,2011,14,207,2950,59,2461,64185,432259,30875,7326,101693,23.53
53015,Cowlitz County,Washington,2011,11,182,3992,14,641,15605,102299,9299,7307,12071,11.8
53025,Grant County,Washington,2011,6,64,1226,22,549,12136,90611,15101,4118,24043,26.53
53027,Grays Harbor County,Washington,2011,9,75,1498,33,649,15868,72357,8039,2192,10825,14.96
53033,King County,Washington,2011,56,667,11398,490,17576,485909,1974084,35251,4028,343098,17.38
53041,Lewis County,Washington,2011,5,86,2158,28,639,15001,75660,15132,2702,16747,22.13
53047,Okanogan County,Washington,2011,4,59,1151,14,338,7626,41330,10332,2952,10250,24.8
53053,Pierce County,Washington,2011,28,454,7119,150,4802,129246,802976,28677,5353,135296,16.85
53061,Snohomish County,Washington,2011,27,290,4250,150,5308,145368,722044,26742,4813,142092,19.68
53063,Spokane County,Washington,2011,19,348,5819,81,3597,95381,473401,24915,5844,106685,22.54
53065,Stevens County,Washington,2011,4,24,307,9,271,6133,43439,10859,4826,14235,32.77
53067,Thurston County,Washington,2011,8,152,2646,48,1769,48901,256321,32040,5340,79297,30.94
53077,Yakima County,Washington,2011,11,149,2181,59,1515,32351,245950,22359,4168,59395,24.15
54005,Boone County,West Virginia,2011,7,82,1286,7,181,3451,24406,3486,3486,1019,4.18
54007,Braxton County,West Virginia,2011,6,36,531,5,113,2215,14533,2422,2906,-3253,-22.38
54011,Cabell County,West Virginia,2011,23,234,3731,17,694,13734,96604,4200,5682,27100,28.05
54019,Fayette County,West Virginia,2011,12,91,1379,12,286,5445,45919,3826,3826,7934,17.28
54025,Greenbrier County,West Virginia,2011,12,137,2097,6,242,5052,35727,2977,5954,7700,21.55
54027,Hampshire County,West Virginia,2011,7,40,619,5,91,1345,23788,3398,4757,-1071,-4.5
54033,Harrison County,West Virginia,2011,17,135,2292,14,453,8253,69306,4076,4950,14081,20.32
54039,Kanawha County,West Virginia,2011,39,322,5380,37,1555,31504,192157,4927,5193,54311,28.26
54045,Logan County,West Virginia,2011,8,62,1001,12,277,5107,36456,4557,3038,4099,11.24
54047,McDowell County,West Virginia,2011,7,62,1105,7,117,2240,21731,3104,3104,-2997,-13.79
54049,Marion County,West Virginia,2011,12,105,1574,9,317,4757,56670,4722,6296,11703,20.65
54051,Marshall County,West Virginia,2011,5,55,782,6,209,4508,32910,6582,5485,6745,20.5
54055,Mercer County,West Virginia,2011,14,140,1939,12,448,8300,62556,4468,5213,17760,28.39
54067,Nicholas County,West Virginia,2011,8,69,1064,5,121,1685,26214,3276,5242,823,3.14
54069,Ohio County,West Virginia,2011,6,41,636,12,396,7635,44221,7370,3685,10456,23.64
54077,Preston County,West Virginia,2011,9,86,1617,5,115,1673,33661,3740,6732,-611,-1.82
54081,Raleigh County,West Virginia,2011,20,186,2985,15,491,10068,79334,3966,5288,19273,24.29
54101,Webster County,West Virginia,2011,3,13,223,4,61,1000,9123,3041,2280,-6629,-72.66
54103,Wetzel County,West Virginia,2011,7,51,682,6,115,2298,16370,2338,2728,-1469,-8.97
54109,Panola County,Texas,2011,7,81,1282,6,158,2760,23455,3350,3909,378,1.61
54109,Wyoming County,West Virginia,2011,7,81,1282,6,158,2760,23455,3350,3909,378,1.61
55005,Barron County,Wisconsin,2011,10,226,4286,9,292,5012,45877,4587,5097,1184,2.58
55021,Hawkins County,Tennessee,2011,5,37,379,7,317,5305,56696,11339,8099,19421,34.25
55021,Columbia County,Wisconsin,2011,5,37,379,7,317,5305,56696,11339,8099,19421,34.25
55025,Dane County,Wisconsin,2011,24,429,7475,77,4268,86378,495948,20664,6440,114666,23.12
55035,Eau Claire County,Wisconsin,2011,7,73,930,15,949,14049,99925,14275,6661,39001,39.03
55043,Grant County,Wisconsin,2011,10,199,3083,12,300,4523,51172,5117,4264,10530,20.58
55045,Jasper County,Iowa,2011,7,112,1865,10,257,4815,36852,5264,3685,4533,12.3
55045,Green County,Wisconsin,2011,7,112,1865,10,257,4815,36852,5264,3685,4533,12.3
55059,Kenosha County,Wisconsin,2011,11,108,1509,27,1437,29892,166824,15165,6178,51709,31.0
55069,Lincoln County,Wisconsin,2011,6,42,558,5,350,5620,28500,4750,5700,7280,25.54
55071,Manitowoc County,Wisconsin,2011,6,172,3219,10,609,10062,81029,13504,8102,23465,28.96
55073,Marathon County,Wisconsin,2011,16,291,5415,29,1228,17683,134323,8395,4631,28360,21.11
55083,Oconto County,Wisconsin,2011,7,66,1296,5,250,3634,37571,5367,7514,3386,9.01
55095,Polk County,Wisconsin,2011,8,43,672,12,377,5985,43950,5493,3662,8143,18.53
55099,Price County,Wisconsin,2011,7,66,1050,4,174,2942,13983,1997,3495,-1728,-12.36
55101,Racine County,Wisconsin,2011,12,238,3542,41,1295,24343,194892,16241,4753,50155,25.73
55105,Rock County,Wisconsin,2011,17,322,5404,25,998,21640,159864,9403,6394,34014,21.28
55111,Sauk County,Wisconsin,2011,11,227,4459,14,509,8085,62241,5658,4445,5593,8.99
55113,Sawyer County,Wisconsin,2011,4,21,368,4,159,2956,16545,4136,4136,-1557,-9.41
55115,Shawano County,Wisconsin,2011,5,38,432,7,168,3055,41664,8332,5952,9846,23.63
55127,Walworth County,Wisconsin,2011,6,46,561,17,665,11187,102638,17106,6037,36147,35.22
55129,Washburn County,Wisconsin,2011,4,34,589,6,232,4093,15842,3960,2640,-916,-5.78
55135,Waupaca County,Wisconsin,2011,10,218,4886,10,498,8099,52281,5228,5228,-2310,-4.42
55137,Waushara County,Wisconsin,2011,5,52,910,7,194,3113,24546,4909,3506,666,2.71
56007,Carbon County,Wyoming,2011,6,45,965,4,124,3569,15833,2638,3958,-5692,-35.95
56013,Fremont County,Wyoming,2011,6,61,1197,8,389,7057,40511,6751,5063,7499,18.51
56021,Laramie County,Wyoming,2011,5,62,837,8,469,11353,92561,18512,11570,36293,39.21
56025,Natrona County,Wyoming,2011,9,87,1592,10,428,10152,76391,8487,7639,14610,19.13
